codigo_barras,codigo_interno,nome_produto,categoria,cor,tamanho,quantidade_atual,preco_custo,preco_venda
BODY001-CIN-G,BODY001,BODY TEXAS FARM POLIAMIDA (FEMININO),BODY,CINZA CHUMBO,G,1,70.20,155.00
BODY001-CIN-M,BODY001,BODY TEXAS FARM POLIAMIDA (FEMININO),BODY,CINZA CHUMBO,M,0,70.20,155.00
BODY001-CIN-P,BODY001,BODY TEXAS FARM POLIAMIDA (FEMININO),BODY,CINZA CHUMBO,P,0,70.20,155.00
BODY002-ROS-M,BODY002,BODY TEXAS FARM POLIAMIDA (FEMININO),BODY,ROSA PINK,M,1,70.20,155.00
BOL001-PEL,BOL001,BOLSA FAZENDA DECOR BUZIOS (FEMINIA),BOLSA,PELO,,2,429.00,799.00
BOL004-PEL,BOL004,BOLSA FAZENDA DECOR CAMBURIU (FEMININA),BOLSA,PELO,,2,499.00,899.00
BOL003-PEL,BOL003,BOLSA FAZENDA DECOR CANOAS (FEMININA),BOLSA,PELO,,0,379.00,699.00
BOL002-PEL,BOL002,BOLSA FAZENDA DECOR CULTCH LUA (FEMININA),BOLSA,PELO,,3,299.00,599.00
BOL11-PEL,BOL11,BOLSA FAZENDA DECOR NECESSAIRE (FEMININA),BOLSA,PELO,,2,150.00,330.00
BOL005-PEL,BOL005,BOLSA FAZENDA DECOR TABACOF (FEMININA),BOLSA,PELO,,2,369.00,599.00
BOL010-PRE,BOL010,BOLSA GOYAZES BOLSA FRANJA (FEMININA),BOLSA,PRETA,,1,488.25,976.00
BOL007-COU,BOL007,BOLSA GOYAZES BRANCA E ROSA (FEMININA),BOLSA,COURO,,1,521.00,1146.00
BOL009-COU,BOL009,BOLSA GOYAZES FERRADURA (FEMININA),BOLSA,COURO,,1,860.00,1160.00
BOL008-COU,BOL008,BOLSA GOYAZES LATERAL MARROM (FEMININA),BOLSA,COURO,,1,510.00,1112.00
BOL006-COU,BOL006,BOLSA GOYAZES PEDRAS TURQUESA (FEMININA),BOLSA,COURO,,0,492.00,1082.20
BN033-CAM,BN033,BONE ACADEMY BONE TRADICIONAL TELA (MASCULINO),BONE,CAMUFLADO,,1,60.00,250.00
BN032-VER,BN032,BONE ARIAT BONE TRADICIONAL (MASCULINO),BONE,VERMELHO,,1,60.00,250.00
BN016-AZU,BN016,BONE ARIAT BONE TRADICIONAL TELA (MASCULINO),BONE,AZUL ROYAL,,0,158.00,347.60
BN014-CIN,BN014,BONE ARIAT BONE TRADICIONAL TELA (MASCULINO),BONE,CINZA/PRETO,,1,158.00,347.60
BN017-MAR,BN017,BONE ARIAT BONE TRADICIONAL TELA (MASCULINO),BONE,MARROM,,1,158.00,347.60
BN015-PRE,BN015,BONE ARIAT BONE TRADICIONAL TELA (MASCULINO),BONE,PRETO,,0,158.00,347.60
BN018-PRE,BN018,BONE ARIAT BONE TRADICIONAL TELA (MASCULINO),BONE,PRETO/BRANCO,,0,158.00,347.60
BN013-VER,BN013,BONE ARIAT BONE TRADICIONAL TELA/ABA RETA (MASCULINO),BONE,VERDE MUSGO /ABA COLORIDA,,1,158.00,347.60
BN039-BRA,BN039,BONE BASS PRO SHOPPS BONE TRADICIONAL TELA (FEMININO),BONE,BRANCO / ROSA,,1,60.00,180.00
BN040-ROS,BN040,BONE BASS PRO SHOPPS BONE TRADICIONAL TELA (FEMININO),BONE,ROSA,,1,60.00,180.00
BN041-ROX,BN041,BONE BASS PRO SHOPPS BONE TRADICIONAL TELA (FEMININO),BONE,ROXO,,1,60.00,180.00
BN036-AZU,BN036,BONE BASS PRO SHOPPS BONE TRADICIONAL TELA (MASCULINO),BONE,AZUL ESCURO,,1,60.00,180.00
BN038-BRA,BN038,BONE BASS PRO SHOPPS BONE TRADICIONAL TELA (MASCULINO),BONE,BRANCO / AMARELO,,1,60.00,180.00
BN037-CAM,BN037,BONE BASS PRO SHOPPS BONE TRADICIONAL TELA (MASCULINO),BONE,CAMUFLADO / PRETO,,0,60.00,180.00
BN031-LAR,BN031,BONE CABELAS BONE TRADICIONAL TELA (MASCULINO),BONE,LARANJA,,1,60.00,250.00
BN035-PRE,BN035,BONE CAVENDERS BONE TRADICIONAL TELA (MASCULINO),BONE,PRETO / BRANCO,,2,60.00,250.00
BN012-MAR,BN012,BONE CINCH BONE TRADICIONAL TELA FECHADO (MASCULINO),BONE,MARROM/CINZA,,1,162.00,356.40
BN011-CIN,BN011,BONE CINCH BONE TRADICIONAL TELA/IMPORTADO (MASCULINO),BONE,CINZA,,1,162.00,356.40
BN019-CIN,BN019,BONE CLASSIC BONE TRADICIONAL TELA (MASCULINO),BONE,CINZA/BEGE,,0,42.00,105.01
BN034-VER,BN034,BONE MAGELLAN BONE TRADICIONAL TELA (MASCULINO),BONE,VERDE / PRETO,,1,60.00,250.00
BN028-AZU,BN028,BONE RICHARDSON BONE TRADICIONAL TELA (MASCULINO),BONE,AZUL / BRANCO,,1,60.00,250.00
BN029-AZU,BN029,BONE RICHARDSON BONE TRADICIONAL TELA (MASCULINO),BONE,AZUL / BRANCO / VERMELHO,,3,60.00,250.00
BN010-JEA,BN010,BONE TEXAS FARM BONE JUVENIL TELA (MASCULINO),BONE,JEANS,,1,59.90,131.78
BN009-AZU,BN009,BONE TEXAS FARM BONE TRADICIONAL FECHADO (MASCULINO),BONE,AZUL MARINHO,,0,59.90,131.78
BN004-CHU,BN004,BONE TEXAS FARM BONE TRADICIONAL FECHADO (MASCULINO),BONE,CHUMBO,,0,59.90,131.78
BN008-CIN,BN008,BONE TEXAS FARM BONE TRADICIONAL FECHADO (MASCULINO),BONE,CINZA/VERDE FLORECENTE,,1,59.90,131.78
BN022-PRE,BN022,BONE TEXAS FARM BONE TRADICIONAL FECHADO (MASCULINO),BONE,PRETO,,1,59.90,131.86
BN005-VER,BN005,BONE TEXAS FARM BONE TRADICIONAL FECHADO (MASCULINO),BONE,VERDE MUSGO,,0,59.90,131.78
BN007-BRA,BN007,BONE TEXAS FARM BONE TRADICIONAL TELA (MASCULINO),BONE,BRANCO/MARINHO,,0,59.90,131.78
BN003-VER,BN003,BONE TEXAS FARM BONE TRADICIONAL TELA (MASCULINO),BONE,VERDE MUSGO,,0,59.90,131.78
BN006-VER,BN006,BONE TEXAS FARM BONE TRADICIONAL TELA (MASCULINO),BONE,VERMELHO BORDO,,0,59.90,131.78
BN023-AZU,BN023,BONE TEXAS FARM BONE TRADIONAL TELA (MASCULINO),BONE,AZUL,,0,29.90,99.90
BN021-AZU,BN021,BONE TOMAHAWK BONE COPA BAIXA (MASCULINO),BONE,AZUL/VERMELHO,,1,60.00,132.01
BN020-CAM,BN020,BONE TOMAHAWK BONE TRADICIONAL TELA (MASCULINO),BONE,CAMUFLADO,,1,60.00,132.01
BN030-MAR,BN030,BONE TSC BONE TRADICIONAL TELA (MASCULINO),BONE,MARROM,,1,60.00,250.00
BN025-AZU,BN025,BONE TXC BONE TRADICIONAL TELA (MASCULINO),BONE,AZUL,,0,29.90,99.90
BN027-MAR,BN027,BONE TXC BONE TRADICIONAL TELA (MASCULINO),BONE,MARROM/BRANCO/FLORECENTE,,0,29.90,99.90
BN024-VER,BN024,BONE TXC BONE TRADICIONAL TELA (MASCULINO),BONE,VERDE,,1,29.90,99.90
BN026-LAR,BN026,BONE TXC BONE TRADIONAL TELA (MASCULINO),BONE,LARANJA/PRETO,,1,29.90,99.90
BN044-CIN,BN044,BONE USA BONE TRADICIONAL TELA (MASCULINO),BONE,CINZA,,3,60.00,180.00
BN002-MAR,BN002,BONE WRANGLER BONE RASO (MASCULINO),BONE,MARROM,,0,0.00,190.00
BN001-VER,BN001,BONE WRANGLER BONE RASO (MASCULINO),BONE,VERMELHO/BEGE/AZUL,,1,0.00,164.78
BN042-CIN,BN042,BONE WRANGLER BONE TRADICIONAL TELA (MASCULINO),BONE,CINZA / VERDE,,2,60.00,180.00
BN043-PRE,BN043,BONE WRANGLER BONE TRADICIONAL TELA (MASCULINO),BONE,PRETO / AZUL,,1,60.00,180.00
BOT004-MAR-40.0,BOT004,BOTA CLASSIC BOTA TENIS (MASCULINO),BOTA,MARROM,40.0,1,265.91,615.90
BOT003-MAR-40.0,BOT003,BOTA CLASSIC BOTA TENIS (MASCULINO),BOTA,MARROM,40.0,1,265.91,615.90
BOT002-MAR-41.0,BOT002,BOTA CLASSIC BOTA TENIS (MASCULINO),BOTA,MARROM,41.0,0,265.91,615.90
BOT005-MAR-41.0,BOT005,BOTA CLASSIC BOTA TENIS (MASCULINO),BOTA,MARROM,41.0,1,265.91,615.90
BOT001-MAR-43.0,BOT001,BOTA CLASSIC BOTA TENIS (MASCULINO),BOTA,MARROM,43.0,0,265.91,615.90
BOT006-MAR-43.0,BOT006,BOTA CLASSIC BOTA TENIS (MASCULINO),BOTA,MARROM,43.0,0,265.91,615.90
BOT032-MAR-34.0,BOT032,BOTA GOYAZES BICO FINO CANO CURTO (FEMININA),BOTA,MARROM,34.0,1,582.00,1280.00
BOT033-MAR-35.0,BOT033,BOTA GOYAZES BICO FINO CANO CURTO (FEMININA),BOTA,MARROM,35.0,1,582.00,1280.00
BOT034-MAR-38.0,BOT034,BOTA GOYAZES BICO FINO CANO CURTO (FEMININA),BOTA,MARROM,38.0,1,582.00,1280.00
BOT035-PRE-34.0,BOT035,BOTA GOYAZES BICO FINO CANO CURTO (FEMININA),BOTA,PRETO,34.0,1,536.00,1179.20
BOT036-PRE-35.0,BOT036,BOTA GOYAZES BICO FINO CANO CURTO (FEMININA),BOTA,PRETO,35.0,1,536.00,1179.20
BOT037-PRE-37.0,BOT037,BOTA GOYAZES BICO FINO CANO CURTO (FEMININA),BOTA,PRETO,37.0,1,536.00,1179.20
BOT013-AZU-35.0,BOT013,BOTA SHERIFF WEST COURO (FEMININO),BOTA,AZUL,35.0,1,299.00,660.00
BOT015-AZU-36.0,BOT015,BOTA SHERIFF WEST COURO (FEMININO),BOTA,AZUL,36.0,2,299.00,660.00
BOT014-AZU-37.0,BOT014,BOTA SHERIFF WEST COURO (FEMININO),BOTA,AZUL,37.0,2,299.00,660.00
BOT016-AZU-38.0,BOT016,BOTA SHERIFF WEST COURO (FEMININO),BOTA,AZUL,38.0,2,299.00,660.00
BOT030-MAR-36.0,BOT030,BOTA SHERIFF WEST COURO (FEMININO),BOTA,MARROM,36.0,1,299.00,660.00
BOT029-MAR-38.0,BOT029,BOTA SHERIFF WEST COURO (FEMININO),BOTA,MARROM,38.0,0,299.00,660.00
BOT027-MAR-39.0,BOT027,BOTA SHERIFF WEST COURO (FEMININO),BOTA,MARROM,39.0,1,299.00,660.00
BOT031-MAR-40.0,BOT031,BOTA SHERIFF WEST COURO (FEMININO),BOTA,MARROM,40.0,1,299.00,660.00
BOT021-VER-34.0,BOT021,BOTA SHERIFF WEST COURO (FEMININO),BOTA,VERDE,34.0,1,299.00,660.00
BOT018-VER-35.0,BOT018,BOTA SHERIFF WEST COURO (FEMININO),BOTA,VERDE,35.0,1,299.00,660.00
BOT017-VER-36.0,BOT017,BOTA SHERIFF WEST COURO (FEMININO),BOTA,VERDE,36.0,1,299.00,660.00
BOT020-VER-37.0,BOT020,BOTA SHERIFF WEST COURO (FEMININO),BOTA,VERDE,37.0,1,299.00,660.00
BOT022-VER-38.0,BOT022,BOTA SHERIFF WEST COURO (FEMININO),BOTA,VERDE,38.0,1,299.00,660.00
BOT019-VER-40.0,BOT019,BOTA SHERIFF WEST COURO (FEMININO),BOTA,VERDE,40.0,1,299.00,660.00
BOT026-VER-36.0,BOT026,BOTA SHERIFF WEST COURO (FEMININO),BOTA,VERMELHO,36.0,1,299.00,660.00
BOT024-VER-37.0,BOT024,BOTA SHERIFF WEST COURO (FEMININO),BOTA,VERMELHO,37.0,1,299.00,660.00
BOT025-VER-39.0,BOT025,BOTA SHERIFF WEST COURO (FEMININO),BOTA,VERMELHO,39.0,1,299.00,660.00
BOT008-PRE-37.0,BOT008,BOTA SHERIFF WEST COURO (MASCULINO),BOTA,PRETO/VERDE,37.0,1,269.00,590.00
BOT007-PRE-38.0,BOT007,BOTA SHERIFF WEST COURO (MASCULINO),BOTA,PRETO/VERDE,38.0,1,269.00,590.00
BOT023-PRE-39.0,BOT023,BOTA SHERIFF WEST COURO (MASCULINO),BOTA,PRETO/VERDE,39.0,1,269.00,590.00
BOT028-PRE-40.0,BOT028,BOTA SHERIFF WEST COURO (MASCULINO),BOTA,PRETO/VERDE,40.0,1,269.00,590.00
BOT009-PRE-41.0,BOT009,BOTA SHERIFF WEST COURO (MASCULINO),BOTA,PRETO/VERDE,41.0,1,269.00,590.00
BOT011-PRE-42.0,BOT011,BOTA SHERIFF WEST COURO (MASCULINO),BOTA,PRETO/VERDE,42.0,1,269.00,590.00
BOT012-PRE-43.0,BOT012,BOTA SHERIFF WEST COURO (MASCULINO),BOTA,PRETO/VERDE,43.0,1,269.00,590.00
BOT010-PRE-44.0,BOT010,BOTA SHERIFF WEST COURO (MASCULINO),BOTA,PRETO/VERDE,44.0,1,269.00,590.00
CAL056-AZU-50.0,CAL056,CALCA ARIAT JEANS (MASCULINO),CALCA,AZUL,50.0,0,468.00,940.00
CAL057-AZU-48.0,CAL057,CALCA CINCH BLACK LABEL 2 JEANS (MASCULINO),CALCA,AZUL,48.0,1,390.00,860.00
CAL073-XXX-46.0,CAL073,CALCA CINCH BLACK LABEL 2 JEANS (MASCULINO),CALCA,,46.0,1,390.00,860.00
CAL054-AZU-50.0,CAL054,CALCA CINCH JEANS (MASCULINO),CALCA,AZUL ESCURO,50.0,0,454.00,910.00
CAL030-AZU-48.0,CAL030,CALCA CINCH SAWYER (MASCULINO),CALCA,AZUL,48.0,1,330.00,726.00
CAL035-AZU-40.0,CAL035,CALCA CINCH SAWYER JEANS (MASCULINO),CALCA,AZUL,40.0,1,310.00,680.00
CAL035-AZU-42.0,CAL035,CALCA CINCH SAWYER JEANS (MASCULINO),CALCA,AZUL,42.0,1,310.00,680.00
CAL035-AZU-44.0,CAL035,CALCA CINCH SAWYER JEANS (MASCULINO),CALCA,AZUL,44.0,0,310.00,680.00
CAL006-AZU-46.0,CAL006,CALCA CINCH SAWYER JEANS (MASCULINO),CALCA,AZUL ESCURO,46.0,1,454.00,998.00
CAL055-AZU-44.0,CAL055,CALCA CINCH SILVER LABEL 2 JEANS (MASCULINO),CALCA,AZUL ESCURO,44.0,1,330.00,725.00
CAL031-AZU-46.0,CAL031,CALCA CINCH SILVER LABEL SLIM (MASCULINO),CALCA,AZUL ESCURA,46.0,1,330.00,726.00
CAL066-AZU-40.0,CAL066,CALCA CLASSIC JEANS (FEMININO),CALCA,AZUL,40.0,0,119.00,260.00
CAL040-AZU-36.0,CAL040,CALCA CLASSIC JEANS (FEMININO),CALCA,AZUL CLARO,36.0,1,119.00,260.00
CAL043-AZU-38.0,CAL043,CALCA CLASSIC JEANS (FEMININO),CALCA,AZUL CLARO,38.0,1,119.00,260.00
CAL061-AZU-38.0,CAL061,CALCA CLASSIC JEANS (FEMININO),CALCA,AZUL CLARO,38.0,1,119.00,260.00
CAL053-AZU-38.0,CAL053,CALCA CLASSIC JEANS (MASCULINO),CALCA,AZUL ESCURO,38.0,1,109.00,240.00
CAL036-AZU-40.0,CAL036,CALCA CLASSIC JEANS (MASCULINO),CALCA,AZUL ESCURO,40.0,1,109.40,240.90
CAL048-AZU-42.0,CAL048,CALCA CLASSIC JEANS (MASCULINO),CALCA,AZUL ESCURO,42.0,1,109.00,240.00
CAL047-AZU-44.0,CAL047,CALCA CLASSIC JEANS (MASCULINO),CALCA,AZUL ESCURO,44.0,1,109.00,240.00
CAL046-AZU-46.0,CAL046,CALCA CLASSIC JEANS (MASCULINO),CALCA,AZUL ESCURO,46.0,1,109.00,240.00
CAL001-AZU-48.0,CAL001,CALCA CLASSIC JEANS (MASCULINO),CALCA,AZUL ESCURO,48.0,1,109.40,270.90
CAL049-AZU-50.0,CAL049,CALCA CLASSIC JEANS (MASCULINO),CALCA,AZUL ESCURO,50.0,1,109.00,240.00
CAL045-AZU-52.0,CAL045,CALCA CLASSIC JEANS (MASCULINO),CALCA,AZUL ESCURO,52.0,1,109.00,240.00
CAL063-AZU-40.0,CAL063,CALCA COUNTRY LAND JEANS (FEMININO),CALCA,AZUL,40.0,1,0.00,249.75
CAL80-JEA-46.0,CAL80,CALCA KA ZOON JEANS (MASCULINO),CALCA,JEANS,46.0,1,90.00,200.00
CAL077-JEA-46.0,CAL077,CALCA KING FARM JEANS (MASCULINO),CALCA,JEANS,46.0,1,100.00,250.00
CCAL002-JEA-40.0,CCAL002,CALCA LEVIS JEANS (FEMININA),CALCA,JEANS,40.0,1,369.99,519.99
CCAL001-JEA-42.0,CCAL001,CALCA LEVIS JEANS (FEMININA),CALCA,JEANS,42.0,0,369.99,519.99
CCAL003-JEA-44.0,CCAL003,CALCA LEVIS JEANS (FEMININA),CALCA,JEANS,44.0,0,369.99,519.99
CCAL004-JEA-40.0,CCAL004,CALCA LEVIS JEANS (MASCULINO),CALCA,JEANS,40.0,1,329.99,479.99
CCAL009-JEA-42.0,CCAL009,CALCA LEVIS JEANS (MASCULINO),CALCA,JEANS,42.0,1,329.99,479.99
CCAL017-JEA-42.0,CCAL017,CALCA LEVIS JEANS (MASCULINO),CALCA,JEANS,42.0,1,349.99,499.99
CCAL015-JEA-44.0,CCAL015,CALCA LEVIS JEANS (MASCULINO),CALCA,JEANS,44.0,1,349.99,499.99
CCAL006-JEA-44.0,CCAL006,CALCA LEVIS JEANS (MASCULINO),CALCA,JEANS,44.0,1,299.99,449.99
CCAL012-JEA-46.0,CCAL012,CALCA LEVIS JEANS (MASCULINO),CALCA,JEANS,46.0,1,439.99,589.99
CCAL007-JEA-46.0,CCAL007,CALCA LEVIS JEANS (MASCULINO),CALCA,JEANS,46.0,2,329.99,479.99
CCAL016-JEA-46.0,CCAL016,CALCA LEVIS JEANS (MASCULINO),CALCA,JEANS,46.0,1,349.99,499.99
CCAL008-JEA-48.0,CCAL008,CALCA LEVIS JEANS (MASCULINO),CALCA,JEANS,48.0,2,329.99,479.99
CCAL011-JEA-48.0,CCAL011,CALCA LEVIS JEANS (MASCULINO),CALCA,JEANS,48.0,1,439.99,589.99
CCAL014-JEA-48.0,CCAL014,CALCA LEVIS JEANS (MASCULINO),CALCA,JEANS,48.0,2,349.99,499.99
CCAL005-JEA-50.0,CCAL005,CALCA LEVIS JEANS (MASCULINO),CALCA,JEANS,50.0,1,299.99,449.99
CCAL010-JEA-50.0,CCAL010,CALCA LEVIS JEANS (MASCULINO),CALCA,JEANS,50.0,0,439.99,589.99
CCAL013-JEA-50.0,CCAL013,CALCA LEVIS JEANS (MASCULINO),CALCA,JEANS,50.0,2,349.99,499.99
CAL039-AZU-34.0,CAL039,CALCA MISS COUNTRY JEANS (FEMININO),CALCA,AZUL,34.0,1,379.00,840.00
CAL037-AZU-50.0,CAL037,CALCA MISS COUNTRY JEANS (FEMININO),CALCA,AZUL,50.0,1,381.00,760.00
CAL042-AZU-34.0,CAL042,CALCA MISS COUNTRY JEANS BASIC (FEMININO),CALCA,AZUL,34.0,1,154.40,340.00
CAL064-AZU-36.0,CAL064,CALCA MISS COUNTRY JEANS BASIC (FEMININO),CALCA,AZUL,36.0,0,154.40,340.00
CAL074-JEA-50.0,CAL074,CALCA MISS COUNTRY JEANS BASIC (FEMININO),CALCA,JEANS ESCURO,50.0,1,154.40,340.00
CAL052-AZU-52.0,CAL052,CALCA MISS COUNTRY JEANS DESERT SOUL (FEMININO),CALCA,AZUL,52.0,1,381.00,840.00
CAL041-AZU-42.0,CAL041,CALCA MISS COUNTRY JEANS SAVANNA (FEMININO),CALCA,AZUL,42.0,1,360.40,790.00
CAL050-AZU-40.0,CAL050,CALCA MISS COUNTRY JEANS TEXAS (FEMININO),CALCA,AZUL,40.0,1,252.20,560.00
CAL051-AZU-42.0,CAL051,CALCA MISS COUNTRY JEANS TEXAS (FEMININO),CALCA,AZUL,42.0,1,252.20,560.00
CAL062-AZU-38.0,CAL062,CALCA MISS COUNTRY JEANS TEXAS (FEMININO),CALCA,AZUL CLARO,38.0,1,252.20,560.00
CAL068-AZU-44.0,CAL068,CALCA MISS COUNTRY JEANS WILDFLOWER (FEMININO),CALCA,AZUL ESCURO/COM PEDRARIA,44.0,1,360.40,720.00
CAL096-AZU-36.0,CAL096,CALCA PWR JEANS (FEMININO),CALCA,AZUL,36.0,1,279.90,615.78
CAL097-AZU-42.0,CAL097,CALCA PWR JEANS (FEMININO),CALCA,AZUL,42.0,1,169.90,373.78
CAL026-PRE-38.0,CAL026,CALCA R20 CARGO (FEMININO),CALCA,PRETA,38.0,1,120.00,264.00
CAL025-BRA-36.0,CAL025,CALCA R20 CARGO DE BRILHO (FEMININO),CALCA,BRANCA,36.0,1,199.00,437.00
CAL79-JEA-40.0,CAL79,CALCA R20 JEANS (FEMININA),CALCA,JEANS,40.0,1,100.00,250.00
CAL076-PRE-38.0,CAL076,CALCA R20 JEANS (FEMININA),CALCA,PRETA,38.0,1,100.00,250.00
CAL81-JEA-50.0,CAL81,CALCA TEXAS FARM JEANS (FEMININA),CALCA,JEANS,50.0,1,131.00,268.18
CAL044-AZU-54.0,CAL044,CALCA TEXAS FARM JEANS (FEMININO),CALCA,AZUL CLARO,54.0,1,120.56,265.25
CAL038-AZU-36.0,CAL038,CALCA TEXAS FARM JEANS (FEMININO),CALCA,AZUL ESCURO,36.0,1,161.41,355.00
CAL069-BOR-34.0,CAL069,CALCA TEXAS FARM JEANS (FEMININO),CALCA,BORDADA,34.0,0,161.41,355.00
CAL071-JEA-44.0,CAL071,CALCA TEXAS FARM JEANS (FEMININO),CALCA,JEANS AZUL ESCURO,44.0,1,115.00,255.00
CAL070-JEA-48.0,CAL070,CALCA TEXAS FARM JEANS (FEMININO),CALCA,JEANS AZUL ESCURO,48.0,1,115.00,255.00
CAL059-AZU-36.0,CAL059,CALCA TEXAS FARM JEANS (MASCULINO),CALCA,AZUL,36.0,1,135.75,298.00
CAL058-AZU-38.0,CAL058,CALCA TEXAS FARM JEANS (MASCULINO),CALCA,AZUL,38.0,1,123.41,270.00
CAL032-AZU-44.0,CAL032,CALCA TEXAS FARM JEANS (MASCULINO),CALCA,AZUL,44.0,0,120.56,265.25
CAL067-AZU-46.0,CAL067,CALCA TEXAS FARM JEANS (MASCULINO),CALCA,AZUL,46.0,1,120.56,265.25
CAL060-AZU-52.0,CAL060,CALCA TEXAS FARM JEANS (MASCULINO),CALCA,AZUL,52.0,1,120.56,265.00
CAL033-AZU-44.0,CAL033,CALCA TEXAS FARM JEANS (MASCULINO),CALCA,AZUL CLARO,44.0,1,120.56,265.25
CAL003-AZU-46.0,CAL003,CALCA TEXAS FARM JEANS (MASCULINO),CALCA,AZUL CLARO,46.0,1,120.56,265.25
CAL003-AZU-48.0,CAL003,CALCA TEXAS FARM JEANS (MASCULINO),CALCA,AZUL CLARO,48.0,1,120.56,265.25
CAL004-AZU-46.0,CAL004,CALCA TEXAS FARM JEANS (MASCULINO),CALCA,AZUL ESCURO,46.0,1,120.56,265.25
CAL002-AZU-46.0,CAL002,CALCA TEXAS FARM JEANS (MASCULINO),CALCA,AZUL ESCURO,46.0,1,123.41,270.50
CAL004-AZU-48.0,CAL004,CALCA TEXAS FARM JEANS (MASCULINO),CALCA,AZUL ESCURO,48.0,1,120.56,265.25
CAL002-AZU-48.0,CAL002,CALCA TEXAS FARM JEANS (MASCULINO),CALCA,AZUL ESCURO,48.0,1,123.41,270.50
CAL034-AZU-44.0,CAL034,CALCA TEXAS FARM JEANS (MASCULINO),CALCA,AZUL ESCURO/LARANJA NEON,44.0,1,135.75,298.65
CAL005-AZU-46.0,CAL005,CALCA TEXAS FARM JEANS (MASCULINO),CALCA,AZUL ESCURO/LARANJA NEON,46.0,1,135.75,298.65
CAL075-JEA-42.0,CAL075,CALCA TEXAS FARM JEANS (MASCULINO),CALCA,JEANS,42.0,1,100.00,250.00
CAL028-AZU-40.0,CAL028,CALCA TXC DETALHES VERDE BOLSO (MASCULINO),CALCA,AZUL,40.0,1,90.00,198.00
CAL027-AZU-44.0,CAL027,CALCA TXC DETALHES VERDE BOLSO (MASCULINO),CALCA,AZUL,44.0,1,90.00,198.00
CAL024,CAL024,CALCA WRANGLER JEANS 20X MASC,CALCA,ESCURA,44,2,0.00,327.60
CAL016-AZU-40.0,CAL016,CALCA WRANGLER COWBOY CUT (MASCULINA),CALCA,AZUL ESCURA,40.0,1,148.90,327.58
CAL017-AZU-42.0,CAL017,CALCA WRANGLER COWBOY CUT (MASCULINA),CALCA,AZUL ESCURA,42.0,1,148.90,327.58
CAL018-AZU-44.0,CAL018,CALCA WRANGLER COWBOY CUT (MASCULINA),CALCA,AZUL ESCURA,44.0,0,148.90,327.58
CAL019-AZU-46.0,CAL019,CALCA WRANGLER COWBOY CUT (MASCULINA),CALCA,AZUL ESCURA,46.0,1,148.90,327.58
CAL020-AZU-48.0,CAL020,CALCA WRANGLER COWBOY CUT (MASCULINA),CALCA,AZUL ESCURA,48.0,1,148.90,327.58
CAL013-AZU-38.0,CAL013,CALCA WRANGLER COWBOY CUT (MASCULINA),CALCA,AZUL MEDIO,38.0,0,159.90,351.78
CAL014-AZU-40.0,CAL014,CALCA WRANGLER COWBOY CUT (MASCULINA),CALCA,AZUL MEDIO,40.0,1,159.90,351.78
CAL015-AZU-42.0,CAL015,CALCA WRANGLER COWBOY CUT (MASCULINA),CALCA,AZUL MEDIO,42.0,0,159.90,351.78
CAL011-AZU-44.0,CAL011,CALCA WRANGLER COWBOY CUT (MASCULINA),CALCA,AZUL MEDIO,44.0,1,159.90,351.78
CAL012-AZU-46.0,CAL012,CALCA WRANGLER COWBOY CUT (MASCULINA),CALCA,AZUL MEDIO,46.0,1,159.90,351.78
CAL010-AZU-48.0,CAL010,CALCA WRANGLER COWBOY CUT (MASCULINA),CALCA,AZUL MEDIO,48.0,1,159.90,351.78
CAL072-AZU-46.0,CAL072,CALCA WRANGLER COWBOY CUT (MASCULINO),CALCA,AZUL ESCURO,46.0,1,159.90,351.78
CAL085,CAL085,CALCA WRANGLER COWBOY CUT MASC TAM 40,CALCA,AZUL MEDIO,40,0,159.90,351.78
CAL91-JEA-38.0,CAL91,CALCA WRANGLER JEANS (FEMININA),CALCA,JEANS,38.0,1,154.90,340.80
CAL89-JEA-40.0,CAL89,CALCA WRANGLER JEANS (FEMININA),CALCA,JEANS,40.0,1,154.90,340.80
CAL92-JEA-42.0,CAL92,CALCA WRANGLER JEANS (FEMININA),CALCA,JEANS,42.0,1,154.90,340.80
CAL94-JEA-42.0,CAL94,CALCA WRANGLER JEANS (FEMININA),CALCA,JEANS,42.0,0,159.90,351.78
CAL90-JEA-44.0,CAL90,CALCA WRANGLER JEANS (FEMININA),CALCA,JEANS,44.0,1,154.90,340.80
CAL95-JEA-46.0,CAL95,CALCA WRANGLER JEANS (FEMININA),CALCA,JEANS,46.0,1,164.90,362.80
CAL93-JEA,CAL93,CALCA WRANGLER JEANS (FEMININA),CALCA,JEANS,,1,154.90,340.80
CAL084-JEA-38.0,CAL084,CALCA WRANGLER JEANS (MASCULINO),CALCA,JEANS,38.0,1,159.90,351.78
CAL87-JEA-40.0,CAL87,CALCA WRANGLER JEANS (MASCULINO),CALCA,JEANS,40.0,1,149.90,318.78
CAL85-JEA-40.0,CAL85,CALCA WRANGLER JEANS (MASCULINO),CALCA,JEANS,40.0,1,159.90,351.78
CAL83-JEA-42.0,CAL83,CALCA WRANGLER JEANS (MASCULINO),CALCA,JEANS,42.0,1,159.90,351.78
CAL078-JEA-46.0,CAL078,CALCA WRANGLER JEANS (MASCULINO),CALCA,JEANS,46.0,1,175.00,385.00
CAL82-JEA-46.0,CAL82,CALCA WRANGLER JEANS (MASCULINO),CALCA,JEANS,46.0,2,149.90,318.78
CAL88-JEA-46.0,CAL88,CALCA WRANGLER JEANS (MASCULINO),CALCA,JEANS,46.0,1,149.90,318.78
CAL86-JEA-48.0,CAL86,CALCA WRANGLER JEANS (MASCULINO),CALCA,JEANS,48.0,1,159.90,351.78
CAL008-AZU-38.0,CAL008,CALCA WRANGLER JEANS 20X (MASCULINA),CALCA,AZUL ESCURO,38.0,0,148.90,327.60
CAL009-AZU-40.0,CAL009,CALCA WRANGLER JEANS 20X (MASCULINA),CALCA,AZUL ESCURO,40.0,0,148.90,327.60
CAL007-AZU-48.0,CAL007,CALCA WRANGLER JEANS 20X (MASCULINA),CALCA,AZUL ESCURO,48.0,1,148.90,327.60
CAL024-PRE-44.0,CAL024,CALCA WRANGLER JEANS 20X (MASCULINA),CALCA,PRETO AZULADO,44.0,0,148.90,327.58
CAL024-PRE-50.0,CAL024,CALCA WRANGLER JEANS 20X (MASCULINA),CALCA,PRETO AZULADO,50.0,1,148.90,327.58
CAL065-AZU-38.0,CAL065,CALCA WRANGLER JEANS LYCRA (FEMININO),CALCA,AZUL ESCURO,38.0,1,144.90,318.78
CAL021-AZU-36.0,CAL021,CALCA WRANGLER LYCRA BOLSO FALSO (FEMININO),CALCA,AZUL ESCURA,36.0,0,144.90,318.78
CAL022-AZU-40.0,CAL022,CALCA WRANGLER LYCRA BOLSO FALSO (FEMININO),CALCA,AZUL ESCURA,40.0,0,144.90,318.78
CAL023-AZU-42.0,CAL023,CALCA WRANGLER LYCRA TRADICIONAL (FEMININO),CALCA,AZUL MARINHO,42.0,1,138.90,305.58
CAL029-AZU-48.0,CAL029,CALCA WRANGLER TRADICIONAL GOINIA (MASCULINO),CALCA,AZUL CLARO,48.0,1,90.00,198.00
CART001-MAR,CART001,CARTEIRA CLASSIC COURO (MASCULINO),CARTEIRA,MARROM /PRETA,,2,69.90,153.80
CART002-PRE,CART002,CARTEIRA CLASSIC COURO (MASCULINO),CARTEIRA,PRETO/MARROM,,2,59.90,131.80
CINTO027-MAR-80.0,CINTO027,CINTO PAUL WESTER,CINTO,MARROM,80.0,1,139.90,307.78
CINTO022-MAR-85.0,CINTO022,CINTO PAUL WESTER,CINTO,MARROM,85.0,1,139.90,307.78
CINTO026-MAR-100.0,CINTO026,CINTO PAUL WESTER BASICO (UNISSEX),CINTO,MARROM,100.0,2,74.90,164.80
CINTO023-MAR-90.0,CINTO023,CINTO PAUL WESTER BASICO (UNISSEX),CINTO,MARROM,90.0,1,74.90,164.80
CINTO025-PRE-115.0,CINTO025,CINTO PAUL WESTER DETALHES MARROM (UNISSEX),CINTO,PRETO,115.0,0,144.90,252.78
CINTO024-MAR-105.0,CINTO024,CINTO PAUL WESTER DETALHES TURQUESA (FEMININO),CINTO,MARROM,105.0,1,154.90,340.78
CINTO028-MAR-75.0,CINTO028,CINTO PAUL WESTER FIVELA STRASS (FEMININO),CINTO,MARROM,75.0,1,119.90,263.80
CINTO032-PRE-80.0,CINTO032,CINTO PAUL WESTER FIVELA STRASS (FEMININO),CINTO,PRETO,80.0,1,119.90,263.80
CINTO034-TUR-100.0,CINTO034,CINTO PAUL WESTER FIVELA STRASS (FEMININO),CINTO,TURQUESA,100.0,1,129.90,285.80
CINTO037-MAR-100.0,CINTO037,CINTO PAUL WESTER FIVELA STRASS (MASCULINO),CINTO,MARROM,100.0,1,204.90,450.70
CINTO036-MAR-105.0,CINTO036,CINTO PAUL WESTER FIVELA STRASS (MASCULINO),CINTO,MARROM,105.0,0,69.90,174.75
CINTO038-MAR-110.0,CINTO038,CINTO PAUL WESTER FIVELA STRASS (MASCULINO),CINTO,MARROM,110.0,1,204.90,450.70
CINTO040-MAR-80.0,CINTO040,CINTO PAUL WESTER FIVELA STRASS (MASCULINO),CINTO,MARROM,80.0,1,74.90,165.00
CINTO030-MAR-80.0,CINTO030,CINTO PAUL WESTER FIVELA STRASS (MASCULINO),CINTO,MARROM,80.0,0,69.90,174.75
CINTO039-PRE-90.0,CINTO039,CINTO PAUL WESTER FIVELA STRASS (MASCULINO),CINTO,PRETO,90.0,1,299.90,399.90
CINTO045-MAR-100.0,CINTO045,CINTO PAUL WESTER FIVELA STRASS (UNISSEX),CINTO,MARROM,100.0,1,89.90,197.78
CINTO043-MAR-100.0,CINTO043,CINTO PAUL WESTER FIVELA STRASS (UNISSEX),CINTO,MARROM,100.0,1,89.90,197.78
CINTO033-MAR-100.0,CINTO033,CINTO PAUL WESTER FIVELA STRASS (UNISSEX),CINTO,MARROM,100.0,1,79.90,175.80
CINTO042-MAR-105.0,CINTO042,CINTO PAUL WESTER FIVELA STRASS (UNISSEX),CINTO,MARROM,105.0,1,89.90,197.78
CINTO044-MAR-85.0,CINTO044,CINTO PAUL WESTER FIVELA STRASS (UNISSEX),CINTO,MARROM,85.0,1,79.90,175.80
CINTO035-MAR-85.0,CINTO035,CINTO PAUL WESTER FIVELA STRASS (UNISSEX),CINTO,MARROM,85.0,1,74.90,165.00
CINTO031-MAR-95.0,CINTO031,CINTO PAUL WESTER FIVELA STRASS (UNISSEX),CINTO,MARROM,95.0,0,74.90,165.00
CINTO029-PRE-80.0,CINTO029,CINTO PAUL WESTER FIVELA STRASS (UNISSEX),CINTO,PRETO,80.0,1,144.90,252.78
CINTO041-PRE-80.0,CINTO041,CINTO PAUL WESTER FIVELA STRASS (UNISSEX),CINTO,PRETO,80.0,1,299.90,399.90
CINTO007-FIV-90.0,CINTO007,CINTO PAUL WESTERN COURO (FEMININO),CINTO,FIVELA QUADRADA TRABALHADO STRASS TURQUESA,90.0,1,199.41,461.70
CINTO006-FIV-85.0,CINTO006,CINTO PAUL WESTERN COURO (FEMININO),CINTO,FIVELA QUADRADA MARROM TACHAS,85.0,1,113.61,263.00
CINTO005-FIV-75.0,CINTO005,CINTO PAUL WESTERN COURO (FEMININO),CINTO,FIVELA QUADRADA MARROM TACHAS PRATEADA,75.0,1,132.90,307.70
CINTO003-FIV-100.0,CINTO003,CINTO PAUL WESTERN COURO (FEMININO),CINTO,FIVELA QUADRADA PRATA PRETO,100.0,1,113.91,263.80
CINTO016-FIV-95.0,CINTO016,CINTO PAUL WESTERN COURO (FEMININO),CINTO,FIVELA STRASS PRETO,95.0,0,113.90,263.80
CINTO004-FIV-85.0,CINTO004,CINTO PAUL WESTERN COURO (FEMININO),CINTO,FIVELA STRASS TACHAS,85.0,1,156.56,362.80
CINTO017-FIV-120.0,CINTO017,CINTO PAUL WESTERN COURO (MASCULINO),CINTO,FIVELA PRATA TRABALHADA TRADICIONAL,120.0,1,74.90,175.78
CINTO014-FIV-80.0,CINTO014,CINTO PAUL WESTERN COURO (MASCULINO),CINTO,FIVELA PRATA TRABALHADA TRADICIONAL,80.0,1,75.91,175.80
CINTO015-FIV-90.0,CINTO015,CINTO PAUL WESTERN COURO (MASCULINO),CINTO,FIVELA PRATA TRABALHADA TRADICIONAL,90.0,1,71.16,164.80
CINTO008-FIV-100.0,CINTO008,CINTO PAUL WESTERN COURO (UNISSEX),CINTO,FIVELA PRATA MICANGA AZUL CRUZ,100.0,1,284.91,461.70
CINTO009-FIV-95.0,CINTO009,CINTO PAUL WESTERN COURO (UNISSEX),CINTO,FIVELA PRATA MICANGA AZUL CRUZ,95.0,1,284.91,461.70
CINTO010-FIV-90.0,CINTO010,CINTO PAUL WESTERN COURO (UNISSEX),CINTO,FIVELA PRATA MICANGA COLORIDA,90.0,0,284.00,484.00
CINTO011-FIV-100.0,CINTO011,CINTO PAUL WESTERN COURO (UNISSEX),CINTO,FIVELA PRATA MICANGA VERDE,100.0,0,284.00,484.00
CINTO013-FIV-115.0,CINTO013,CINTO PAUL WESTERN COURO (UNISSEX),CINTO,FIVELA PRATA PELAGEM,115.0,1,137.66,318.71
CINTO019-FIV-90.0,CINTO019,CINTO PAUL WESTERN COURO (UNISSEX),CINTO,FIVELA PRATA PELAGEM,90.0,1,137.66,318.71
CINTO012-FIV-95.0,CINTO012,CINTO PAUL WESTERN COURO (UNISSEX),CINTO,FIVELA PRATA PELAGEM STRASS,95.0,1,151.90,351.78
CINTO018-FIV-100.0,CINTO018,CINTO PAUL WESTERN COURO (UNISSEX),CINTO,FIVELA PRATA STRASS,100.0,1,109.16,252.70
CINTO001-FIV-105.0,CINTO001,CINTO PAUL WESTERN COURO (UNISSEX),CINTO,FIVELA PRATA TRABALHADO OKLAHOMA,105.0,1,99.66,230.80
CINTO002-FIV-90.0,CINTO002,CINTO PAUL WESTERN COURO (UNISSEX),CINTO,FIVELA PRATA TRABALHADO OKLAHOMA,90.0,1,99.66,230.80
CINTO020-DOU,CINTO020,CINTO RENATA MARTINO FIVELAS (FEMININO),CINTO,DOURADO,,1,25.00,62.50
CINTO021-PRA,CINTO021,CINTO RENATA MARTINO FIVELAS (FEMININO),CINTO,PRATA,,0,25.00,62.50
COLAR007,COLAR007,Colar Choker Country,COLAR,Preta/Marrom,unico,9,18.00,50.00
COLAR008,COLAR008,COLAR CHOKER DEMARCHI,COLAR,COLORIDAS,UNICO,11,39.90,90.00
COLAR004-MAR,COLAR004,COLAR RENATA MARTINO GRAVATA (FEMININO),COLAR,MARROM,,2,15.00,37.50
COLAR003-PRE,COLAR003,COLAR RENATA MARTINO GRAVATA (FEMININO),COLAR,PRETO,,1,15.00,37.50
COLAR002-MAR,COLAR002,COLAR RENATA MARTINO GRAVATA CAVALO (FEMININO),COLAR,MARROM,,2,15.00,37.50
COLAR001-PRE,COLAR001,COLAR RENATA MARTINO GRAVATA CAVALO (FEMININO),COLAR,PRETO,,2,15.00,37.50
COLAR005-MAR,COLAR005,COLAR RENATA MARTINO GRAVATA FERRADURA (FEMININO),COLAR,MARROM,,0,15.00,37.50
COL006-AZU-G,COL006,COLETE PWR JEANS (FEMININO),COLETE,AZUL,G,0,119.90,263.78
COL005-AZU-M,COL005,COLETE PWR JEANS (FEMININO),COLETE,AZUL,M,1,119.90,263.78
COL004-AZU-P,COL004,COLETE PWR JEANS (FEMININO),COLETE,AZUL,P,1,119.90,263.78
COL009-PRE-G,COL009,COLETE PWR JEANS ESTRELAS (FEMININO),COLETE,PRETO,G,1,139.90,307.78
COL008-PRE-M,COL008,COLETE PWR JEANS ESTRELAS (FEMININO),COLETE,PRETO,M,1,139.90,307.78
COL007-PRE-P,COL007,COLETE PWR JEANS ESTRELAS (FEMININO),COLETE,PRETO,P,1,139.90,307.78
COL002-PRE-G,COL002,COLETE TEXAS FARM PUFFER (MASCULINO),COLETE,PRETO,G,1,216.50,435.00
COL001-PRE-M,COL001,COLETE TEXAS FARM PUFFER (MASCULINO),COLETE,PRETO,M,1,216.50,435.00
COL003-CIN-G,COL003,COLETE TOMAHAWK PUFFER (UNISSEX),COLETE,CINZA,G,1,99.99,249.70
FIVELA006-ARR,FIVELA006,FIVELA ARIAT METAL (MASCULINO),FIVELA,ARRENDONDADA TEXAS,,0,170.00,374.00
FIVELA003-PRA,FIVELA003,FIVELA ARIAT METAL (MASCULINO),FIVELA,PRATA,,0,153.00,336.60
FIVELA005-SIM,FIVELA005,FIVELA ARIAT METAL (MASCULINO),FIVELA,SIMBOLO ARREDONDADA PRATA E DOURADA,,1,170.00,374.00
FIVELA002-SIM,FIVELA002,FIVELA ARIAT METAL (MASCULINO),FIVELA,SIMBOLO FLOR,,1,153.00,336.60
FIVELA001-SIM,FIVELA001,FIVELA ARIAT METAL (MASCULINO),FIVELA,SIMBOLO FLORES,,2,206.00,453.20
FIVELA004-SIM,FIVELA004,FIVELA ARIAT METAL (MASCULINO),FIVELA,SIMBOLO TOURO,,1,206.00,453.20
FL002-DOU,FL002,FIVELA LEN RENATA MARTINO ACESSORIO (FEMININO),FIVELA LEN,DOURADO,,3,10.00,25.00
FL001-PRA,FL001,FIVELA LEN RENATA MARTINO ACESSORIO (FEMININO),FIVELA LEN,PRATA,,3,10.00,25.00
JAQ004-PRE-G,JAQ004,JAQUETA ECLIPSE MISS COUNTRY JEANS COM STRASS (FEMININO),JAQUETA,PRETA,G,1,350.10,769.00
JAQ003-PRE-M,JAQ003,JAQUETA ECLIPSE MISS COUNTRY JEANS COM STRASS (FEMININO),JAQUETA,PRETA,M,1,350.10,769.00
JAQ001-AZU-G,JAQ001,JAQUETA HERITAGE MISS COUNTRY JEANS (FEMININO),JAQUETA,AZUL,G,1,278.00,610.00
JAQ002-AZU-P,JAQ002,JAQUETA HERITAGE MISS COUNTRY JEANS (FEMININO),JAQUETA,AZUL,P,1,278.00,610.00
JAQ010-CAR-G,JAQ010,JAQUETA PAC CUERS COURO (FEMININO),JAQUETA,CARAMELO,G,1,460.00,920.00
JAQ009-CAR-XL,JAQ009,JAQUETA PAC CUERS COURO (FEMININO),JAQUETA,CARAMELO,XL,1,460.00,920.00
JAQ013-CAR-XXL,JAQ013,JAQUETA PAC CUERS COURO (MASCULINO),JAQUETA,CARAMELO,XXL,1,460.00,920.00
JAQ011-MAR-XL,JAQ011,JAQUETA PAC CUERS COURO (MASCULINO),JAQUETA,MARROM,XL,1,460.00,920.00
JAQ014-MAR-G,JAQ014,JAQUETA PAC CUERS COURO (MASCULINO),JAQUETA,MARROM/CARAMELO,G,1,460.00,920.00
JAQ012-PRE-XXL,JAQ012,JAQUETA PAC CUERS COURO (MASCULINO),JAQUETA,PRETA,XXL,1,460.00,920.00
JAQ016-AZU-G,JAQ016,JAQUETA PWR JEANS (FEMININO),JAQUETA,AZUL,G,1,179.90,395.78
JAQ017-AZU-M,JAQ017,JAQUETA PWR JEANS (FEMININO),JAQUETA,AZUL,M,1,179.90,395.78
JAQ015-AZU-P,JAQ015,JAQUETA PWR JEANS (FEMININO),JAQUETA,AZUL,P,0,179.90,395.78
JAQ008-LON-G,JAQ008,JAQUETA TEXAS FARM PUFFER (MASCULINO),JAQUETA,LONA/VERDE,G,0,234.56,469.00
JAQ006-LON-GG,JAQ006,JAQUETA TEXAS FARM PUFFER (MASCULINO),JAQUETA,LONA/VERDE,GG,0,234.56,469.00
JAQ005-LON-M,JAQ005,JAQUETA TEXAS FARM PUFFER (MASCULINO),JAQUETA,LONA/VERDE,M,1,234.56,469.00
JAQ007-LON-P,JAQ007,JAQUETA TEXAS FARM PUFFER (MASCULINO),JAQUETA,LONA/VERDE,P,1,234.56,469.00
LENCO001-EST-GRANDE,LENCO001,LENCO RENATA MARTINO ESTAMPAS (FEMININO),LENCO,ESTAMPAS,GRANDE,7,25.00,65.00
LENCO002-EST-PEQUENO,LENCO002,LENCO RENATA MARTINO ESTAMPAS (FEMININO),LENCO,ESTAMPAS,PEQUENO,5,20.00,50.00
ML010-PRE-G,ML010,MOLETOM PWR GOLA REDONDA (FEMININO),MOLETOM,PRETO,G,1,109.90,241.78
ML014-PRE-G,ML014,MOLETOM PWR GOLA REDONDA (FEMININO),MOLETOM,PRETO,G,1,109.90,241.78
ML011-PRE-M,ML011,MOLETOM PWR GOLA REDONDA (FEMININO),MOLETOM,PRETO,M,1,109.90,241.78
ML013-PRE-M,ML013,MOLETOM PWR GOLA REDONDA (FEMININO),MOLETOM,PRETO,M,1,109.90,241.78
ML009-PRE-M,ML009,MOLETOM PWR GOLA REDONDA (FEMININO),MOLETOM,PRETO,M,1,109.90,241.78
ML008-PRE-P,ML008,MOLETOM PWR GOLA REDONDA (FEMININO),MOLETOM,PRETO,P,1,109.90,241.78
ML012-PRE-P,ML012,MOLETOM PWR GOLA REDONDA (FEMININO),MOLETOM,PRETO,P,1,109.90,241.78
ML007-PRE-M,ML007,MOLETOM TEXAS FARM COM CAPUZ (UNISSEX),MOLETOM,PRETO,M,0,180.41,360.00
ML005-PRE-GG,ML005,MOLETOM TEXAS FARM COM CAPUZ (UNISSEX),MOLETOM,PRETO/BRANCO,GG,0,180.41,360.00
ML004-PRE-M,ML004,MOLETOM TEXAS FARM GOLA CARECA (UNISSEX),MOLETOM,PRETO/BEGE,M,1,123.41,246.00
ML002-PRE-G,ML002,MOLETOM TEXAS FARM GOLA CARECA (UNISSEX),MOLETOM,PRETO/CARAMELO,G,1,132.91,265.00
ML003-PRE-PP,ML003,MOLETOM TEXAS FARM GOLA CARECA (UNISSEX),MOLETOM,PRETO/CARAMELO,PP,1,132.91,265.00
ML001-PRE-GG,ML001,MOLETOM TOMAHAWK COM BOLSO E ESTAMPA (FEMININO),MOLETOM,PRETO,GG,1,150.00,330.00
ML006-PRE-GG,ML006,MOLETOM TOMAHAWK COM CAPUZ (FEMININO),MOLETOM,PRETO/ESTAMPADO,GG,1,150.00,330.00
PERF013-XXX-100ML,PERF013,PERFUME ARABE AFNAN 9 AM POUR FEMME (FEMININO),PERFUME,100ML,,0,118.45,280.00
PERF014-XXX-100ML,PERF014,PERFUME ARABE AFNAN 9 PM REBEL (MASCULINO),PERFUME,100ML,,1,118.45,280.00
PERF012-XXX-100ML,PERF012,PERFUME ARABE ASAD ZANZIBAR (MASCULINO),PERFUME,100ML,,1,118.45,280.00
PERF016-XXX-100ML,PERF016,PERFUME ARABE BADEE AL OUD AMETHYST,PERFUME,100ML,,1,113.00,349.00
PERF015-XXX-100ML,PERF015,PERFUME ARABE BADEE AL OUD NOBLE BLUSH (FEMININO),PERFUME,100ML,,1,113.00,349.00
PERF003-XXX-100ML,PERF003,PERFUME ARABE CLUB DE NUIT ICONIC (MASCULINO),PERFUME,100ML,,1,164.80,329.60
PERF007-XXX-100ML,PERF007,PERFUME ARABE FAKHAR BLACK (MASCULINO),PERFUME,100ML,,1,144.20,349.90
PERF006-XXX-100ML,PERF006,PERFUME ARABE FAKHAR EXTRAIT GOLDEN,PERFUME,100ML,,1,97.85,349.90
PERF005-XXX-100ML,PERF005,PERFUME ARABE FAKHAR ROSE (FEMININO),PERFUME,100ML,,0,144.20,349.90
PERF025-XXX-100ML,PERF025,PERFUME ARABE HER CONFESSION (FEMININO),PERFUME,100ML,,1,133.90,329.90
PERF022-XXX-85ML,PERF022,PERFUME ARABE KHANJAR (MASCULINO),PERFUME,85ML,,1,187.00,439.00
PERF027-XXX-100ML,PERF027,PERFUME ARABE MAYAR NATURAL INTENSE (FEMININO),PERFUME,100ML,,1,95.00,190.00
PERF026-XXX-100ML,PERF026,PERFUME ARABE MUSAMAN BLACK INTENSE,PERFUME,100ML,,2,185.40,370.80
PERF008-XXX-100ML,PERF008,PERFUME ARABE QUEEN OF ARABIA (FEMININO),PERFUME,100ML,,1,247.20,549.90
PERF009-XXX-80ML,PERF009,PERFUME ARABE ROYAL AMBER (FEMININO),PERFUME,80ML,,1,257.50,590.00
PERF019-XXX-100ML,PERF019,PERFUME ARABE SABAH AL WARD SUGAR (FEMININO),PERFUME,100ML,,1,113.00,349.90
PERF002-XXX-100ML,PERF002,PERFUME ARABE SABAH AL WARD GARDEN OF EDEN (FEMININO),PERFUME,100ML,,2,187.90,419.00
PERF001-XXX-100ML,PERF001,PERFUME ARABE SABAH AL WARD TRADICIONAL (FEMININO),PERFUME,100ML,,2,77.25,280.00
PERF004-XXX-100ML,PERF004,PERFUME ARABE SHAHEEN SILVER PRATA (MASCULINO),PERFUME,100ML,,2,123.60,310.00
PERF018-XXX-100ML,PERF018,PERFUME ARABE TERIAQ (FEMININO),PERFUME,100ML,,1,164.00,439.90
PERF021-XXX-100ML,PERF021,PERFUME ARABE THARWAH GOLD (FEMININO),PERFUME,100ML,,1,118.90,399.90
PERF017-XXX-100ML,PERF017,PERFUME ARABE VULCAN FEU,PERFUME,100ML,,1,113.00,439.90
PERF020-XXX-100ML,PERF020,PERFUME ARABE YARA ROSE (FEMININO),PERFUME,100ML,,2,128.75,259.00
PERF028-XXX-100ML,PERF028,PERFUME GRIFE 212 MEN NYC (MASCULINO),PERFUME,100ML,,1,305.00,615.00
PERF011-XXX-100ML,PERF011,PERFUME GRIFE ANIMALE FOR MEN (MASCULINO),PERFUME,100ML,,1,113.30,359.00
PERF030-XXX-80ML,PERF030,PERFUME GRIFE GOOD GIRL (FEMININO),PERFUME,80ML,,1,401.70,810.00
PERF024-XXX-100ML,PERF024,PERFUME GRIFE HUGO BOSS MAN (MASCULINO),PERFUME,100ML,,1,247.00,439.00
PERF029-XXX-100ML,PERF029,PERFUME GRIFE LA VIE EST BELLE (FEMININO),PERFUME,100ML,,1,375.95,750.00
PERF010-XXX-80ML,PERF010,PERFUME GRIFE SCANDAL (FEMININO),PERFUME,80ML,,1,381.10,765.00
PERF023-XXX-100ML,PERF023,PERFUME GRIFE VERSACE EROS FLAME (MASCULINO),PERFUME,100ML,,1,368.76,469.90
PCARTAO003,PCARTAO003,PORTA CARTAO DEMARCHI,PORTA-CARTAO,COLORIDAS,UNICO,3,39.90,90.00
PCARTAO001-MAR,PCARTAO001,PORTA-CARTAO CLASSIC COURO (MASCULINO),PORTA-CARTAO,MARROM,,2,37.30,85.00
REG004-AZU-G,REG004,REGATA POWER COUNTRY CORACAO PWC (FEMININO),REGATA,AZUL,G,0,25.90,54.80
REG003-MAR-M,REG003,REGATA POWER COUNTRY COWGIRL ESCRITA (FEMININO),REGATA,MARROM,M,1,24.90,54.80
REG002-OFF,REG002,REGATA TCB ATACADO REGATA ESTAMPAS (FEMININO),REGATA,OFF,,3,18.00,50.00
REG001-PRE,REG001,REGATA TCB ATACADO REGATA ESTAMPAS (FEMININO),REGATA,PRETO,,0,18.00,50.00
REG005-VER-M,REG005,REGATA TEXAS FARM CANELADA (FEMININO),REGATA,VERDE CHA,M,1,49.30,110.00
SHORTBABY001-JEA-G,SHORTBABY001,SHORT BABY CLASSIC JEANS (UNISSEX),SHORT,JEANS,G,1,53.00,116.90
SHORTBABY002-JEA-M,SHORTBABY002,SHORT BABY CLASSIC JEANS (UNISSEX),SHORT,JEANS,M,1,53.00,116.90
SHORTBABY003-JEA-P,SHORTBABY003,SHORT BABY CLASSIC JEANS (UNISSEX),SHORT,JEANS,P,0,53.00,116.90
SHORT012-AZU-40.0,SHORT012,SHORT PWR JEANS (FEMININO),SHORT,AZUL,40.0,1,134.90,296.78
SHORT013-AZU-42.0,SHORT013,SHORT PWR JEANS (FEMININO),SHORT,AZUL,42.0,1,134.90,296.78
SHORT008-BRA-M,SHORT008,SHORT RED MAN ESTAMPADO (MASCULINO),SHORT,BRANCO,M,1,65.00,143.00
SHORT009-ROS-G,SHORT009,SHORT RED MAN ESTAMPADO (MASCULINO),SHORT,ROSA,G,0,65.00,143.00
SHORT007-VER-GG,SHORT007,SHORT RED MAN ESTAMPADO (MASCULINO),SHORT,VERDE,GG,1,65.00,143.00
SHORT011-PRE-G3,SHORT011,SHORT RED MAN LISO (MASCULINO),SHORT,PRETO,G3,1,65.00,143.00
SHORT010-ROS-GG,SHORT010,SHORT RED MAN LISO (MASCULINO),SHORT,ROSA,GG,0,65.00,143.00
SHORT002-AZU-G,SHORT002,SHORT TEXAS FARM TACTEL (MASCULINO),SHORT,AZUL MARINHO / VERDE NEON,G,1,66.41,147.00
SHORT002-AZU-GG,SHORT002,SHORT TEXAS FARM TACTEL (MASCULINO),SHORT,AZUL MARINHO / VERDE NEON,GG,0,66.41,147.00
SHORT002-AZU-M,SHORT002,SHORT TEXAS FARM TACTEL (MASCULINO),SHORT,AZUL MARINHO / VERDE NEON,M,1,66.41,147.00
SHORT002-AZU-P,SHORT002,SHORT TEXAS FARM TACTEL (MASCULINO),SHORT,AZUL MARINHO / VERDE NEON,P,1,66.41,147.00
SHORT002-AZU-XG,SHORT002,SHORT TEXAS FARM TACTEL (MASCULINO),SHORT,AZUL MARINHO / VERDE NEON,XG,1,66.41,147.00
SHORT006-AZU-G,SHORT006,SHORT TEXAS FARM TACTEL (MASCULINO),SHORT,AZUL PETROLEO / LARANJA NEON,G,0,66.41,147.00
SHORT006-AZU-GG,SHORT006,SHORT TEXAS FARM TACTEL (MASCULINO),SHORT,AZUL PETROLEO / LARANJA NEON,GG,1,66.41,147.00
SHORT003-PRE-G,SHORT003,SHORT TEXAS FARM TACTEL (MASCULINO),SHORT,PRETO / AMARELO NEON,G,1,66.41,147.00
SHORT003-PRE-GG,SHORT003,SHORT TEXAS FARM TACTEL (MASCULINO),SHORT,PRETO / AMARELO NEON,GG,0,66.41,147.00
SHORT003-PRE-M,SHORT003,SHORT TEXAS FARM TACTEL (MASCULINO),SHORT,PRETO / AMARELO NEON,M,1,66.41,147.00
SHORT003-PRE-P,SHORT003,SHORT TEXAS FARM TACTEL (MASCULINO),SHORT,PRETO / AMARELO NEON,P,1,66.41,147.00
SHORT003-PRE-XG,SHORT003,SHORT TEXAS FARM TACTEL (MASCULINO),SHORT,PRETO / AMARELO NEON,XG,1,66.41,147.00
SHORT004-VER-M,SHORT004,SHORT TEXAS FARM TACTEL (MASCULINO),SHORT,VERDE FLORESTA,M,0,66.41,147.00
SHORT004-VER-P,SHORT004,SHORT TEXAS FARM TACTEL (MASCULINO),SHORT,VERDE FLORESTA,P,1,66.41,147.00
SHORT005-VER-GG,SHORT005,SHORT TEXAS FARM TACTEL (MASCULINO),SHORT,VERDE MILITAR,GG,0,66.41,147.00
SHORT005-VER-XG,SHORT005,SHORT TEXAS FARM TACTEL (MASCULINO),SHORT,VERDE MILITAR,XG,1,66.41,147.00
VEST002-MAR-M,VEST002,VESTIDO MISS COUNTRY VESTIDO OAK (FEMININO),VESTIDO,MARROM,M,1,329.00,649.90
VEST001-MAR-P,VEST001,VESTIDO MISS COUNTRY VESTIDO OAK (FEMININO),VESTIDO,MARROM,P,1,329.00,649.90
VTD002-PRE-GG,VTD002,VESTIDO POWER COUNTRY MIDI MALHA (FEMININO),VESTIDO,PRETO,GG,1,79.90,175.78
VTD001-OFF-P,VTD001,VESTIDO POWER COUNTRY VESTIDO MIDI DE MALHA (FEMININO),VESTIDO,OFF,P,1,79.90,175.78
