codigo_interno,codigo_fornecedor,nome_produto,categoria,marca,genero,cor,tamanho,codigo_barras,quantidade_atual,preco_custo,preco_venda
BODY002,BP002,BODY TEXAS FARM POLIAMIDA (FEMININO),BODY,TEXAS FARM,,ROSA PINK,M,BODY002-ROS-M,1,70.2,155
BODY001,BP002,BODY TEXAS FARM POLIAMIDA (FEMININO),BODY,TEXAS FARM,,CINZA CHUMBO,M,BODY001-CIN-M,0,70.2,155
BODY001,BP002,BODY TEXAS FARM POLIAMIDA (FEMININO),BODY,TEXAS FARM,,CINZA CHUMBO,P,BODY001-CIN-P,0,70.2,155
BODY001,BP002,BODY TEXAS FARM POLIAMIDA (FEMININO),BODY,TEXAS FARM,,CINZA CHUMBO,G,BODY001-CIN-G,1,70.2,155
BOL001,,BOLSA FAZENDA DECOR BUZIOS (FEMINIA),BOLSA,FAZENDA DECOR,,PELO,,BOL001-PEL,2,429,799
BOL004,,BOLSA FAZENDA DECOR CAMBURIU (FEMININA),BOLSA,FAZENDA DECOR,,PELO,,BOL004-PEL,2,499,899
BOL003,,BOLSA FAZENDA DECOR CANOAS (FEMININA),BOLSA,FAZENDA DECOR,,PELO,,BOL003-PEL,0,379,699
BOL002,,BOLSA FAZENDA DECOR CULTCH LUA (FEMININA),BOLSA,FAZENDA DECOR,,PELO,,BOL002-PEL,3,299,599
BOL11,,BOLSA FAZENDA DECOR NECESSAIRE (FEMININA),BOLSA,FAZENDA DECOR,,PELO,,BOL11-PEL,2,150,330
BOL005,,BOLSA FAZENDA DECOR TABACOF (FEMININA),BOLSA,FAZENDA DECOR,,PELO,,BOL005-PEL,2,369,599
,,BOLSA GOYAZES B26059,BOLSA,GOYAZES,,,,,0,562,1138
,,BOLSA GOYAZES B26125,BOLSA,GOYZES,,,,,0,514,1028
BOL010,420023100.0,BOLSA GOYAZES BOLSA FRANJA (FEMININA),BOLSA,GOYAZES,,PRETA,,BOL010-PRE,1,488.25,976
BOL007,B2506-6,BOLSA GOYAZES BRANCA E ROSA (FEMININA),BOLSA,GOYAZES,,COURO,,BOL007-COU,1,521,1146
BOL009,B02512-3,BOLSA GOYAZES FERRADURA (FEMININA),BOLSA,GOYAZES,,COURO,,BOL009-COU,1,860,1160
BOL008,B2403-2,BOLSA GOYAZES LATERAL MARROM (FEMININA),BOLSA,GOYAZES,,COURO,,BOL008-COU,1,510,1112
BOL006,B2305,BOLSA GOYAZES PEDRAS TURQUESA (FEMININA),BOLSA,GOYAZES,,COURO,,BOL006-COU,0,492,1082.2
,,BOLSA GOYZES B26133,BOLSA,GOYAZES,,,,,0,481,962
,,BOLSA GOYZES B26153,BOLSA,GOYAZES,,,,,0,523,1046
,,BONE ,BONÉ,FOR WEST,,,,,0,79.9,160
,,BONE ,BONÉ,FOR WEST,,,,,0,79.9,160
,,BONE ,BONÉ,FOR WEST,,,,,0,79.9,160
,,BONE ,BONÉ,FOR WEST,,,,,0,79.9,160
,,BONE ,BONÉ,FOR WEST,,,,,0,79.9,160
BN033,,BONÉ ACADEMY BONE TRADICIONAL TELA (MASCULINO),BONÉ,ACADEMY,,CAMUFLADO,,BN033-CAM,1,60,250
BN032,,BONÉ ARIAT BONE TRADICIONAL (MASCULINO),BONÉ,ARIAT,,VERMELHO,,BN032-VER,1,60,250
BN015,B-ARIAT,BONÉ ARIAT BONE TRADICIONAL TELA (MASCULINO),BONÉ,ARIAT,,PRETO,,BN015-PRE,0,158,347.6
BN016,B-ARIAT,BONÉ ARIAT BONE TRADICIONAL TELA (MASCULINO),BONÉ,ARIAT,,AZUL ROYAL,,BN016-AZU,0,158,347.6
BN017,B-ARIAT,BONÉ ARIAT BONE TRADICIONAL TELA (MASCULINO),BONÉ,ARIAT,,MARROM,,BN017-MAR,1,158,347.6
BN014,B-ARIAT,BONÉ ARIAT BONE TRADICIONAL TELA (MASCULINO),BONÉ,ARIAT,,CINZA/PRETO,,BN014-CIN,1,158,347.6
BN018,B-ARIAT,BONÉ ARIAT BONE TRADICIONAL TELA (MASCULINO),BONÉ,ARIAT,,PRETO/BRANCO,,BN018-PRE,0,158,347.6
BN013,B-ARIAT,BONÉ ARIAT BONE TRADICIONAL TELA/ABA RETA (MASCULINO),BONÉ,ARIAT,,VERDE MUSGO /ABA COLORIDA,,BN013-VER,1,158,347.6
,,BONE AUSTIN,BONÉ,AUSTIN,,,,,0,69.9,149.99
BN040,,BONÉ BASS PRO SHOPPS BONE TRADICIONAL TELA (FEMININO),BONÉ,BASS PRO SHOPPS,,ROSA,,BN040-ROS,1,60,180
BN039,,BONÉ BASS PRO SHOPPS BONE TRADICIONAL TELA (FEMININO),BONÉ,BASS PRO SHOPPS,,BRANCO / ROSA,,BN039-BRA,1,60,180
BN041,,BONÉ BASS PRO SHOPPS BONE TRADICIONAL TELA (FEMININO),BONÉ,BASS PRO SHOPPS,,ROXO,,BN041-ROX,1,60,180
BN036,,BONÉ BASS PRO SHOPPS BONE TRADICIONAL TELA (MASCULINO),BONÉ,BASS PRO SHOPPS,,AZUL ESCURO,,BN036-AZU,1,60,180
BN038,,BONÉ BASS PRO SHOPPS BONE TRADICIONAL TELA (MASCULINO),BONÉ,BASS PRO SHOPPS,,BRANCO / AMARELO,,BN038-BRA,1,60,180
BN037,,BONÉ BASS PRO SHOPPS BONE TRADICIONAL TELA (MASCULINO),BONÉ,BASS PRO SHOPPS,,CAMUFLADO / PRETO,,BN037-CAM,0,60,180
BN031,,BONÉ CABELAS BONE TRADICIONAL TELA (MASCULINO),BONÉ,CABELAS,,LARANJA,,BN031-LAR,1,60,250
BN035,,BONÉ CAVENDER'S BONE TRADICIONAL TELA (MASCULINO),BONÉ,CAVENDER'S,,PRETO / BRANCO,,BN035-PRE,2,60,250
BN012,MCC0653322,BONÉ CINCH BONE TRADICIONAL TELA FECHADO (MASCULINO),BONÉ,CINCH,,MARROM/CINZA,,BN012-MAR,1,162,356.4
BN011,MCC060064-CI,BONÉ CINCH BONE TRADICIONAL TELA/IMPORTADO (MASCULINO),BONÉ,CINCH,,CINZA,,BN011-CIN,1,162,356.4
BN019,BA-CLEQ-FA,BONÉ CLASSIC BONE TRADICIONAL TELA (MASCULINO),BONÉ,CLASSIC,,CINZA/BEGE,,BN019-CIN,0,42,105.01
BN034,,BONÉ MAGELLAN BONE TRADICIONAL TELA (MASCULINO),BONÉ,MAGELLAN,,VERDE / PRETO,,BN034-VER,1,60,250
BN028,,BONÉ RICHARDSON BONE TRADICIONAL TELA (MASCULINO),BONÉ,RICHARDSON,,AZUL / BRANCO,,BN028-AZU,1,60,250
BN029,,BONÉ RICHARDSON BONE TRADICIONAL TELA (MASCULINO),BONÉ,RICHARDSON,,AZUL / BRANCO / VERMELHO,,BN029-AZU,3,60,250
BN010,MIDDLE FARMING- TF1047/INF,BONÉ TEXAS FARM BONE JUVENIL TELA (MASCULINO),BONÉ,TEXAS FARM,,JEANS,,BN010-JEA,1,59.9,131.78
BN009,AMERICAN TOUR-TF862,BONÉ TEXAS FARM BONE TRADICIONAL FECHADO (MASCULINO),BONÉ,TEXAS FARM,,AZUL MARINHO,,BN009-AZU,0,59.9,131.78
BN022,AMERICAN TOUR-TF862-LOTAD-1683,BONÉ TEXAS FARM BONE TRADICIONAL FECHADO (MASCULINO),BONÉ,TEXAS FARM,,PRETO,,BN022-PRE,1,59.9,131.86
BN008,NEW TEXAS-TF690,BONÉ TEXAS FARM BONE TRADICIONAL FECHADO (MASCULINO),BONÉ,TEXAS FARM,,CINZA/VERDE FLORECENTE,,BN008-CIN,1,59.9,131.78
BN005,TF355-LOTAD-1776,BONÉ TEXAS FARM BONE TRADICIONAL FECHADO (MASCULINO),BONÉ,TEXAS FARM,,VERDE MUSGO,,BN005-VER,0,59.9,131.78
BN004,RANCH FIRE-TF741,BONÉ TEXAS FARM BONE TRADICIONAL FECHADO (MASCULINO),BONÉ,TEXAS FARM,,CHUMBO,,BN004-CHU,0,59.9,131.78
BN006,TF1056-LOTAD-1787,BONÉ TEXAS FARM BONE TRADICIONAL TELA (MASCULINO),BONÉ,TEXAS FARM,,VERMELHO BORDO,,BN006-VER,0,59.9,131.78
BN007,TF1016-LOTAD 1807,BONÉ TEXAS FARM BONE TRADICIONAL TELA (MASCULINO),BONÉ,TEXAS FARM,,BRANCO/MARINHO,,BN007-BRA,0,59.9,131.78
BN003,DOUBLE-TF912,BONÉ TEXAS FARM BONE TRADICIONAL TELA (MASCULINO),BONÉ,TEXAS FARM,,VERDE MUSGO,,BN003-VER,0,59.9,131.78
BN023,,BONÉ TEXAS FARM BONE TRADIONAL TELA (MASCULINO),BONÉ,TEXAS FARM,,AZUL,,BN023-AZU,0,29.9,99.9
BN021,,BONÉ TOMAHAWK BONE COPA BAIXA (MASCULINO),BONÉ,TOMAHAWK,,AZUL/VERMELHO,,BN021-AZU,1,60,132.01
BN020,,BONÉ TOMAHAWK BONE TRADICIONAL TELA (MASCULINO),BONÉ,TOMAHAWK,,CAMUFLADO,,BN020-CAM,1,60,132.01
BN030,,BONÉ TSC BONE TRADICIONAL TELA (MASCULINO),BONÉ,TSC,,MARROM,,BN030-MAR,1,60,250
BN025,,BONÉ TXC BONE TRADICIONAL TELA (MASCULINO),BONÉ,TXC,,AZUL,,BN025-AZU,0,29.9,99.9
BN024,,BONÉ TXC BONE TRADICIONAL TELA (MASCULINO),BONÉ,TXC,,VERDE,,BN024-VER,1,29.9,99.9
BN027,,BONÉ TXC BONE TRADICIONAL TELA (MASCULINO),BONÉ,TXC,,MARROM/BRANCO/FLORECENTE,,BN027-MAR,0,29.9,99.9
BN026,,BONÉ TXC BONE TRADIONAL TELA (MASCULINO),BONÉ,TXC,,LARANJA/PRETO,,BN026-LAR,1,29.9,99.9
BN044,,BONÉ USA BONE TRADICIONAL TELA (MASCULINO),BONÉ,USA,,CINZA,,BN044-CIN,3,60,180
BN001,WMC425,BONÉ WRANGLER BONE RASO (MASCULINO),BONÉ,WRANGLER,,VERMELHO/BEGE/AZUL,,BN001-VER,1,0,164.78
BN002,WMC430,BONÉ WRANGLER BONE RASO (MASCULINO),BONÉ,WRANGLER,,MARROM,,BN002-MAR,0,0,190
BN043,,BONÉ WRANGLER BONE TRADICIONAL TELA (MASCULINO),BONÉ,WRANGLER,,PRETO / AZUL,,BN043-PRE,1,60,180
BN042,,BONÉ WRANGLER BONE TRADICIONAL TELA (MASCULINO),BONÉ,WRANGLER,,CINZA / VERDE,,BN042-CIN,2,60,180
BOT002,456260162.0,BOTA CLASSIC BOTA TENIS (MASCULINO),BOTA,CLASSIC,,MARROM,41.0,BOT002-MAR-41.0,0,265.91,615.9
BOT003,45623540.0,BOTA CLASSIC BOTA TENIS (MASCULINO),BOTA,CLASSIC,,MARROM,40.0,BOT003-MAR-40.0,1,265.91,615.9
BOT004,45626040.0,BOTA CLASSIC BOTA TENIS (MASCULINO),BOTA,CLASSIC,,MARROM,40.0,BOT004-MAR-40.0,1,265.91,615.9
BOT005,456260162.0,BOTA CLASSIC BOTA TENIS (MASCULINO),BOTA,CLASSIC,,MARROM,41.0,BOT005-MAR-41.0,1,265.91,615.9
BOT006,456260151.0,BOTA CLASSIC BOTA TENIS (MASCULINO),BOTA,CLASSIC,,MARROM,43.0,BOT006-MAR-43.0,0,265.91,615.9
BOT001,456235151.0,BOTA CLASSIC BOTA TENIS (MASCULINO),BOTA,CLASSIC,,MARROM,43.0,BOT001-MAR-43.0,0,265.91,615.9
,,BOTA FEMININA 243207-CC,BOTA,GOYAZES,,,,,0,642.52,1440
,,BOTA FEMININA 253203-CP,BOTA,GOYAZES,,,,,0,615.7,1354.5
,,BOTA FEMININA 259803-CC,BOTA,GOYAZES,,,,,0,706.4,1554
BOT034,245401.0,"BOTA GOYAZES BICO FINO, CANO CURTO (FEMININA)",BOTA,GOYAZES,,MARROM,38.0,BOT034-MAR-38.0,1,582,1280
BOT032,245401.0,"BOTA GOYAZES BICO FINO, CANO CURTO (FEMININA)",BOTA,GOYAZES,,MARROM,34.0,BOT032-MAR-34.0,1,582,1280
BOT033,245401.0,"BOTA GOYAZES BICO FINO, CANO CURTO (FEMININA)",BOTA,GOYAZES,,MARROM,35.0,BOT033-MAR-35.0,1,582,1280
BOT035,251507.0,"BOTA GOYAZES BICO FINO, CANO CURTO (FEMININA)",BOTA,GOYAZES,,PRETO,34.0,BOT035-PRE-34.0,1,536,1179.2
BOT036,251507.0,"BOTA GOYAZES BICO FINO, CANO CURTO (FEMININA)",BOTA,GOYAZES,,PRETO,35.0,BOT036-PRE-35.0,1,536,1179.2
BOT037,251507.0,"BOTA GOYAZES BICO FINO, CANO CURTO (FEMININA)",BOTA,GOYAZES,,PRETO,37.0,BOT037-PRE-37.0,1,536,1179.2
,,BOTA MASCULINA 256505-CP,BOTA,GOYAZES,,,,,0,554,1218.8
BOT015,DL004,BOTA SHERIFF WEST COURO (FEMININO),BOTA,SHERIFF WEST,,AZUL,36.0,BOT015-AZU-36.0,2,299,660
BOT030,DL004,BOTA SHERIFF WEST COURO (FEMININO),BOTA,SHERIFF WEST,,MARROM,36.0,BOT030-MAR-36.0,1,299,660
BOT017,DL004,BOTA SHERIFF WEST COURO (FEMININO),BOTA,SHERIFF WEST,,VERDE,36.0,BOT017-VER-36.0,1,299,660
BOT018,DL004,BOTA SHERIFF WEST COURO (FEMININO),BOTA,SHERIFF WEST,,VERDE,35.0,BOT018-VER-35.0,1,299,660
BOT016,DL004,BOTA SHERIFF WEST COURO (FEMININO),BOTA,SHERIFF WEST,,AZUL,38.0,BOT016-AZU-38.0,2,299,660
BOT019,DL004,BOTA SHERIFF WEST COURO (FEMININO),BOTA,SHERIFF WEST,,VERDE,40.0,BOT019-VER-40.0,1,299,660
BOT020,DL004,BOTA SHERIFF WEST COURO (FEMININO),BOTA,SHERIFF WEST,,VERDE,37.0,BOT020-VER-37.0,1,299,660
BOT021,DL004,BOTA SHERIFF WEST COURO (FEMININO),BOTA,SHERIFF WEST,,VERDE,34.0,BOT021-VER-34.0,1,299,660
BOT022,DL004,BOTA SHERIFF WEST COURO (FEMININO),BOTA,SHERIFF WEST,,VERDE,38.0,BOT022-VER-38.0,1,299,660
BOT024,DL004,BOTA SHERIFF WEST COURO (FEMININO),BOTA,SHERIFF WEST,,VERMELHO,37.0,BOT024-VER-37.0,1,299,660
BOT025,DL004,BOTA SHERIFF WEST COURO (FEMININO),BOTA,SHERIFF WEST,,VERMELHO,39.0,BOT025-VER-39.0,1,299,660
BOT026,DL004,BOTA SHERIFF WEST COURO (FEMININO),BOTA,SHERIFF WEST,,VERMELHO,36.0,BOT026-VER-36.0,2,299,660
BOT027,DL004,BOTA SHERIFF WEST COURO (FEMININO),BOTA,SHERIFF WEST,,MARROM,39.0,BOT027-MAR-39.0,1,299,660
BOT029,DL004,BOTA SHERIFF WEST COURO (FEMININO),BOTA,SHERIFF WEST,,MARROM,38.0,BOT029-MAR-38.0,0,299,660
BOT031,DL004,BOTA SHERIFF WEST COURO (FEMININO),BOTA,SHERIFF WEST,,MARROM,40.0,BOT031-MAR-40.0,1,299,660
BOT013,DL004,BOTA SHERIFF WEST COURO (FEMININO),BOTA,SHERIFF WEST,,AZUL,35.0,BOT013-AZU-35.0,1,299,660
BOT014,DL004,BOTA SHERIFF WEST COURO (FEMININO),BOTA,SHERIFF WEST,,AZUL,37.0,BOT014-AZU-37.0,2,299,660
BOT007,DL024,BOTA SHERIFF WEST COURO (MASCULINO),BOTA,SHERIFF WEST,,PRETO/VERDE,38.0,BOT007-PRE-38.0,1,269,590
BOT012,DL024,BOTA SHERIFF WEST COURO (MASCULINO),BOTA,SHERIFF WEST,,PRETO/VERDE,43.0,BOT012-PRE-43.0,1,269,590
BOT023,DL024,BOTA SHERIFF WEST COURO (MASCULINO),BOTA,SHERIFF WEST,,PRETO/VERDE,39.0,BOT023-PRE-39.0,1,269,590
BOT011,DL024,BOTA SHERIFF WEST COURO (MASCULINO),BOTA,SHERIFF WEST,,PRETO/VERDE,42.0,BOT011-PRE-42.0,1,269,590
BOT010,DL024,BOTA SHERIFF WEST COURO (MASCULINO),BOTA,SHERIFF WEST,,PRETO/VERDE,44.0,BOT010-PRE-44.0,1,269,590
BOT009,DL024,BOTA SHERIFF WEST COURO (MASCULINO),BOTA,SHERIFF WEST,,PRETO/VERDE,41.0,BOT009-PRE-41.0,1,269,590
BOT008,DL024,BOTA SHERIFF WEST COURO (MASCULINO),BOTA,SHERIFF WEST,,PRETO/VERDE,37.0,BOT008-PRE-37.0,1,269,590
BOT028,DL024,BOTA SHERIFF WEST COURO (MASCULINO),BOTA,SHERIFF WEST,,PRETO/VERDE,40.0,BOT028-PRE-40.0,1,269,590
CAL056,10008403.0,CALÇA ARIAT JEANS (MASCULINO),CALÇA,ARIAT,,AZUL,50.0,CAL056-AZU-50.0,0,468,940
CAL057,MB90633006,CALÇA CINCH BLACK LABEL 2 JEANS (MASCULINO),CALÇA,CINCH BLACK LABEL 2,,AZUL,48.0,CAL057-AZU-48.0,1,390,860
CAL073,MB90633006,CALÇA CINCH BLACK LABEL 2 JEANS (MASCULINO),CALÇA,CINCH BLACK LABEL 2,,,46.0,CAL073-XXX-46.0,1,390,860
CAL054,MB31534001-CI,CALÇA CINCH JEANS (MASCULINO),CALÇA,CINCH,,AZUL ESCURO,50.0,CAL054-AZU-50.0,0,454,910
CAL030,,CALÇA CINCH SAWYER (MASCULINO),CALÇA,CINCH,,AZUL,48.0,CAL030-AZU-48.0,1,330,726
CAL006,STYLE MB31534001-CI,CALÇA CINCH SAWYER JEANS (MASCULINO),CALÇA,CINCH SAWYER,,AZUL ESCURO,46.0,CAL006-AZU-46.0,1,454,998
CAL035,STYLE MB90530001-CI,CALÇA CINCH SAWYER JEANS (MASCULINO),CALÇA,CINCH SAWYER,,AZUL,44.0,CAL035-AZU-44.0,0,310,680
CAL035,STYLE MB90530001-CI,CALÇA CINCH SAWYER JEANS (MASCULINO),CALÇA,CINCH SAWYER,,AZUL,40.0,CAL035-AZU-40.0,1,310,680
CAL035,STYLE MB90530001-CI,CALÇA CINCH SAWYER JEANS (MASCULINO),CALÇA,CINCH SAWYER,,AZUL,42.0,CAL035-AZU-42.0,1,310,680
CAL055,MB98034006,CALÇA CINCH SILVER LABEL 2 JEANS (MASCULINO),CALÇA,CINCH SILVER LABEL 2,,AZUL ESCURO,44.0,CAL055-AZU-44.0,1,330,725
CAL031,MB98034002-CI,CALÇA CINCH SILVER LABEL SLIM (MASCULINO),CALÇA,CINCH,,AZUL ESCURA,46.0,CAL031-AZU-46.0,1,330,726
CAL066,CCF-STR/CLR-40,CALÇA CLASSIC JEANS (FEMININO),CALÇA,CLASSIC,,AZUL,40.0,CAL066-AZU-40.0,0,119,260
CAL061,CCF-STR/CLR-38,CALÇA CLASSIC JEANS (FEMININO),CALÇA,CLASSIC,,AZUL CLARO,38.0,CAL061-AZU-38.0,1,119,260
CAL040,CCF-STR/CLR-36,CALÇA CLASSIC JEANS (FEMININO),CALÇA,CLASSIC,,AZUL CLARO,36.0,CAL040-AZU-36.0,1,119,260
CAL043,CCF-STR/CLR-42,CALÇA CLASSIC JEANS (FEMININO),CALÇA,CLASSIC,,AZUL CLARO,38.0,CAL043-AZU-38.0,1,119,260
CAL049,CCM-LON-40/50,CALÇA CLASSIC JEANS (MASCULINO),CALÇA,CLASSIC,,AZUL ESCURO,50.0,CAL049-AZU-50.0,1,109,240
CAL001,CCM-LON-38/48,CALÇA CLASSIC JEANS (MASCULINO),CALÇA,CLASSIC,,AZUL ESCURO,48.0,CAL001-AZU-48.0,1,109.4,270.9
CAL045,CCM-LON-42,CALÇA CLASSIC JEANS (MASCULINO),CALÇA,CLASSIC,,AZUL ESCURO,52.0,CAL045-AZU-52.0,1,109,240
CAL046,CCM-LON-36/46,CALÇA CLASSIC JEANS (MASCULINO),CALÇA,CLASSIC,,AZUL ESCURO,46.0,CAL046-AZU-46.0,1,109,240
CAL047,CCM-LON-35/44,CALÇA CLASSIC JEANS (MASCULINO),CALÇA,CLASSIC,,AZUL ESCURO,44.0,CAL047-AZU-44.0,1,109,240
CAL036,CCM-LON-32/40,CALÇA CLASSIC JEANS (MASCULINO),CALÇA,CLASSIC,,AZUL ESCURO,40.0,CAL036-AZU-40.0,1,109.4,240.9
CAL048,CCM-LON-33/42,CALÇA CLASSIC JEANS (MASCULINO),CALÇA,CLASSIC,,AZUL ESCURO,42.0,CAL048-AZU-42.0,1,109,240
CAL053,CCM-LON-30/38,CALÇA CLASSIC JEANS (MASCULINO),CALÇA,CLASSIC,,AZUL ESCURO,38.0,CAL053-AZU-38.0,1,109,240
CAL063,7013.0,CALÇA COUNTRY LAND JEANS (FEMININO),CALÇA,COUNTRY LAND,,AZUL,40.0,CAL063-AZU-40.0,1,0,249.75
CAL80,,CALÇA KA ZOON JEANS (MASCULINO),CALÇA,KA ZOON,,JEANS,46.0,CAL80-JEA-46.0,1,90,200
CAL077,,CALÇA KING FARM JEANS (MASCULINO),CALÇA,KING FARM,,JEANS,46.0,CAL077-JEA-46.0,1,100,250
CCAL003,LB7250064,CALÇA LEVIS JEANS (FEMININA),CALÇA,LEVIS,,JEANS,44.0,CCAL003-JEA-44.0,0,369.99,519.99
CCAL002,LB7250064,CALÇA LEVIS JEANS (FEMININA),CALÇA,LEVIS,,JEANS,40.0,CCAL002-JEA-40.0,1,369.99,519.99
CCAL001,LB7250064,CALÇA LEVIS JEANS (FEMININA),CALÇA,LEVIS,,JEANS,42.0,CCAL001-JEA-42.0,1,369.99,519.99
CCAL009,LB5050008,CALÇA LEVIS JEANS (MASCULINO),CALÇA,LEVIS,,JEANS,42.0,CCAL009-JEA-42.0,1,329.99,479.99
CCAL004,LB5050051,CALÇA LEVIS JEANS (MASCULINO),CALÇA,LEVIS,,JEANS,40.0,CCAL004-JEA-40.0,1,329.99,479.99
CCAL005,LB5050050,CALÇA LEVIS JEANS (MASCULINO),CALÇA,LEVIS,,JEANS,50.0,CCAL005-JEA-50.0,1,299.99,449.99
CCAL006,LB5050050,CALÇA LEVIS JEANS (MASCULINO),CALÇA,LEVIS,,JEANS,44.0,CCAL006-JEA-44.0,1,299.99,449.99
CCAL007,LB5050054,CALÇA LEVIS JEANS (MASCULINO),CALÇA,LEVIS,,JEANS,46.0,CCAL007-JEA-46.0,2,329.99,479.99
CCAL008,LB5050008,CALÇA LEVIS JEANS (MASCULINO),CALÇA,LEVIS,,JEANS,48.0,CCAL008-JEA-48.0,2,329.99,479.99
CCAL010,5010134.0,CALÇA LEVIS JEANS (MASCULINO),CALÇA,LEVIS,,JEANS,50.0,CCAL010-JEA-50.0,0,439.99,589.99
CCAL011,5010134.0,CALÇA LEVIS JEANS (MASCULINO),CALÇA,LEVIS,,JEANS,48.0,CCAL011-JEA-48.0,1,439.99,589.99
CCAL012,5010134.0,CALÇA LEVIS JEANS (MASCULINO),CALÇA,LEVIS,,JEANS,46.0,CCAL012-JEA-46.0,1,439.99,589.99
CCAL013,5010193.0,CALÇA LEVIS JEANS (MASCULINO),CALÇA,LEVIS,,JEANS,50.0,CCAL013-JEA-50.0,2,349.99,499.99
CCAL014,5010193.0,CALÇA LEVIS JEANS (MASCULINO),CALÇA,LEVIS,,JEANS,48.0,CCAL014-JEA-48.0,2,349.99,499.99
CCAL015,5010193.0,CALÇA LEVIS JEANS (MASCULINO),CALÇA,LEVIS,,JEANS,44.0,CCAL015-JEA-44.0,1,349.99,499.99
CCAL016,5010193.0,CALÇA LEVIS JEANS (MASCULINO),CALÇA,LEVIS,,JEANS,46.0,CCAL016-JEA-46.0,1,349.99,499.99
CCAL017,5010193.0,CALÇA LEVIS JEANS (MASCULINO),CALÇA,LEVIS,,JEANS,42.0,CCAL017-JEA-42.0,1,349.99,499.99
CAL039,1096.0,CALÇA MISS COUNTRY JEANS (FEMININO),CALÇA,MISS COUNTRY,,AZUL,34.0,CAL039-AZU-34.0,1,379,840
CAL037,109950.0,CALÇA MISS COUNTRY JEANS (FEMININO),CALÇA,MISS COUNTRY,,AZUL,50.0,CAL037-AZU-50.0,1,381,760
CAL064,1070.0,CALÇA MISS COUNTRY JEANS BASIC (FEMININO),CALÇA,MISS COUNTRY,,AZUL,36.0,CAL064-AZU-36.0,0,154.4,340
CAL074,1070.0,CALÇA MISS COUNTRY JEANS BASIC (FEMININO),CALÇA,MISS COUNTRY,,JEANS ESCURO,50.0,CAL074-JEA-50.0,1,154.4,340
CAL042,1070.0,CALÇA MISS COUNTRY JEANS BASIC (FEMININO),CALÇA,MISS COUNTRY,,AZUL,34.0,CAL042-AZU-34.0,1,154.4,340
CAL052,1099.0,CALÇA MISS COUNTRY JEANS DESERT SOUL (FEMININO),CALÇA,MISS COUNTRY,,AZUL,52.0,CAL052-AZU-52.0,1,381,840
CAL041,1098.0,CALÇA MISS COUNTRY JEANS SAVANNA (FEMININO),CALÇA,MISS COUNTRY,,AZUL,42.0,CAL041-AZU-42.0,1,360.4,790
CAL050,1095.0,CALÇA MISS COUNTRY JEANS TEXAS (FEMININO),CALÇA,MISS COUNTRY,,AZUL,40.0,CAL050-AZU-40.0,1,252.2,560
CAL051,1095.0,CALÇA MISS COUNTRY JEANS TEXAS (FEMININO),CALÇA,MISS COUNTRY,,AZUL,42.0,CAL051-AZU-42.0,1,252.2,560
CAL062,1095.0,CALÇA MISS COUNTRY JEANS TEXAS (FEMININO),CALÇA,MISS COUNTRY,,AZUL CLARO,38.0,CAL062-AZU-38.0,1,252.2,560
CAL068,1088.0,CALÇA MISS COUNTRY JEANS WILDFLOWER (FEMININO),CALÇA,MISS COUNTRY,,AZUL ESCURO/COM PEDRARIA,44.0,CAL068-AZU-44.0,1,360.4,720
CAL097,4508.0,CALÇA PWR JEANS (FEMININO),CALÇA,PWR,,AZUL,42.0,CAL097-AZU-42.0,1,169.9,373.78
CAL096,4518.0,CALÇA PWR JEANS (FEMININO),CALÇA,PWR,,AZUL,36.0,CAL096-AZU-36.0,1,279.9,615.78
CAL026,,CALÇA R20 CARGO (FEMININO),CALÇA,R20,,PRETA,38.0,CAL026-PRE-38.0,1,120,264
CAL025,,CALÇA R20 CARGO DE BRILHO (FEMININO),CALÇA,R20,,BRANCA,36.0,CAL025-BRA-36.0,1,199,437
CAL076,,CALÇA R20 JEANS JEANS (FEMININA),CALÇA,R20 JEANS,,PRETA,38.0,CAL076-PRE-38.0,1,100,250
CAL79,,CALÇA R20 JEANS JEANS (FEMININA),CALÇA,R20 JEANS,,JEANS,40.0,CAL79-JEA-40.0,1,100,250
CAL81,,CALÇA TEXAS FARM JEANS (FEMININA),CALÇA,TEXAS FARM,,JEANS,50.0,CAL81-JEA-50.0,1,131,268.18
CAL071,DAILY BASIC-PDF051,CALÇA TEXAS FARM JEANS (FEMININO),CALÇA,TEXAS FARM,,JEANS AZUL ESCURO,44.0,CAL071-JEA-44.0,1,115,255
CAL038,AMERICAN-PDF039,CALÇA TEXAS FARM JEANS (FEMININO),CALÇA,TEXAS FARM,,AZUL ESCURO,36.0,CAL038-AZU-36.0,1,161.41,355
CAL070,DAILY BASIC-PDF051,CALÇA TEXAS FARM JEANS (FEMININO),CALÇA,TEXAS FARM,,JEANS AZUL ESCURO,48.0,CAL070-JEA-48.0,1,115,255
CAL069,FREE SOUL-PDF056,CALÇA TEXAS FARM JEANS (FEMININO),CALÇA,TEXAS FARM,,BORDADA,34.0,CAL069-BOR-34.0,0,161.41,355
CAL044,STYLE THREE HARD-PDM003,CALÇA TEXAS FARM JEANS (FEMININO),CALÇA,TEXAS FARM,,AZUL CLARO,54.0,CAL044-AZU-54.0,1,120.56,265.25
CAL032,STYLE FOUR HARD-PDM004,CALÇA TEXAS FARM JEANS (MASCULINO),CALÇA,TEXAS FARM,,AZUL,44.0,CAL032-AZU-44.0,0,120.56,265.25
CAL003,STYLE THREE HARD-PDM003,CALÇA TEXAS FARM JEANS (MASCULINO),CALÇA,TEXAS FARM,,AZUL CLARO,48.0,CAL003-AZU-48.0,1,120.56,265.25
CAL003,STYLE THREE HARD-PDM003,CALÇA TEXAS FARM JEANS (MASCULINO),CALÇA,TEXAS FARM,,AZUL CLARO,46.0,CAL003-AZU-46.0,1,120.56,265.25
CAL004,STYLE FOUR HARD-PDM004,CALÇA TEXAS FARM JEANS (MASCULINO),CALÇA,TEXAS FARM,,AZUL ESCURO,48.0,CAL004-AZU-48.0,1,120.56,265.25
CAL004,STYLE FOUR HARD-PDM004,CALÇA TEXAS FARM JEANS (MASCULINO),CALÇA,TEXAS FARM,,AZUL ESCURO,46.0,CAL004-AZU-46.0,1,120.56,265.25
CAL005,HARD-PDM021,CALÇA TEXAS FARM JEANS (MASCULINO),CALÇA,TEXAS FARM,,AZUL ESCURO/LARANJA NEON,46.0,CAL005-AZU-46.0,1,135.75,298.65
CAL075,,CALÇA TEXAS FARM JEANS (MASCULINO),CALÇA,TEXAS FARM,,JEANS,42.0,CAL075-JEA-42.0,1,100,250
CAL002,ROUTE-PDM025,CALÇA TEXAS FARM JEANS (MASCULINO),CALÇA,TEXAS FARM,,AZUL ESCURO,48.0,CAL002-AZU-48.0,1,123.41,270.5
CAL002,ROUTE-PDM025,CALÇA TEXAS FARM JEANS (MASCULINO),CALÇA,TEXAS FARM,,AZUL ESCURO,46.0,CAL002-AZU-46.0,1,123.41,270.5
CAL067,STYLE FOUR HARD-PMD004,CALÇA TEXAS FARM JEANS (MASCULINO),CALÇA,TEXAS FARM,,AZUL,46.0,CAL067-AZU-46.0,1,120.56,265.25
CAL060,STYLE THREE HARD-PDM003,CALÇA TEXAS FARM JEANS (MASCULINO),CALÇA,TEXAS FARM,,AZUL,52.0,CAL060-AZU-52.0,1,120.56,265
CAL059,STONED-PDM027,CALÇA TEXAS FARM JEANS (MASCULINO),CALÇA,TEXAS FARM,,AZUL,36.0,CAL059-AZU-36.0,1,135.75,298
CAL058,ROUTE-PDM025,CALÇA TEXAS FARM JEANS (MASCULINO),CALÇA,TEXAS FARM,,AZUL,38.0,CAL058-AZU-38.0,1,123.41,270
CAL034,HARD-PDM021,CALÇA TEXAS FARM JEANS (MASCULINO),CALÇA,TEXAS FARM,,AZUL ESCURO/LARANJA NEON,44.0,CAL034-AZU-44.0,1,135.75,298.65
CAL033,STYLE THREE HARD-PDM003,CALÇA TEXAS FARM JEANS (MASCULINO),CALÇA,TEXAS FARM,,AZUL CLARO,44.0,CAL033-AZU-44.0,1,120.56,265.25
CAL028,,CALÇA TXC DETALHES EM VERDE NO BOLSO (MASCULINO),CALÇA,TXC,,AZUL,40.0,CAL028-AZU-40.0,1,90,198
CAL027,,CALÇA TXC DETALHES EM VERDE NO BOLSO (MASCULINO),CALÇA,TXC,,AZUL,44.0,CAL027-AZU-44.0,1,90,198
,,CALCA WRANGLE JEANS 20X MASC ,CALÇA,,,ESCURA,44,CAL024,2,0,327.6
CAL012,13MWZDN36,CALÇA WRANGLER COWBOY CUT (MASCULINA),CALÇA,WRANGLER,,AZUL MEDIO,46.0,CAL012-AZU-46.0,1,159.9,351.78
CAL014,13MWZDN36,CALÇA WRANGLER COWBOY CUT (MASCULINA),CALÇA,WRANGLER,,AZUL MEDIO,40.0,CAL014-AZU-40.0,1,159.9,351.78
CAL020,13MWZRG36,CALÇA WRANGLER COWBOY CUT (MASCULINA),CALÇA,WRANGLER,,AZUL ESCURA,48.0,CAL020-AZU-48.0,1,148.9,327.58
CAL011,13MWZDN36,CALÇA WRANGLER COWBOY CUT (MASCULINA),CALÇA,WRANGLER,,AZUL MEDIO,44.0,CAL011-AZU-44.0,1,159.9,351.78
CAL015,13MWZDN36,CALÇA WRANGLER COWBOY CUT (MASCULINA),CALÇA,WRANGLER,,AZUL MEDIO,42.0,CAL015-AZU-42.0,0,159.9,351.78
CAL013,13MWZDN36,CALÇA WRANGLER COWBOY CUT (MASCULINA),CALÇA,WRANGLER,,AZUL MEDIO,38.0,CAL013-AZU-38.0,0,159.9,351.78
CAL010,13MWZDN36,CALÇA WRANGLER COWBOY CUT (MASCULINA),CALÇA,WRANGLER,,AZUL MEDIO,48.0,CAL010-AZU-48.0,1,159.9,351.78
CAL019,13MWZRG36,CALÇA WRANGLER COWBOY CUT (MASCULINA),CALÇA,WRANGLER,,AZUL ESCURA,46.0,CAL019-AZU-46.0,1,148.9,327.58
CAL018,13MWZRG36,CALÇA WRANGLER COWBOY CUT (MASCULINA),CALÇA,WRANGLER,,AZUL ESCURA,44.0,CAL018-AZU-44.0,0,148.9,327.58
CAL017,13MWZRG36,CALÇA WRANGLER COWBOY CUT (MASCULINA),CALÇA,WRANGLER,,AZUL ESCURA,42.0,CAL017-AZU-42.0,1,148.9,327.58
CAL016,13MWZRG36,CALÇA WRANGLER COWBOY CUT (MASCULINA),CALÇA,WRANGLER,,AZUL ESCURA,40.0,CAL016-AZU-40.0,1,148.9,327.58
CAL072,13M68PW36UN,CALÇA WRANGLER COWBOY CUT (MASCULINO),CALÇA,WRANGLER,,AZUL ESCURO,46.0,CAL072-AZU-46.0,1,159.9,351.78
,,CALCA WRANGLER COWBOY CUT MASC/TAM 40,CALÇA,,,AZUL MEDIO,40,CAL085,0,159.9,351.78
CAL90,403334.0,CALÇA WRANGLER JEANS (FEMININA),CALÇA,WRANGLER,,JEANS,44.0,CAL90-JEA-44.0,1,154.9,340.8
CAL89,4033156.0,CALÇA WRANGLER JEANS (FEMININA),CALÇA,WRANGLER,,JEANS,40.0,CAL89-JEA-40.0,1,154.9,340.8
CAL91,4033155.0,CALÇA WRANGLER JEANS (FEMININA),CALÇA,WRANGLER,,JEANS,38.0,CAL91-JEA-38.0,1,154.9,340.8
CAL95,636151169334.0,CALÇA WRANGLER JEANS (FEMININA),CALÇA,WRANGLER,,JEANS,46.0,CAL95-JEA-46.0,1,164.9,362.8
CAL94,4053158.0,CALÇA WRANGLER JEANS (FEMININA),CALÇA,WRANGLER,,JEANS,42.0,CAL94-JEA-42.0,0,159.9,351.78
CAL93,4033154.0,CALÇA WRANGLER JEANS (FEMININA),CALÇA,WRANGLER,,JEANS,,CAL93-JEA,1,154.9,340.8
CAL92,4033158.0,CALÇA WRANGLER JEANS (FEMININA),CALÇA,WRANGLER,,JEANS,42.0,CAL92-JEA-42.0,1,154.9,340.8
CAL87,6361513803156.0,CALÇA WRANGLER JEANS (MASCULINO),CALÇA,WRANGLER,,JEANS,40.0,CAL87-JEA-40.0,1,149.9,318.78
CAL084,5965183.0,CALÇA WRANGLER JEANS (MASCULINO),CALÇA,WRANGLER,,JEANS,38.0,CAL084-JEA-38.0,1,159.9,351.78
CAL078,13MWZRG36,CALÇA WRANGLER JEANS (MASCULINO),CALÇA,WRANGLER,,JEANS,46.0,CAL078-JEA-46.0,1,175,385
CAL82,13M68BM36UN334,CALÇA WRANGLER JEANS (MASCULINO),CALÇA,WRANGLER,,JEANS,46.0,CAL82-JEA-46.0,2,149.9,318.78
CAL88,587334.0,CALÇA WRANGLER JEANS (MASCULINO),CALÇA,WRANGLER,,JEANS,46.0,CAL88-JEA-46.0,1,149.9,318.78
CAL83,13M68BM36UN3158,CALÇA WRANGLER JEANS (MASCULINO),CALÇA,WRANGLER,,JEANS,42.0,CAL83-JEA-42.0,1,159.9,351.78
CAL85,13M68BM36UN3156,CALÇA WRANGLER JEANS (MASCULINO),CALÇA,WRANGLER,,JEANS,40.0,CAL85-JEA-40.0,1,159.9,351.78
CAL86,13M68BM36UN336,CALÇA WRANGLER JEANS (MASCULINO),CALÇA,WRANGLER,,JEANS,48.0,CAL86-JEA-48.0,1,159.9,351.78
CAL024,13W68PW36,CALÇA WRANGLER JEANS 20X (MASCULINA),CALÇA,WRANGLER,,PRETO AZULADO,50.0,CAL024-PRE-50.0,1,148.9,327.58
CAL024,13W68PW36,CALÇA WRANGLER JEANS 20X (MASCULINA),CALÇA,WRANGLER,,PRETO AZULADO,44.0,CAL024-PRE-44.0,0,148.9,327.58
CAL009,13M68BM36,CALÇA WRANGLER JEANS 20X (MASCULINA),CALÇA,WRANGLER,,AZUL ESCURO,40.0,CAL009-AZU-40.0,0,148.9,327.6
CAL008,13M68BM36,CALÇA WRANGLER JEANS 20X (MASCULINA),CALÇA,WRANGLER,,AZUL ESCURO,38.0,CAL008-AZU-38.0,0,148.9,327.6
CAL007,13M68BM36,CALÇA WRANGLER JEANS 20X (MASCULINA),CALÇA,WRANGLER,,AZUL ESCURO,48.0,CAL007-AZU-48.0,1,148.9,327.6
CAL065,21M4CHD60,CALÇA WRANGLER JEANS LYCRA (FEMININO),CALÇA,WRANGLER,,AZUL ESCURO,38.0,CAL065-AZU-38.0,1,144.9,318.78
CAL022,21M4CHD60,CALÇA WRANGLER LYCRA BOLSO FALSO (FEMININO),CALÇA,WRANGLER,,AZUL ESCURA,40.0,CAL022-AZU-40.0,0,144.9,318.78
CAL021,21M4CHD60,CALÇA WRANGLER LYCRA BOLSO FALSO (FEMININO),CALÇA,WRANGLER,,AZUL ESCURA,36.0,CAL021-AZU-36.0,0,144.9,318.78
CAL023,WF5155,CALÇA WRANGLER LYCRA TRADICIONAL (FEMININO),CALÇA,WRANGLER,,AZUL MARINHO,42.0,CAL023-AZU-42.0,1,138.9,305.58
CAL029,,CALÇA WRANGLER TRADICIONAL GOINIA (MASCULINO),CALÇA,WRANGLER,,AZUL CLARO,48.0,CAL029-AZU-48.0,1,90,198
,,CAMISA ARIAT ,CAMISA,ARIAT,,AZUL,M,CM093,1,126,369
,,CAMISA ARIAT ,CAMISA,ARIAT ,,AZUL,M,CM090,1,126,369
,,CAMISA ARIAT ,CAMISA,ARIAT,,MARROM,XG,CM098,0,126,369
,,CAMISA ARIAT - FEMININA ,CAMISA,ARIAT ,,ROSA ,M,CM106,0,126,369
,,CAMISA ARIAT - FEMININA ,CAMISA,ARIAT,,LILAS ,M,CM102,0,126,369
,,CAMISA ARIAT - FEMININA ,CAMISA,ARIAT,,VERDE,GG,CM103,0,126,369
,,CAMISA ARIAT - FEMININA ,CAMISA,ARIAT ,,MARROM ,G,CM105,0,126,369
,,CAMISA ARIAT - FEMININA ,CAMISA,ARIAT,,ROSA ,G,CM104,0,126,369
,,CAMISA ARIAT - FEMININA ,CAMISA,ARIAT,,ROSA,P,CM101,0,126,369
,,CAMISA ARIAT - MASCULINA,CAMISA,ARIAT,,AZUL ESCURO ,M,CM094,0,126,369
,,CAMISA ARIAT - MASCULINA ,CAMISA,ARIAT,,AZUL E CINZA,P,CM091,1,126,369
,,CAMISA ARIAT - MASCULINA ,CAMISA,ARIAT,,ROSA E BRANCA ,GG,CM099,0,126,369
,,CAMISA ARIAT - MASCULINA ,CAMISA,ARIAT,,AZUL E BRANCA ,G,CM100,0,126,369
,,CAMISA ARIAT - MASCULINA ,CAMISA,ARIAT,,AZUL E BRANCA ,G,CM096,0,126,369
,,CAMISA ARIAT - MASCULINA ,CAMISA,ARIAT,,AZUL E CINZA,XG,CM092,1,126,369
,,CAMISA ARIAT - MASCULINA ,CAMISA,ARIAT,,AZUL E VERDE ,P,CM095,0,126,369
,,CAMISA ARIAT - MASCULINA ,CAMISA,ARIAT,,LILÁS E AZUL,EXG,CM097,0,126,369
CM005,363171.0,CAMISA AUSTIN MANGA CURTA (MASCULINO),CAMISA,AUSTIN,,ROSA,GG,CM005-ROS-GG,1,139.9,307.7
CM004,363171.0,CAMISA AUSTIN MANGA CURTA (MASCULINO),CAMISA,AUSTIN,,PRETA,M,CM004-PRE-M,1,139.9,307.7
CM003,363171.0,CAMISA AUSTIN MANGA CURTA (MASCULINO),CAMISA,AUSTIN,,BRANCA/AZUL MARINHO,P,CM003-BRA-P,2,139.9,307.7
CM007,368171.0,CAMISA AUSTIN MANGA LONGA (MASCULINO),CAMISA,AUSTIN,,AZUL CLARO,P,CM007-AZU-P,1,149.9,329.78
CM007,368171.0,CAMISA AUSTIN MANGA LONGA (MASCULINO),CAMISA,AUSTIN,,AZUL CLARO,M,CM007-AZU-M,1,149.9,329.78
CM008,368171.0,CAMISA AUSTIN MANGA LONGA (MASCULINO),CAMISA,AUSTIN,,ROSA/VERDE,GG,CM008-ROS-GG,2,149.9,329.78
CM006,368171.0,CAMISA AUSTIN MANGA LONGA (MASCULINO),CAMISA,AUSTIN,,AZUL ESCURO/BRANCA,G,CM006-AZU-G,2,149.9,329.78
CM009,368171.0,CAMISA AUSTIN MANGA LONGA (MASCULINO),CAMISA,AUSTIN,,AZUL ESCURO,M,CM009-AZU-M,1,149.9,329.78
CM081,CMCEX-CL-XDF-GG,CAMISA CLASSIC MANGA CURTA (MASCULINO),CAMISA,CLASSIC,,XADREZ/AZUL E CINZA,GG,CM081-XAD-GG,0,109,240
CM062,CMCEX-CL-XDF-M,CAMISA CLASSIC MANGA CURTA (MASCULINO),CAMISA,CLASSIC,,XADREZ/AZUL,M,CM062-XAD-M,0,119,260
CM070,CMCEX-CL-XDF-PP,CAMISA CLASSIC MANGA CURTA (MASCULINO),CAMISA,CLASSIC,,XADREZ,PP,CM070-XAD-PP,1,109,240
CM071,CMCEX-CL-XDF-PP,CAMISA CLASSIC MANGA CURTA (MASCULINO),CAMISA,CLASSIC,,XADREZ,PP,CM071-XAD-PP,1,109,240
CM072,CMCLO-CL-XDF-PP,CAMISA CLASSIC MANGA CURTA (MASCULINO),CAMISA,CLASSIC,,XADREZ/AZUL CLARO,PP,CM072-XAD-PP,0,109,240
CM073,CMCEX-CL-XDF-P,CAMISA CLASSIC MANGA CURTA (MASCULINO),CAMISA,CLASSIC,,XADREZ,P,CM073-XAD-P,0,109,240
CM074,CMLEX-CL-XDF-P,CAMISA CLASSIC MANGA CURTA (MASCULINO),CAMISA,CLASSIC,,XADREZ,P,CM074-XAD-P,1,109,240
CM075,CMCEX-CL-XDF-P,CAMISA CLASSIC MANGA CURTA (MASCULINO),CAMISA,CLASSIC,,XADREZ/VERDE CLARO,P,CM075-XAD-P,0,109,240
CM079,CMCEX-CL-XDF-M,CAMISA CLASSIC MANGA CURTA (MASCULINO),CAMISA,CLASSIC,,XADREZ/VERDE CLARO,M,CM079-XAD-M,1,109,240
CM080,CMCEX-CLXDF-M,CAMISA CLASSIC MANGA CURTA (MASCULINO),CAMISA,CLASSIC,,XADREZ/VERDE CLARO,M,CM080-XAD-M,0,109,240
CM078,,CAMISA CLASSIC MANGA CURTA (MASCULINO),CAMISA,CLASSIC,,XADREZ/AZUL,GG,CM078-XAD-GG,0,109,240
CM066,CMFLO-CL-XDF-GG,CAMISA CLASSIC MANGA LONGA (FEMININO),CAMISA,CLASSIC,,XADREZ/ROSA CLARO,GG,CM066-XAD-GG,1,104,230
CM064,CMLFLI-CL/DT,CAMISA CLASSIC MANGA LONGA (FEMININO),CAMISA,CLASSIC,,LISA/BRANCA,G,CM064-LIS-G,1,104,230
CM068,CMLFLI-CL/DT,CAMISA CLASSIC MANGA LONGA (FEMININO),CAMISA,CLASSIC,,LISA/BRANCA,M,CM068-LIS-M,1,104,230
CM065,CMFLO-CL-XDF-G,CAMISA CLASSIC MANGA LONGA (FEMININO),CAMISA,CLASSIC,,XADREZ/ROSA CLARO,G,CM065-XAD-G,1,104,230
CM067,CMLLO-CL-XDF-G,CAMISA CLASSIC MANGA LONGA (FEMININO),CAMISA,CLASSIC,,XADREAZ/LILAS,G,CM067-XAD-G,1,104,230
CM069,CMLFLI-CL/DT,CAMISA CLASSIC MANGA LONGA (FEMININO),CAMISA,CLASSIC,,LISA/PRETA,M,CM069-LIS-M,1,104,230
CM063,CMLFLI-CL/DT,CAMISA CLASSIC MANGA LONGA (FEMININO),CAMISA,CLASSIC,,LISA/PRETA,G,CM063-LIS-G,1,104,230
CM061,CMLLO-CL-XDF-M,CAMISA CLASSIC MANGA LONGA (MASCULINO),CAMISA,CLASSIC,,XADREZ/PRETO E BRANCO,M,CM061-XAD-M,0,119,260
CM076,CMLLO-CL-XDF-PP,CAMISA CLASSIC MANGA LONGA (MASCULINO),CAMISA,CLASSIC,,XADREZ/AZUL CLARO,PP,CM076-XAD-PP,0,119,260
CM077,CMLEX-CL-XDF-M,CAMISA CLASSIC MANGA LONGA (MASCULINO),CAMISA,CLASSIC,,XADREZ/AZUL ESCURO,M,CM077-XAD-M,1,119,260
CM082,CMLEX-CL-XDF-GG,CAMISA CLASSIC MANGA LONGA (MASCULINO),CAMISA,CLASSIC,,XADREZ,GG,CM082-XAD-GG,1,119,260
CS081,,CAMISA CLASSIC POLO (MASCULINO),CAMISA,CLASSIC,,LISTRADA,GG,CS081-LIS-GG,0,76,167
CS080,,CAMISA CLASSIC POLO (MASCULINO),CAMISA,CLASSIC,,LISTRADA,P,CS080-LIS-P,1,76,167
CS077,,CAMISA CLASSIC POLO (MASCULINO),CAMISA,CLASSIC,,LISA/SALMAO,P,CS077-LIS-P,1,84,185
CS078,,CAMISA CLASSIC POLO (MASCULINO),CAMISA,CLASSIC,,LISA/CINZA,PP,CS078-LIS-PP,0,84,185
CS079,,CAMISA CLASSIC POLO (MASCULINO),CAMISA,CLASSIC,,LISTRADA,M,CS079-LIS-M,1,76,167
CS083,,CAMISA CLASSIC POLO (MASCULINO),CAMISA,CLASSIC,,LISA/AZUL MARINHO,G,CS083-LIS-G,1,84,185
CS084,,CAMISA CLASSIC POLO (MASCULINO),CAMISA,CLASSIC,,LISA/VERDE CLARA,GGG,CS084-LIS-GGG,1,84,185
CS082,,CAMISA CLASSIC POLO (MASCULINO),CAMISA,CLASSIC,,LISTRADA,G,CS082-LIS-G,1,76,167
CM085,CMLFO-CL,CAMISA CLASSIC XADREZ (MASCULINA),CAMISA,CLASSIC,,LARANJA,M,CM085-LAR-M,1,99,247.5
CM052,,CAMISA COUNTRY LAND MANGA CURTA (MASCULINA),CAMISA,COUNTRY LAND,,XADREZ,M,CM052-XAD-M,0,99,217
CM049,,CAMISA COUNTRY LAND MANGA CURTA (MASCULINA),CAMISA,COUNTRY LAND,,XADREZ,P,CM049-XAD-P,1,99,217
CM050,,CAMISA COUNTRY LAND MANGA CURTA (MASCULINA),CAMISA,COUNTRY LAND,,XADREZ,P,CM050-XAD-P,1,99,217
CM048,,CAMISA COUNTRY LAND MANGA CURTA (MASCULINA),CAMISA,COUNTRY LAND,,XADREZ,GG,CM048-XAD-GG,1,99,217
CM051,,CAMISA COUNTRY LAND MANGA CURTA (MASCULINA),CAMISA,COUNTRY LAND,,XADREZ,M,CM051-XAD-M,1,99,217
CM047,,CAMISA COUNTRY LAND MANGA LONGA (MASCULINA),CAMISA,COUNTRY LAND,,XADREZ,G,CM047-XAD-G,1,95,210
CM046,,CAMISA COUNTRY LAND MANGA LONGA (MASCULINA),CAMISA,COUNTRY LAND,,XADREZ,P,CM046-XAD-P,1,95,210
CS001,63615186838.0,CAMISA FOR WEST CROPPET (FEMININO),CAMISA,FOR WEST,,BRANCA,P,CS001-BRA-P,1,74.9,164.78
CS001,63615186838.0,CAMISA FOR WEST CROPPET (FEMININO),CAMISA,FOR WEST,,BRANCA,G,CS001-BRA-G,1,74.9,164.78
CS001,63615186838.0,CAMISA FOR WEST CROPPET (FEMININO),CAMISA,FOR WEST,,BRANCA,M,CS001-BRA-M,0,74.9,164.78
CS004,63615186838.0,CAMISA FOR WEST CROPPET (FEMININO),CAMISA,FOR WEST,,AZUL,P,CS004-AZU-P,1,74.9,164.78
CS004,63615186838.0,CAMISA FOR WEST CROPPET (FEMININO),CAMISA,FOR WEST,,AZUL,M,CS004-AZU-M,1,74.9,164.78
CS004,63615186838.0,CAMISA FOR WEST CROPPET (FEMININO),CAMISA,FOR WEST,,AZUL,G,CS004-AZU-G,1,74.9,164.78
CS003,63615186838.0,CAMISA FOR WEST CROPPET (FEMININO),CAMISA,FOR WEST,,PRETA,G,CS003-PRE-G,1,74.9,164.78
CS003,63615186838.0,CAMISA FOR WEST CROPPET (FEMININO),CAMISA,FOR WEST,,PRETA,M,CS003-PRE-M,0,74.9,164.78
CS002,63615186838.0,CAMISA FOR WEST CROPPET (FEMININO),CAMISA,FOR WEST,,ROSA,M,CS002-ROS-M,1,74.9,164.78
CS002,63615186838.0,CAMISA FOR WEST CROPPET (FEMININO),CAMISA,FOR WEST,,ROSA,G,CS002-ROS-G,1,74.9,164.78
CM059,2089.0,CAMISA MISS COUNTRY LEGACY (FEMININO),CAMISA,MISS COUNTRY,,PRETA/COM PEDRARIAS,G,CM059-PRE-G,0,308.9,620
CM060,2080.0,CAMISA MISS COUNTRY WILDFLOWER (FEMININO),CAMISA,MISS COUNTRY,,AZUL/COM BORDADO FLORES,G,CM060-AZU-G,1,269.8,540
CM002,61G,CAMISA TEAM ROPING MANGA CURTA (MASCULINO),CAMISA,TEAM ROPING,,XADREZ COLORIDA,G,CM002-XAD-G,1,129.9,285.78
CM001,61M,CAMISA TEAM ROPING MANGA CURTA (MASCULINO),CAMISA,TEAM ROPING,,XADREZ AZUL,M,CM001-XAD-M,1,129.9,285.78
CM035,,CAMISA TEXANUS MANGA CURTA (MASCULINA),CAMISA,TEXANUS,,XADREZ,G,CM035-XAD-G,1,90,198
CM040,,CAMISA TEXANUS MANGA CURTA (MASCULINA),CAMISA,TEXANUS,,XADREZ,G,CM040-XAD-G,1,90,198
CM039,,CAMISA TEXANUS MANGA CURTA (MASCULINA),CAMISA,TEXANUS,,XADREZ,G,CM039-XAD-G,0,90,198
CM038,,CAMISA TEXANUS MANGA CURTA (MASCULINA),CAMISA,TEXANUS,,XADREZ,G,CM038-XAD-G,1,90,198
CM037,,CAMISA TEXANUS MANGA CURTA (MASCULINA),CAMISA,TEXANUS,,XADREZ,P,CM037-XAD-P,1,90,198
CM036,,CAMISA TEXANUS MANGA CURTA (MASCULINA),CAMISA,TEXANUS,,XADREZ,PP,CM036-XAD-PP,1,90,198
CM044,,CAMISA TEXANUS MANGA LONGA (MASCULINA),CAMISA,TEXANUS,,XADREZ,M,CM044-XAD-M,1,95,209
CM042,,CAMISA TEXANUS MANGA LONGA (MASCULINA),CAMISA,TEXANUS,,XADREZ,G,CM042-XAD-G,1,95,209
CM041,,CAMISA TEXANUS MANGA LONGA (MASCULINA),CAMISA,TEXANUS,,XADREZ,G,CM041-XAD-G,0,95,209
CM043,,CAMISA TEXANUS MANGA LONGA (MASCULINA),CAMISA,TEXANUS,,XADREZ,P,CM043-XAD-P,1,95,209
CM045,,CAMISA TEXANUS MANGA LONGA (MASCULINA),CAMISA,TEXANUS,,XADREZ,P,CM045-XAD-P,1,95,209
CM015,,CAMISA TEXAS FARM MANGA CURTA (FEMININO),CAMISA,TEXAS FARM,,XADREZ,G,CM015-XAD-G,1,112,246.4
CM056,CAC835-LOTAD-1663,CAMISA TEXAS FARM MANGA CURTA (MASCULINA),CAMISA,TEXAS FARM,,XADREZ,M,CM056-XAD-M,1,125.31,275.8
CM057,CAC839-LOTED-1663,CAMISA TEXAS FARM MANGA CURTA (MASCULINA),CAMISA,TEXAS FARM,,XADREZ,GG,CM057-XAD-GG,1,125.31,275.8
CM055,CAC838-LOTAD-1743,CAMISA TEXAS FARM MANGA CURTA (MASCULINA),CAMISA,TEXAS FARM,,XADREZ,P,CM055-XAD-P,1,125.31,275.8
CM018,CAC822,CAMISA TEXAS FARM MANGA CURTA (MASCULINA),CAMISA,TEXAS FARM,,XADREZ,M,CM018-XAD-M,0,125.31,275
CM016,CAC886,CAMISA TEXAS FARM MANGA CURTA (MASCULINA),CAMISA,TEXAS FARM,,XADREZ,P,CM016-XAD-P,1,125.31,275
CM017,CAC860,CAMISA TEXAS FARM MANGA CURTA (MASCULINA),CAMISA,TEXAS FARM,,XADREZ,M,CM017-XAD-M,1,125.31,275
CM019,CAC855,CAMISA TEXAS FARM MANGA CURTA (MASCULINA),CAMISA,TEXAS FARM,,XADREZ,G,CM019-XAD-G,0,125.31,275
CM020,CAC861,CAMISA TEXAS FARM MANGA CURTA (MASCULINA),CAMISA,TEXAS FARM,,XADREZ,G,CM020-XAD-G,1,125.31,275
CM021,CAC895,CAMISA TEXAS FARM MANGA CURTA (MASCULINA),CAMISA,TEXAS FARM,,XADREZ,GG,CM021-XAD-GG,0,125.31,275
CM022,CAC896,CAMISA TEXAS FARM MANGA CURTA (MASCULINA),CAMISA,TEXAS FARM,,XADREZ,GG,CM022-XAD-GG,0,125.31,275
CM054,CAC819-LOTAD-1663,CAMISA TEXAS FARM MANGA CURTA (MASCULINA),CAMISA,TEXAS FARM,,XADREZ,M,CM054-XAD-M,1,125.31,275.8
CM023,CAL598,CAMISA TEXAS FARM MANGA LONGA (MASCULINA),CAMISA,TEXAS FARM,,XADREZ,GG,CM023-XAD-GG,0,133.85,295
CM053,,CAMISA TOMAHAWK MANGA CURTA (MASCULINA),CAMISA,TOMAHAWK,,XADREZ,GG,CM053-XAD-GG,0,109,239.8
CM012,,CAMISA TOMAHAWK MANGA CURTA (MASCULINO),CAMISA,TOMAHAWK,,XADREZ,G3,CM012-XAD-G3,1,110,242
CM011,,CAMISA TOMAHAWK MANGA CURTA (MASCULINO),CAMISA,TOMAHAWK,,XADREZ,G1,CM011-XAD-G1,1,110,242
CM014,,CAMISA TOMAHAWK MANGA LONGA (FEMININO),CAMISA,TOMAHAWK,,ROSA,G,CM014-ROS-G,0,129,238.8
CM058,,CAMISA TOMAHAWK MANGA LONGA (MASCULINA),CAMISA,TOMAHAWK,,XADREZ,XGG,CM058-XAD-XGG,1,99,217
CM013,,CAMISA TOMAHAWK MANGA LONGA (MASCULINO),CAMISA,TOMAHAWK,,XADREZ,XXG,CM013-XAD-XXG,1,119,261.8
CM010,,CAMISA TOMAHAWK MANGA LONGA (MASCULINO),CAMISA,TOMAHAWK,,XADREZ,GG,CM010-XAD-GG,2,119,261.8
CM030,,CAMISA TXC MANGA CURTA (MASCULINA),CAMISA,TXC,,XADREZ,M,CM030-XAD-M,1,90,225
CM032,,CAMISA TXC MANGA CURTA (MASCULINA),CAMISA,TXC,,XADREZ,G,CM032-XAD-G,1,90,225
CM033,,CAMISA TXC MANGA CURTA (MASCULINA),CAMISA,TXC,,XADREZ,G,CM033-XAD-G,1,90,225
CM029,,CAMISA TXC MANGA CURTA (MASCULINA),CAMISA,TXC,,XADREZ,GG,CM029-XAD-GG,1,90,225
CM031,,CAMISA TXC MANGA CURTA (MASCULINA),CAMISA,TXC,,XADREZ,G,CM031-XAD-G,1,90,225
CM034,,CAMISA TXC MANGA CURTA (MASCULINA),CAMISA,TXC,,XADREZ,P,CM034-XAD-P,1,90,225
1CM084,,CAMISA WRANGLER CAMISA MANGA LONGA (MASCULINO),CAMISA,WRANGLER,,XADREZ,XL,1CM084-XAD-XL,1,100,250
1CM083,,CAMISA WRANGLER CAMISA MANGA LONGA (MASCULINO),CAMISA,WRANGLER,,XADREZ,XL,1CM083-XAD-XL,0,100,350
CM025,,CAMISA WRANGLER MANGA LONGA (MASCULINA),CAMISA,WRANGLER,,XADREZ,EG,CM025-XAD-EG,1,147,323.4
CM027,,CAMISA WRANGLER MANGA LONGA (MASCULINA),CAMISA,WRANGLER,,XADREZ,EG,CM027-XAD-EG,1,147,323.4
CM028,,CAMISA WRANGLER MANGA LONGA (MASCULINA),CAMISA,WRANGLER,,XADREZ,P,CM028-XAD-P,1,147,323.4
CM024,,CAMISA WRANGLER MANGA LONGA (MASCULINA),CAMISA,WRANGLER,,XADREZ,EG,CM024-XAD-EG,1,147,323.4
CM026,,CAMISA WRANGLER MANGA LONGA (MASCULINA),CAMISA,WRANGLER,,XADERZ,EG,CM026-XAD-EG,1,147,323.4
,,CAMISA XADREZ G,CAMISA,TEXAS FARM,,VERDE,G,CM019,2,0,275
CM063-DU,4251G,CAMISETA AUSTIN BASICA (MASCULINA),CAMISETA,AUSTIN,,LARANJA,G,CM063-DU-LAR-G,2,64.9,162.25
CS071,425156.0,CAMISETA AUSTIN BASICA (MASCULINA),CAMISETA,AUSTIN,,AMARELA,G2,CS071-AMA-G2,1,69.9,174.75
CS070,425157.0,CAMISETA AUSTIN BASICA (MASCULINA),CAMISETA,AUSTIN,,VERDE BANDEITA,G3,CS070-VER-G3,1,69.9,174.75
CS069,4251P,CAMISETA AUSTIN BASICA (MASCULINA),CAMISETA,AUSTIN,,AZUL CLARA,P,CS069-AZU-P,1,64.9,162.61
CS068,4251M,CAMISETA AUSTIN BASICA (MASCULINA),CAMISETA,AUSTIN,,AMARELA,M,CS068-AMA-M,0,64.9,162.61
CS067,4251G,CAMISETA AUSTIN BASICA (MASCULINA),CAMISETA,AUSTIN,,PRETA,G,CS067-PRE-G,1,64.9,162.61
CS066,4251GG,CAMISETA AUSTIN BASICA (MASCULINA),CAMISETA,AUSTIN,,PRETA,GG,CS066-PRE-GG,0,64.9,162.61
CS065,4251GG,CAMISETA AUSTIN BASICA (MASCULINA),CAMISETA,AUSTIN,,AMARELA,GG,CS065-AMA-GG,0,64.9,162.21
CS064,4251GG,CAMISETA AUSTIN BASICA (MASCULINA),CAMISETA,AUSTIN,,VERDE ESCURO,GG,CS064-VER-GG,1,64.9,162.25
CS073,4801GG,CAMISETA AUSTIN BORDADA (MASCULINA),CAMISETA,AUSTIN,,OFF,GG,CS073-OFF-GG,1,84.9,186.78
CS074,4801142.0,CAMISETA AUSTIN BORDADA (MASCULINA),CAMISETA,AUSTIN,,VERDE,EXG,CS074-VER-EXG,1,99.9,219.78
CS072,4801P,CAMISETA AUSTIN BORDADA (MASCULINA),CAMISETA,AUSTIN,,BRANCA,P,CS072-BRA-P,0,84.9,186.78
CS085,4801196.0,CAMISETA AUSTIN ESCRITA (MASCULINO),CAMISETA,AUSTIN,,AZUL,2XG,CS085-AZU-2XG,1,99.9,219.78
CS086,4801196.0,CAMISETA AUSTIN ESCRITA (MASCULINO),CAMISETA,AUSTIN,,BRANCA,2XG,CS086-BRA-2XG,1,99.9,219.78
CS110,4251.0,CAMISETA AUSTIN LISA (MASCULINA),CAMISETA,AUSTIN,,LARANJA,G,CS110-LAR-G,1,64.9,162.61
1CS119,,CAMISETA BASS PRO SHOPPS CAMISETA (MASCULINO),CAMISETA,BASS PRO SHOPPS,,AZUL,2XL,1CS119-AZU-2XL,2,50,150
1CS120,,CAMISETA BASS PRO SHOPPS CAMISETA (MASCULINO),CAMISETA,BASS PRO SHOPPS,,AZUL,P,1CS120-AZU-P,1,50,150
1CS114,,CAMISETA BASS PRO SHOPPS CAMISETA (MASCULINO),CAMISETA,BASS PRO SHOPPS,,CINZA,P,1CS114-CIN-P,2,50,150
1CS121,,CAMISETA BASS PRO SHOPPS CAMISETA (MASCULINO),CAMISETA,BASS PRO SHOPPS,,CINZA,2XL,1CS121-CIN-2XL,1,50,150
1CS122,,CAMISETA BASS PRO SHOPPS CAMISETA (MASCULINO),CAMISETA,BASS PRO SHOPPS,,CINZA,2XL,1CS122-CIN-2XL,1,50,150
1CS123,,CAMISETA BASS PRO SHOPPS CAMISETA (MASCULINO),CAMISETA,BASS PRO SHOPPS,,CINZA,2XL,1CS123-CIN-2XL,1,50,150
1CS135,,CAMISETA BASS PRO SHOPPS CAMISETA (MASCULINO),CAMISETA,BASS PRO SHOPPS,,BRANCO,2XL,1CS135-BRA-2XL,1,50,150
1CS118,,CAMISETA BASS PRO SHOPPS CAMISETA (MASCULINO),CAMISETA,BASS PRO SHOPPS,,CINZA,2XL,1CS118-CIN-2XL,1,50,150
CS032,,CAMISETA CALVIN KLEIN CK (MASCULINA),CAMISETA,CALVIN KLEIN,,VERDE,G,CS032-VER-G,1,147.42,294.84
CS028,,CAMISETA CALVIN KLEIN ESCRITA CK (MASCULINA),CAMISETA,CALVIN KLEIN,,VERDE,M,CS028-VER-M,0,147.41,294.9
CS030,,CAMISETA CALVIN KLEIN ESCRITA CK (MASCULINA),CAMISETA,CALVIN KLEIN,,OFF,G,CS030-OFF-G,0,170,340
CS019,,CAMISETA CALVIN KLEIN ESCRITA CK (MASCULINA),CAMISETA,CALVIN KLEIN,,BORDO,GG,CS019-BOR-GG,1,151.2,302.5
CS018,,CAMISETA CALVIN KLEIN ESCRITA CK (MASCULINA),CAMISETA,CALVIN KLEIN,,AZUL,XG,CS018-AZU-XG,1,151.2,302.5
CS024,,CAMISETA CALVIN KLEIN ESCRITA CK (MASCULINA),CAMISETA,CALVIN KLEIN,,VERMELHA,XG,CS024-VER-XG,1,129.6,259.2
CS025,,CAMISETA CALVIN KLEIN ESCRITA CK (MASCULINA),CAMISETA,CALVIN KLEIN,,AZUL CLARO,XG,CS025-AZU-XG,1,170,340.2
CS026,,CAMISETA CALVIN KLEIN ESCRITA CK (MASCULINA),CAMISETA,CALVIN KLEIN,,VERMELHA VINHO,GG,CS026-VER-GG,1,151.2,302.5
CS035,,CAMISETA CALVIN KLEIN ESCRITA CK (MASCULINA),CAMISETA,CALVIN KLEIN,,VINHO,P,CS035-VIN-P,1,170,340.2
CS033,,CAMISETA CALVIN KLEIN ESCRITA CK (MASCULINA),CAMISETA,CALVIN KLEIN,,AZUL BB,G,CS033-AZU-G,1,170,340.2
CS027,,CAMISETA CALVIN KLEIN ESCRITA CK (MASCULINA),CAMISETA,CALVIN KLEIN,,CINZA,P,CS027-CIN-P,1,129.6,259.2
CS020,,CAMISETA CALVIN KLEIN ESCRITA CK (MASCULINA),CAMISETA,CALVIN KLEIN,,CINZA,GG,CS020-CIN-GG,1,129.6,259.2
CS031,,CAMISETA CALVIN KLEIN LISA (MASCULINA),CAMISETA,CALVIN KLEIN,,CINZA,G,CS031-CIN-G,1,162.54,325
CS023,,CAMISETA CALVIN KLEIN LISA (MASCULINA),CAMISETA,CALVIN KLEIN,,AMARELA,M,CS023-AMA-M,1,162.55,325
CS029,,CAMISETA CALVIN KLEIN LISA (MASCULINA),CAMISETA,CALVIN KLEIN,,VERDE,P,CS029-VER-P,1,151.2,302.4
CS034,,CAMISETA CALVIN KLEIN LISA (MASCULINA),CAMISETA,CALVIN KLEIN,,VERMELHO BORDO,G,CS034-VER-G,0,147.41,294.9
CS021,,CAMISETA CALVIN KLEIN LISA (MASCULINA),CAMISETA,CALVIN KLEIN,,AZUL,GG,CS021-AZU-GG,1,151.2,302.5
CS022,,CAMISETA CALVIN KLEIN LISA (MASCULINA),CAMISETA,CALVIN KLEIN,,BEGE,GG,CS022-BEG-GG,1,143.65,287.28
CS042,,CAMISETA KZN ESTAMPA TRATOR (MASCULINO),CAMISETA,KZN,,AZUL ESCURO,GG,CS042-AZU-GG,1,35,75
CS041,,CAMISETA KZN LISA (MASCULINA),CAMISETA,KZN,,VERDE PISCINA,P,CS041-VER-P,1,35,75
CS037,,CAMISETA KZN LISA (MASCULINA),CAMISETA,KZN,,AZUL,M,CS037-AZU-M,1,35,75
1CS127,,CAMISETA MAGELLAN CAMISETA (MASCULINO),CAMISETA,MAGELLAN,,CINZA,P,1CS127-CIN-P,1,50,150
1CS111,,CAMISETA MAGELLAN CAMISETA (MASCULINO),CAMISETA,MAGELLAN,,PRETO,2XL,1CS111-PRE-2XL,1,50,150
1CS112,,CAMISETA MAGELLAN CAMISETA (MASCULINO),CAMISETA,MAGELLAN,,CINZA,M,1CS112-CIN-M,1,50,150
1CS116,,CAMISETA MAGELLAN CAMISETA (MASCULINO),CAMISETA,MAGELLAN,,CINZA,2XL,1CS116-CIN-2XL,1,50,150
1CS134,,CAMISETA MAGELLAN CAMISETA (MASCULINO),CAMISETA,MAGELLAN,,ROSA,M,1CS134-ROS-M,0,50,150
1CS117,,CAMISETA MAGELLAN CAMISETA (MASCULINO),CAMISETA,MAGELLAN,,CINZA,2XL,1CS117-CIN-2XL,1,50,150
1CS130,,CAMISETA MAGELLAN CAMISETA (MASCULINO),CAMISETA,MAGELLAN,,PRETO,P,1CS130-PRE-P,1,50,150
1CS128,,CAMISETA MAGELLAN CAMISETA (MASCULINO),CAMISETA,MAGELLAN,,CINZA ESCURO,M,1CS128-CIN-M,1,50,150
1CS132,,CAMISETA REALTREE CAMISETA (MASCULINO),CAMISETA,REALTREE,,LARANJA,2XL,1CS132-LAR-2XL,1,50,150
1CS113,,CAMISETA REALTREE CAMISETA (MASCULINO),CAMISETA,REALTREE,,CINZA,P,1CS113-CIN-P,1,50,150
CS099,1057.0,CAMISETA RED MAN BORDADA (MASCULINO),CAMISETA,RED MAN,,BRANCA,XG,CS099-BRA-XG,1,79.9,175.8
CS088,128.0,CAMISETA RED MAN ESCRITA BASICA (MASCULINO),CAMISETA,RED MAN,,BRANCA,GG,CS088-BRA-GG,1,69.9,153.78
CS087,128.0,CAMISETA RED MAN ESCRITA BASICA (MASCULINO),CAMISETA,RED MAN,,PRETO,EG,CS087-PRE-EG,1,69.9,153.78
CS096,128.0,CAMISETA RED MAN ESCRITA BASICA (MASCULINO),CAMISETA,RED MAN,,AMARELA,GG,CS096-AMA-GG,1,69.9,153.78
CS091,128.0,CAMISETA RED MAN ESCRITA BASICA (MASCULINO),CAMISETA,RED MAN,,VINHO,G,CS091-VIN-G,1,69.9,153.78
CS092,128.0,CAMISETA RED MAN ESCRITA BASICA (MASCULINO),CAMISETA,RED MAN,,PRETO,G,CS092-PRE-G,1,69.9,153.78
CS097,128.0,CAMISETA RED MAN ESCRITA BASICA (MASCULINO),CAMISETA,RED MAN,,AZUL,XG,CS097-AZU-XG,1,69.9,153.78
CS093,128.0,CAMISETA RED MAN ESCRITA BASICA (MASCULINO),CAMISETA,RED MAN,,TERRACOTA,G,CS093-TER-G,1,69.9,153.78
CS094,128.0,CAMISETA RED MAN ESCRITA BASICA (MASCULINO),CAMISETA,RED MAN,,PRETO,GG,CS094-PRE-GG,1,69.9,153.78
CS095,128.0,CAMISETA RED MAN ESCRITA BASICA (MASCULINO),CAMISETA,RED MAN,,CAQUI,GG,CS095-CAQ-GG,1,69.9,153.78
CS098,128.0,CAMISETA RED MAN ESCRITA BASICA (MASCULINO),CAMISETA,RED MAN,,AZUL,P,CS098-AZU-P,1,69.9,153.78
CS090,128.0,CAMISETA RED MAN ESCRITA BASICA (MASCULINO),CAMISETA,RED MAN,,OFF,XG,CS090-OFF-XG,0,69.9,153.78
CS089,128.0,CAMISETA RED MAN ESCRITA BASICA (MASCULINO),CAMISETA,RED MAN,,VERMELHA,P,CS089-VER-P,1,69.9,153.78
CS100,129.0,CAMISETA RED MAN LISA (FEMININO),CAMISETA,RED MAN,,BRANCA,P,CS100-BRA-P,1,59.9,131.8
CS107,129.0,CAMISETA RED MAN LISA (MASCILINA),CAMISETA,RED MAN,,BRANCA,G,CS107-BRA-G,0,59.9,131.8
CS105,129.0,CAMISETA RED MAN LISA (MASCILINA),CAMISETA,RED MAN,,AZUL,XG,CS105-AZU-XG,1,59.9,131.8
CS106,129.0,CAMISETA RED MAN LISA (MASCILINA),CAMISETA,RED MAN,,BRANCA,GG,CS106-BRA-GG,1,59.9,131.8
CS104,129.0,CAMISETA RED MAN LISA (MASCULINA),CAMISETA,RED MAN,,MOSTRARDA,G,CS104-MOS-G,1,59.9,131.8
CS108,129.0,CAMISETA RED MAN LISA (MASCULINA),CAMISETA,RED MAN,,LARANJA,M,CS108-LAR-M,1,59.9,131.8
CS109,129.0,CAMISETA RED MAN LISA (MASCULINA),CAMISETA,RED MAN,,PRETA,GG,CS109-PRE-GG,1,59.9,131.8
CS101,129.0,CAMISETA RED MAN LISA (MASCULINO),CAMISETA,RED MAN,,AZUL,G,CS101-AZU-G,1,59.9,131.8
CS102,129.0,CAMISETA RED MAN LISA (MASCULINO),CAMISETA,RED MAN,,BRANCA,XG,CS102-BRA-XG,1,59.9,131.8
CS103,129.0,CAMISETA RED MAN LISA (MASCULINO),CAMISETA,RED MAN,,AZUL BB,P,CS103-AZU-P,1,59.9,131.8
1CS131,,CAMISETA STATE LIFE CAMISETA (MASCULINO),CAMISETA,STATE LIFE,,VERDE,P,1CS131-VER-P,1,50,150
1CS129,,CAMISETA STATE LIFE CAMISETA (MASCULINO),CAMISETA,STATE LIFE,,CINZA,M,1CS129-CIN-M,1,50,150
1CS115,,CAMISETA STATE LIFE CAMISETA (MASCULINO),CAMISETA,STATE LIFE,,CINZA,P,1CS115-CIN-P,1,50,150
CS039,,CAMISETA TEXANUS ESCRITA (MASCULINA),CAMISETA,TEXANUS,,AZUL CLARO,P,CS039-AZU-P,1,35,87.5
CS043,,CAMISETA TEXANUS ESCRITA TEXANUS (MASCULINO),CAMISETA,TEXANUS,,CINZA ESCURO,G,CS043-CIN-G,1,35,87.5
CS038,,CAMISETA TEXANUS ESCRITA TXA (MASCULINA),CAMISETA,TEXANUS,,PRETA,M,CS038-PRE-M,1,45,112
1CS006,CM122,CAMISETA TEXAS FARM CAMISETA (MASCULINO),CAMISETA,TEXAS FARM,,VERMELHO BORDO,P,1CS006-VER-P,1,56.91,125
1CS032,CM583,CAMISETA TEXAS FARM CAMISETA (MASCULINO),CAMISETA,TEXAS FARM,,PRETO,G,1CS032-PRE-G,0,56.91,125
1CS031,CM581,CAMISETA TEXAS FARM CAMISETA (MASCULINO),CAMISETA,TEXAS FARM,,AZUL ROYAL,GG,1CS031-AZU-GG,0,56.91,125
1CS030,CM273,CAMISETA TEXAS FARM CAMISETA (MASCULINO),CAMISETA,TEXAS FARM,,AZUL ROYAL,GG,1CS030-AZU-GG,1,56.91,125
1CS029,CM575,CAMISETA TEXAS FARM CAMISETA (MASCULINO),CAMISETA,TEXAS FARM,,OFF WHITE,GG,1CS029-OFF-GG,0,56.91,125
1CS028,CM684,CAMISETA TEXAS FARM CAMISETA (MASCULINO),CAMISETA,TEXAS FARM,,AZUL MARINHO / OFF,XG,1CS028-AZU-XG,1,62.61,138
1CS027,CM500,CAMISETA TEXAS FARM CAMISETA (MASCULINO),CAMISETA,TEXAS FARM,,AZUL MARINHO,XG,1CS027-AZU-XG,1,62.61,138
1CS025,CM633,CAMISETA TEXAS FARM CAMISETA (MASCULINO),CAMISETA,TEXAS FARM,,VERDE BANDEIRA,G2,1CS025-VER-G2,1,62.61,138
1CS024,CM143,CAMISETA TEXAS FARM CAMISETA (MASCULINO),CAMISETA,TEXAS FARM,,AZUL MARINHO / BRANCO,G2,1CS024-AZU-G2,1,62.61,138
1CS023,CM656,CAMISETA TEXAS FARM CAMISETA (MASCULINO),CAMISETA,TEXAS FARM,,MARROM CAPPUCCINO,G2,1CS023-MAR-G2,1,62.61,138
1CS022,CM500,CAMISETA TEXAS FARM CAMISETA (MASCULINO),CAMISETA,TEXAS FARM,,OFF WHITE,G1,1CS022-OFF-G1,1,62.61,138
1CS021,CM683,CAMISETA TEXAS FARM CAMISETA (MASCULINO),CAMISETA,TEXAS FARM,,VERDE BANDEIRA,G1,1CS021-VER-G1,1,62.61,138
1CS020,CM258,CAMISETA TEXAS FARM CAMISETA (MASCULINO),CAMISETA,TEXAS FARM,,VERDE BANDEIRA / OFF,G1,1CS020-VER-G1,1,62.61,138
1CS019,CM630,CAMISETA TEXAS FARM CAMISETA (MASCULINO),CAMISETA,TEXAS FARM,,CINZA CLARO,GG,1CS019-CIN-GG,0,56.91,125
1CS018,CM258,CAMISETA TEXAS FARM CAMISETA (MASCULINO),CAMISETA,TEXAS FARM,,CINZA CLARO,M,1CS018-CIN-M,1,56.91,125
1CS017,CM633,CAMISETA TEXAS FARM CAMISETA (MASCULINO),CAMISETA,TEXAS FARM,,AZUL BB,G,1CS017-AZU-G,0,56.91,125
1CS016,CM665,CAMISETA TEXAS FARM CAMISETA (MASCULINO),CAMISETA,TEXAS FARM,,AZUL ROYAL,M,1CS016-AZU-M,1,56.91,125
1CS015,CM573,CAMISETA TEXAS FARM CAMISETA (MASCULINO),CAMISETA,TEXAS FARM,,BRANCO,XG,1CS015-BRA-XG,1,62.61,138
1CS014,CM672,CAMISETA TEXAS FARM CAMISETA (MASCULINO),CAMISETA,TEXAS FARM,,OFF WHITE,M,1CS014-OFF-M,1,56.91,125
1CS013,CM617,CAMISETA TEXAS FARM CAMISETA (MASCULINO),CAMISETA,TEXAS FARM,,PRETO,M,1CS013-PRE-M,0,56.91,125
1CS013,CM617,CAMISETA TEXAS FARM CAMISETA (MASCULINO),CAMISETA,TEXAS FARM,,PRETO,G,1CS013-PRE-G,1,56.91,125
1CS012,CM674,CAMISETA TEXAS FARM CAMISETA (MASCULINO),CAMISETA,TEXAS FARM,,VERDE BANDEIRA,XG,1CS012-VER-XG,1,62.61,138
1CS011,CM665,CAMISETA TEXAS FARM CAMISETA (MASCULINO),CAMISETA,TEXAS FARM,,BEGE AREIA,G,1CS011-BEG-G,1,56.91,125
1CS010,CM672,CAMISETA TEXAS FARM CAMISETA (MASCULINO),CAMISETA,TEXAS FARM,,BEGE AREIA,G,1CS010-BEG-G,0,56.91,125
1CS009,CM136,CAMISETA TEXAS FARM CAMISETA (MASCULINO),CAMISETA,TEXAS FARM,,VERMELHO,P,1CS009-VER-P,1,56.91,125
1CS008,CM401,CAMISETA TEXAS FARM CAMISETA (MASCULINO),CAMISETA,TEXAS FARM,,BRANCO,P,1CS008-BRA-P,1,56.91,125
1CS007,CM697,CAMISETA TEXAS FARM CAMISETA (MASCULINO),CAMISETA,TEXAS FARM,,PRETO / OFF WHITE,P,1CS007-PRE-P,1,56.91,125
1CS005,CM682,CAMISETA TEXAS FARM CAMISETA (MASCULINO),CAMISETA,TEXAS FARM,,AZUL ROYAL,P,1CS005-AZU-P,1,56.91,125
CS061,,CAMISETA TEXAS FARM POLO (MASCULINA),CAMISETA,TEXAS FARM,,BRANCA,GG,CS061-BRA-GG,1,85.4,187.88
CS060,,CAMISETA TEXAS FARM POLO (MASCULINA),CAMISETA,TEXAS FARM,,VINHO,G,CS060-VIN-G,1,85.4,187.88
CS036,,CAMISETA TOMAHAWK LISA (MASCULINA),CAMISETA,TOMAHAWK,,PRETO,M,CS036-PRE-M,1,70,175
CS001-DU,,CAMISETA TOMAHAWK MALHA FRICA (ACADEMIA) (UNISEX),CAMISETA,TOMAHAWK,,BRANCA,G,CS001-DU-BRA-G,1,45,99
CS053,,CAMISETA TOMAHAWK POLO (MASCULINA),CAMISETA,TOMAHAWK,,VERMELHA,XXG,CS053-VER-XXG,1,80,176
CS052,,CAMISETA TOMAHAWK POLO (MASCULINA),CAMISETA,TOMAHAWK,,AZUL,GG,CS052-AZU-GG,1,80,176
CS051,,CAMISETA TOMMY HILFIGER ESTAMPA ESCRITA (MASCULINA),CAMISETA,TOMMY HILFIGER,,AZUL ESCURA,GG,CS051-AZU-GG,1,167.89,369.4
CS049,,CAMISETA TOMMY HILFIGER ESTAMPA TIGRE (MASCULINA),CAMISETA,TOMMY HILFIGER,,AZUL ESURA,P,CS049-AZU-P,1,152.9,336.6
CS056,,CAMISETA TOMMY HILFIGER FEIXA BRANCA (MASCULINA),CAMISETA,TOMMY HILFIGER,,AZUL E BRANCO,GG,CS056-AZU-GG,0,149.24,328.32
CS046,,CAMISETA TOMMY HILFIGER LISA (MASCULINA),CAMISETA,TOMMY HILFIGER,,VERDE BANDEIRA,GG,CS046-VER-GG,0,130.58,288.9
CS047,,CAMISETA TOMMY HILFIGER LISA (MASCULINA),CAMISETA,TOMMY HILFIGER,,PRETA,GG,CS047-PRE-GG,1,130.58,288.9
CS050,,CAMISETA TOMMY HILFIGER LISA (MASCULINA),CAMISETA,TOMMY HILFIGER,,PRETA,G,CS050-PRE-G,1,164.16,361.16
CS055,,CAMISETA TOMMY HILFIGER LISA (MASCULINA),CAMISETA,TOMMY HILFIGER,,VERDE BANDEIRA,P,CS055-VER-P,1,164.16,361.2
CS048,,CAMISETA TOMMY HILFIGER LISA (MASCULINA),CAMISETA,TOMMY HILFIGER,,CINZA,M,CS048-CIN-M,1,130.58,288.9
CS045,,CAMISETA TOMMY HILFIGER LISA (MASCULINA),CAMISETA,TOMMY HILFIGER,,BEGE,XG,CS045-BEG-XG,1,130.58,288.9
1CS124,,CAMISETA TSC CAMISETA (MASCULINO),CAMISETA,TSC,,AZUL,2XL,1CS124-AZU-2XL,0,50,150
1CS126,,CAMISETA TSC CAMISETA (MASCULINO),CAMISETA,TSC,,PRETO,2XL,1CS126-PRE-2XL,1,50,150
1CS125,,CAMISETA TSC CAMISETA (MASCULINO),CAMISETA,TSC,,PRETO,XL,1CS125-PRE-XL,0,50,150
CS062,,CAMISETA TXN POLO (MASCULINA),CAMISETA,TXN,,BRANCA,GG,CS062-BRA-GG,1,50,125
CS054,,CAMISETA TXN POLO (MASCULINO),CAMISETA,TXN,,AZUL ESCURA,P,CS054-AZU-P,1,58,136
CS044,,CAMISETA ULTRA JEANS ESCRITA ULTRA (MASCULINO),CAMISETA,ULTRA JEANS,,SALMAO,G,CS044-SAL-G,1,30,75
CS040,,CAMISETA ULTRA JEANS ESTAMPADA (MASCULINA),CAMISETA,ULTRA JEANS,,CINZA,P,CS040-CIN-P,1,30,75
CS057,WM5757AJ,CAMISETA WRANGLER BANDEIRA EUA (MASCULINA),CAMISETA,WRANGLER,,AZUL,M,CS057-AZU-M,1,58.1,145.25
1CS133,,CAMISETA WRANGLER CAMISETA (MASCULINO),CAMISETA,WRANGLER,,AZUL,M,1CS133-AZU-M,1,50,150
CS059,WM5530BE,CAMISETA WRANGLER ESCRITA (MASCULINA),CAMISETA,WRANGLER,,BEGE,GG,CS059-BEG-GG,1,58.1,145.25
CS058,WM5756AP,CAMISETA WRANGLER ESCRITA AMARELA (MASCULINA),CAMISETA,WRANGLER,,AZUL,G,CS058-AZU-G,0,58.1,145.25
,,CARTEIRA C-2626,CARTEIRA,GOYAZES,,,,,0,173.5,347.8
,,CARTEIRA C-2630,CARTEIRA,GOYAZES,,,,,0,172.4,344.8
,,CARTEIRA C-2631,CARTEIRA,GOYZES ,,,,,0,180,360
CART002,9567CL-CI,CARTEIRA CLASSIC COURO (MASCULINO),CARTEIRA,CLASSIC,,PRETO/MARROM,,CART002-PRE,2,59.9,131.8
CART001,6537CL-CI,CARTEIRA CLASSIC COURO (MASCULINO),CARTEIRA,CLASSIC,,MARROM /PRETA,,CART001-MAR,2,69.9,153.8
,,CARTEIRA GOYAZES MASCULINA,CARTEIRA,GOYAZES,,PRETA,,,2,147.4,294.8
,,CARTEIRA MAGICA,CARTEIRA,TXS,,,,,0,74.9,149.8
,110123353360,CHAPEUS 5X CAMPO II ABA/10.0 PRETO 55,,,,,,,1,196.64,550
,110123353360,CHAPEUS 5X CAMPO II ABA/10.0 PRETO 57,,,,,,,2,196.64,550
,110123353360,CHAPEUS 5X CAMPO II ABA/10.0 PRETO 59,,,,,,,1,196.64,550
,110190253861,CHAPEUS 5X COLORADO ABA/10.0 MARROM ESCURO 55,,,,,,,2,212.83,597
,110190253861,CHAPEUS 5X COLORADO ABA/10.0 MARROM ESCURO 57,,,,,,,2,212.83,597
,120147263580,CHAPEUS ARIZONA AMERICAN ABA/10.0 QUADRADA CINZA CLARO 55,,,,,,,1,195.13,597
,120147263580,CHAPEUS ARIZONA AMERICAN ABA/10.0 QUADRADA CINZA CLARO 56,,,,,,,1,195.13,597
,120147263580,CHAPEUS ARIZONA AMERICAN ABA/10.0 QUADRADA CINZA CLARO 57,,,,,,,1,195.13,597
,120147263580,CHAPEUS ARIZONA AMERICAN ABA/10.0 QUADRADA CINZA CLARO 58,,,,,,,1,195.13,597
,120147263580,CHAPEUS ARIZONA AMERICAN ABA/10.0 QUADRADA CINZA CLARO 59,,,,,,,1,195.13,597
,120124033274,CHAPEUS COUNTRY ARIZONA 2015 CAFE 54,,,,,,,1,197.28,597
,120124033274,CHAPEUS COUNTRY ARIZONA 2015 CAFE 55,,,,,,,1,197.28,597
,120124033274,CHAPEUS COUNTRY ARIZONA 2015 CAFE 56,,,,,,,2,197.28,597
,120124033274,CHAPEUS COUNTRY ARIZONA 2015 CAFE 57,,,,,,,2,197.28,597
,120124033274,CHAPEUS COUNTRY ARIZONA 2015 CAFE 58,,,,,,,2,197.28,597
,120124033274,CHAPEUS COUNTRY ARIZONA 2015 CAFE 59,,,,,,,1,197.28,597
,120124033603,CHAPEUS COUNTRY ARIZONA 2015 GELO 55,,,,,,,1,217.01,597
,120124033603,CHAPEUS COUNTRY ARIZONA 2015 GELO 56,,,,,,,1,217.01,597
,120124033603,CHAPEUS COUNTRY ARIZONA 2015 GELO 57,,,,,,,1,217.01,597
,120124033603,CHAPEUS COUNTRY ARIZONA 2015 GELO 58,,,,,,,1,217.01,597
,120124033360,CHAPEUS COUNTRY ARIZONA 2015 PRETO 55,,,,,,,1,197.28,597
,120124033360,CHAPEUS COUNTRY ARIZONA 2015 PRETO 56,,,,,,,2,197.28,597
,120124033360,CHAPEUS COUNTRY ARIZONA 2015 PRETO 57,,,,,,,2,197.28,597
,120124033360,CHAPEUS COUNTRY ARIZONA 2015 PRETO 58,,,,,,,2,197.28,597
,120124033360,CHAPEUS COUNTRY ARIZONA 2015 PRETO 59,,,,,,,1,197.28,597
,,CINTO COUNTRY,CINTO,TXS,,,,,0,109.9,199.9
,,CINTO COUNTRY,CINTO,TXS,,,,,0,119.9,239.99
CINTO027,95680.0,CINTO PAUL WESTER,CINTO,PAUL WESTER,,MARROM,80.0,CINTO027-MAR-80.0,1,139.9,307.78
CINTO022,95685.0,CINTO PAUL WESTER,CINTO,PAUL WESTER,,MARROM,85.0,CINTO022-MAR-85.0,1,139.9,307.78
CINTO026,916100.0,CINTO PAUL WESTER BASICO (UNISSEX),CINTO,PAUL WESTER,,MARROM,100.0,CINTO026-MAR-100.0,2,74.9,164.8
CINTO023,91690.0,CINTO PAUL WESTER BASICO (UNISSEX),CINTO,PAUL WESTER,,MARROM,90.0,CINTO023-MAR-90.0,1,74.9,164.8
CINTO025,6361514207115.0,CINTO PAUL WESTER DETALHES MARROM (UNISSEX),CINTO,PAUL WESTER,,PRETO,115.0,CINTO025-PRE-115.0,0,144.9,252.78
CINTO024,458105.0,CINTO PAUL WESTER DETALHES TURQUESA (FEMININO),CINTO,PAUL WESTER,,MARROM,105.0,CINTO024-MAR-105.0,1,154.9,340.78
CINTO032,105780.0,CINTO PAUL WESTER FIVELA STRASS (FEMININO),CINTO,PAUL WESTER,,PRETO,80.0,CINTO032-PRE-80.0,1,119.9,263.8
CINTO028,126675.0,CINTO PAUL WESTER FIVELA STRASS (FEMININO),CINTO,PAUL WESTER,,MARROM,75.0,CINTO028-MAR-75.0,1,119.9,263.8
CINTO034,11511100.0,CINTO PAUL WESTER FIVELA STRASS (FEMININO),CINTO,PAUL WESTER,,TURQUESA,100.0,CINTO034-TUR-100.0,1,129.9,285.8
CINTO040,91680.0,CINTO PAUL WESTER FIVELA STRASS (MASCULINO),CINTO,PAUL WESTER,,MARROM,80.0,CINTO040-MAR-80.0,1,74.9,165
CINTO030,55880.0,CINTO PAUL WESTER FIVELA STRASS (MASCULINO),CINTO,PAUL WESTER,,MARROM,80.0,CINTO030-MAR-80.0,0,69.9,174.75
CINTO039,98790.0,CINTO PAUL WESTER FIVELA STRASS (MASCULINO),CINTO,PAUL WESTER,,PRETO,90.0,CINTO039-PRE-90.0,1,299.9,399.9
CINTO038,636151946100.0,CINTO PAUL WESTER FIVELA STRASS (MASCULINO),CINTO,PAUL WESTER,,MARROM,110.0,CINTO038-MAR-110.0,1,204.9,450.7
CINTO037,636151946110.0,CINTO PAUL WESTER FIVELA STRASS (MASCULINO),CINTO,PAUL WESTER,,MARROM,100.0,CINTO037-MAR-100.0,1,204.9,450.7
CINTO036,556105.0,CINTO PAUL WESTER FIVELA STRASS (MASCULINO),CINTO,PAUL WESTER,,MARROM,105.0,CINTO036-MAR-105.0,0,69.9,174.75
CINTO029,636151420780.0,CINTO PAUL WESTER FIVELA STRASS (UNISSEX),CINTO,PAUL WESTER,,PRETO,80.0,CINTO029-PRE-80.0,1,144.9,252.78
CINTO031,91695.0,CINTO PAUL WESTER FIVELA STRASS (UNISSEX),CINTO,PAUL WESTER,,MARROM,95.0,CINTO031-MAR-95.0,0,74.9,165
CINTO045,916100.0,CINTO PAUL WESTER FIVELA STRASS (UNISSEX),CINTO,PAUL WESTER,,MARROM,100.0,CINTO045-MAR-100.0,1,89.9,197.78
CINTO033,4610100.0,CINTO PAUL WESTER FIVELA STRASS (UNISSEX),CINTO,PAUL WESTER,,MARROM,100.0,CINTO033-MAR-100.0,1,79.9,175.8
CINTO044,471085.0,CINTO PAUL WESTER FIVELA STRASS (UNISSEX),CINTO,PAUL WESTER,,MARROM,85.0,CINTO044-MAR-85.0,1,79.9,175.8
CINTO043,665110.0,CINTO PAUL WESTER FIVELA STRASS (UNISSEX),CINTO,PAUL WESTER,,MARROM,100.0,CINTO043-MAR-100.0,1,89.9,197.78
CINTO041,7461050.0,CINTO PAUL WESTER FIVELA STRASS (UNISSEX),CINTO,PAUL WESTER,,PRETO,80.0,CINTO041-PRE-80.0,1,299.9,399.9
CINTO042,746100.0,CINTO PAUL WESTER FIVELA STRASS (UNISSEX),CINTO,PAUL WESTER,,MARROM,105.0,CINTO042-MAR-105.0,1,89.9,197.78
CINTO035,91685.0,CINTO PAUL WESTER FIVELA STRASS (UNISSEX),CINTO,PAUL WESTER,,MARROM,85.0,CINTO035-MAR-85.0,1,74.9,165
CINTO004,71685.0,CINTO PAUL WESTERN COURO (FEMININO),CINTO,PAUL WESTERN,,FIVELA STRASS/TACHAS EM STRASS,85.0,CINTO004-FIV-85.0,1,156.56,362.8
CINTO005,124975.0,CINTO PAUL WESTERN COURO (FEMININO),CINTO,PAUL WESTERN,,FIVELA QUADRADA MARROM/TACHAS MARROM E PRATEADA,75.0,CINTO005-FIV-75.0,1,132.9,307.7
CINTO003,1137100.0,CINTO PAUL WESTERN COURO (FEMININO),CINTO,PAUL WESTERN,,FIVELA QUADRADA PRATA /TACHAS PRATEADAS/PRETO,100.0,CINTO003-FIV-100.0,1,113.91,263.8
CINTO007,6361517581190.0,CINTO PAUL WESTERN COURO (FEMININO),CINTO,PAUL WESTERN,,FIVELA QUADRADA /TRABALHADO/STRASS E PEDRARIA/AZUL TURQUESA,90.0,CINTO007-FIV-90.0,1,199.41,461.7
CINTO006,140985.0,CINTO PAUL WESTERN COURO (FEMININO),CINTO,PAUL WESTERN,,"FIVELA QUADRADA MARROM/TACHAS MARROM ,PRATEADA E DOURADA",85.0,CINTO006-FIV-85.0,1,113.61,263
CINTO016,105795.0,CINTO PAUL WESTERN COURO (FEMININO),CINTO,PAUL WESTERN,,FIVELA STRASS/PRETO,95.0,CINTO016-FIV-95.0,0,113.9,263.8
CINTO017,466120.0,CINTO PAUL WESTERN COURO (MASCULINO),CINTO,PAUL WESTERN,,FIVELA PRATA/TRABALHADA TRADICIONAL,120.0,CINTO017-FIV-120.0,1,74.9,175.78
CINTO015,91690.0,CINTO PAUL WESTERN COURO (MASCULINO),CINTO,PAUL WESTERN,,FIVELA PRATA/TRABALHADA TRADICIONAL,90.0,CINTO015-FIV-90.0,1,71.16,164.8
CINTO014,57680.0,CINTO PAUL WESTERN COURO (MASCULINO),CINTO,PAUL WESTERN,,FIVELA PRATA/TRABALHADA TRADICIONAL,80.0,CINTO014-FIV-80.0,1,75.91,175.8
CINTO019,78911025015826.0,CINTO PAUL WESTERN COURO (UNISSEX),CINTO,PAUL WESTERN,,FIVELA PRATA/PELAGEM,90.0,CINTO019-FIV-90.0,1,137.66,318.71
CINTO013,6361518176115.0,CINTO PAUL WESTERN COURO (UNISSEX),CINTO,PAUL WESTERN,,FIVELA PRATA/PELAGEM,115.0,CINTO013-FIV-115.0,1,137.66,318.71
CINTO002,93690.0,CINTO PAUL WESTERN COURO (UNISSEX),CINTO,PAUL WESTERN,,FIVELA PRATA/TRABALHADO /TACHAS OKLAHOMA,90.0,CINTO002-FIV-90.0,1,99.66,230.8
CINTO001,936105.0,CINTO PAUL WESTERN COURO (UNISSEX),CINTO,PAUL WESTERN,,FIVELA PRATA/TRABALHADO /TACHAS OKLAHOMA,105.0,CINTO001-FIV-105.0,1,99.66,230.8
CINTO008,996100.0,CINTO PAUL WESTERN COURO (UNISSEX),CINTO,PAUL WESTERN,,FIVELA PRATA/MIÇANGA AZUL CRUZ,100.0,CINTO008-FIV-100.0,1,284.91,461.7
CINTO009,99695.0,CINTO PAUL WESTERN COURO (UNISSEX),CINTO,PAUL WESTERN,,FIVELA PRATA/MIÇANGA AZUL CRUZ,95.0,CINTO009-FIV-95.0,1,284.91,461.7
CINTO010,97690.0,CINTO PAUL WESTERN COURO (UNISSEX),CINTO,PAUL WESTERN,,FIVELA PRATA/MIÇANGA COLORIDA,90.0,CINTO010-FIV-90.0,0,284,484
CINTO011,PW3516100,CINTO PAUL WESTERN COURO (UNISSEX),CINTO,PAUL WESTERN,,FIVELA PRATA/MIÇANGA VERDE,100.0,CINTO011-FIV-100.0,0,284,484
CINTO012,11824595.0,CINTO PAUL WESTERN COURO (UNISSEX),CINTO,PAUL WESTERN,,FIVELA PRATA/PELAGEM/STRASS,95.0,CINTO012-FIV-95.0,1,151.9,351.78
CINTO018,1166100.0,CINTO PAUL WESTERN COURO (UNISSEX),CINTO,PAUL WESTERN,,FIVELA PRATA/STRASS,100.0,CINTO018-FIV-100.0,1,109.16,252.7
,,CINTO PRETO CROCO,CINTO,MASTER,,,,CINTO,0,109.9,240
CINTO021,,CINTO RENATA MARTINO FIVELAS (FEMININO),CINTO,RENATA MARTINO,,PRATA,,CINTO021-PRA,0,25,62.5
CINTO020,,CINTO RENATA MARTINO FIVELAS (FEMININO),CINTO,RENATA MARTINO,,DOURADO,,CINTO020-DOU,1,25,62.5
,,CINTOS COUNTRY,CINTO,TXS,,,,,0,99.9,199.9
,,CINTOS COUNTRY,CINTO,TXS,,,,,0,99.9,199.9
,,Colar Choker Country ,COLAR,,,Preta/Marrom,unico,COLAR007,9,18,50
,,COLAR CHOKER DEMARCHI ,COLAR,,,COLORIDAS,UNICO ,COLAR008,11,39.9,90
COLAR003,,COLAR RENATA MARTINO GRAVATA (FEMININO),COLAR,RENATA MARTINO,,PRETO,,COLAR003-PRE,1,15,37.5
COLAR004,,COLAR RENATA MARTINO GRAVATA (FEMININO),COLAR,RENATA MARTINO,,MARROM,,COLAR004-MAR,2,15,37.5
COLAR001,,COLAR RENATA MARTINO GRAVATA CAVALO (FEMININO),COLAR,RENATA MARTINO,,PRETO,,COLAR001-PRE,2,15,37.5
COLAR002,,COLAR RENATA MARTINO GRAVATA CAVALO (FEMININO),COLAR,RENATA MARTINO,,MARROM,,COLAR002-MAR,2,15,37.5
COLAR005,,COLAR RENATA MARTINO GRAVATA FERRADURA (FEMININO),COLAR,RENATA MARTINO,,MARROM,,COLAR005-MAR,0,15,37.5
COL005,4601.0,COLETE PWR JEANS (FEMININO),COLETE,PWR,,AZUL,M,COL005-AZU-M,1,119.9,263.78
COL006,4601.0,COLETE PWR JEANS (FEMININO),COLETE,PWR,,AZUL,G,COL006-AZU-G,0,119.9,263.78
COL004,4601.0,COLETE PWR JEANS (FEMININO),COLETE,PWR,,AZUL,P,COL004-AZU-P,1,119.9,263.78
COL009,4604.0,COLETE PWR JEANS ESTRELAS (FEMININO),COLETE,PWR,,PRETO,G,COL009-PRE-G,1,139.9,307.78
COL007,4604.0,COLETE PWR JEANS ESTRELAS (FEMININO),COLETE,PWR,,PRETO,P,COL007-PRE-P,1,139.9,307.78
COL008,4604.0,COLETE PWR JEANS ESTRELAS (FEMININO),COLETE,PWR,,PRETO,M,COL008-PRE-M,1,139.9,307.78
COL001,DUSK-IN020,COLETE TEXAS FARM PUFFER (MASCULINO),COLETE,TEXAS FARM,,PRETO,M,COL001-PRE-M,1,216.5,435
COL002,DUSK-IN020,COLETE TEXAS FARM PUFFER (MASCULINO),COLETE,TEXAS FARM,,PRETO,G,COL002-PRE-G,1,216.5,435
COL003,,COLETE TOMAHAWK PUFFER (UNISSEX),COLETE,TOMAHAWK,,CINZA,G,COL003-CIN-G,1,99.99,249.7
CROP003,2035.0,CROPPED POWER COUNTRY BOI DE RODEIO (FEMININO),CROPPED,POWER COUNTRY,,AZUL BB,M,CROP003-AZU-M,1,24.9,54.8
CROP001,,CROPPED TCB ATACADO CROPPED ESTAMPAS (FEMININO),CROPPED,TCB ATACADO,,PRETO,,CROP001-PRE,1,23,55
CROP002,,CROPPED TCB ATACADO CROPPED ESTAMPAS (FEMININO),CROPPED,TCB ATACADO,,OFF,,CROP002-OFF,1,23,55
FIVELA001,A37066-MF,FIVELA ARIAT METAL (MASCULINO),FIVELA,ARIAT,,SIMBOLO/FLORES,,FIVELA001-SIM,2,206,453.2
FIVELA002,A37022-MF,FIVELA ARIAT METAL (MASCULINO),FIVELA,ARIAT,,SIMBOLO/FLOR,,FIVELA002-SIM,1,153,336.6
FIVELA003,A37018,FIVELA ARIAT METAL (MASCULINO),FIVELA,ARIAT,,PRATA,,FIVELA003-PRA,0,153,336.6
FIVELA004,A37065-MF,FIVELA ARIAT METAL (MASCULINO),FIVELA,ARIAT,,SIMBOLO/TOURO,,FIVELA004-SIM,1,206,453.2
FIVELA005,A37005-MF,FIVELA ARIAT METAL (MASCULINO),FIVELA,ARIAT,,SIMBOLO/ARREDONDADA/PRATA E DOURADA,,FIVELA005-SIM,1,170,374
FIVELA006,A37051-MF,FIVELA ARIAT METAL (MASCULINO),FIVELA,ARIAT,,ARRENDONDADA TEXAS,,FIVELA006-ARR,0,170,374
FL001,,FIVELA LEN RENATA MARTINO ACESSORIO (FEMININO),FIVELA LEN,RENATA MARTINO,,PRATA,,FL001-PRA,3,10,25
FL002,,FIVELA LEN RENATA MARTINO ACESSORIO (FEMININO),FIVELA LEN,RENATA MARTINO,,DOURADO,,FL002-DOU,3,10,25
JAQ16,,JAQUETA,JAQUETA,,,,,JAQ16-XXX,0,0,0
JAQ004,2097.0,JAQUETA ECLIPSE MISS COUNTRY JEANS /COM STRASS (FEMININO),JAQUETA ECLIPSE,MISS COUNTRY,,PRETA,G,JAQ004-PRE-G,1,350.1,769
JAQ003,2097.0,JAQUETA ECLIPSE MISS COUNTRY JEANS /COM STRASS (FEMININO),JAQUETA ECLIPSE,MISS COUNTRY,,PRETA,M,JAQ003-PRE-M,1,350.1,769
JAQ002,2096.0,JAQUETA HERITAGE MISS COUNTRY JEANS (FEMININO),JAQUETA HERITAGE,MISS COUNTRY,,AZUL,P,JAQ002-AZU-P,1,278,610
JAQ001,2096.0,JAQUETA HERITAGE MISS COUNTRY JEANS (FEMININO),JAQUETA HERITAGE,MISS COUNTRY,,AZUL,G,JAQ001-AZU-G,1,278,610
JAQ009,,JAQUETA PAC CUERS COURO (FEMININO),JAQUETA,PAC CUERS,,CARAMELO,XL,JAQ009-CAR-XL,1,460,920
JAQ010,,JAQUETA PAC CUERS COURO (FEMININO),JAQUETA,PAC CUERS,,CARAMELO,G,JAQ010-CAR-G,1,460,920
JAQ013,,JAQUETA PAC CUERS COURO (MASCULINO),JAQUETA,PAC CUERS,,CARAMELO,XXL,JAQ013-CAR-XXL,1,460,920
JAQ012,,JAQUETA PAC CUERS COURO (MASCULINO),JAQUETA,PAC CUERS,,PRETA,XXL,JAQ012-PRE-XXL,1,460,920
JAQ011,,JAQUETA PAC CUERS COURO (MASCULINO),JAQUETA,PAC CUERS,,MARROM,XL,JAQ011-MAR-XL,1,460,920
JAQ014,,JAQUETA PAC CUERS COURO (MASCULINO),JAQUETA,PAC CUERS,,MARROM/CARAMELO,G,JAQ014-MAR-G,1,460,920
JAQ017,4604.0,JAQUETA PWR JEANS (FEMININO),JAQUETA,PWR,,AZUL,M,JAQ017-AZU-M,1,179.9,395.78
JAQ016,4607.0,JAQUETA PWR JEANS (FEMININO),JAQUETA,PWR,,AZUL,G,JAQ016-AZU-G,1,179.9,395.78
JAQ015,4607.0,JAQUETA PWR JEANS (FEMININO),JAQUETA,PWR,,AZUL,P,JAQ015-AZU-P,0,179.9,395.78
JAQ008,RIME-IN023-LOTAD-1339,JAQUETA TEXAS FARM PUFFER (MASCULINO),JAQUETA,TEXAS FARM,,LONA/VERDE,G,JAQ008-LON-G,0,234.56,469
JAQ005,RIME-IN023-LOTAD-1339,JAQUETA TEXAS FARM PUFFER (MASCULINO),JAQUETA,TEXAS FARM,,LONA/VERDE,M,JAQ005-LON-M,1,234.56,469
JAQ006,RIME-IN023-LOTAD-1339,JAQUETA TEXAS FARM PUFFER (MASCULINO),JAQUETA,TEXAS FARM,,LONA/VERDE,GG,JAQ006-LON-GG,0,234.56,469
JAQ007,RIME-IN023-LOTAD-1339,JAQUETA TEXAS FARM PUFFER (MASCULINO),JAQUETA,TEXAS FARM,,LONA/VERDE,P,JAQ007-LON-P,1,234.56,469
JAQ015-DU,,JAQUETA TOMMY HILFIGER FORRADA (MASCULINO),JAQUETA,TOMMY HILFIGER,,AZUL,P,JAQ015-DU-AZU-P,0,460,959.9
LENÇO002,,LENÇO RENATA MARTINO ESTAMPAS (FEMININO),LENÇO,RENATA MARTINO,,ESTAMPAS,PEQUENO,LENÇO002-EST-PEQUENO,5,20,50
LENÇO001,,LENÇO RENATA MARTINO ESTAMPAS (FEMININO),LENÇO,RENATA MARTINO,,ESTAMPAS,GRANDE,LENÇO001-EST-GRANDE,7,25,65
OVER004,7093.0,MAX OVER POWER COUNTRY ESTAMPA CAVALHEIRO (FEMININO),MAX OVER,POWER COUNTRY,,OFF,M,OVER004-OFF-M,1,59.9,131.78
OVER003,7089.0,MAX OVER POWER COUNTRY ESTAMPA DE BOTA (FEMININO),MAX OVER,POWER COUNTRY,,VERMELHA,P,OVER003-VER-P,1,59.9,131.78
OVER005,7095.0,MAX OVER POWER COUNTRY VERIAS BOTAS ESTAMPADAS (FEMININO),MAX OVER,POWER COUNTRY,,BEGE,G,OVER005-BEG-G,1,59.9,131.78
OVER001,,MAX OVER TCB ATACADO CAMISETA OVER ESTAMPAS (FEMININO),MAX OVER,TCB ATACADO,,PRETO,,OVER001-PRE,2,25,60
OVER002,,MAX OVER TCB ATACADO CAMISETA OVER ESTAMPAS (FEMININO),MAX OVER,TCB ATACADO,,OFF,,OVER002-OFF,2,25,60
ML009,8017.0,MOLETOM PWR GOLA REDONDA (FEMININO),MOLETOM,PWR,,PRETO,M,ML009-PRE-M,1,109.9,241.78
ML014,8018.0,MOLETOM PWR GOLA REDONDA (FEMININO),MOLETOM,PWR,,PRETO,G,ML014-PRE-G,1,109.9,241.78
ML013,8018.0,MOLETOM PWR GOLA REDONDA (FEMININO),MOLETOM,PWR,,PRETO,M,ML013-PRE-M,1,109.9,241.78
ML012,8018.0,MOLETOM PWR GOLA REDONDA (FEMININO),MOLETOM,PWR,,PRETO,P,ML012-PRE-P,1,109.9,241.78
ML011,8016.0,MOLETOM PWR GOLA REDONDA (FEMININO),MOLETOM,PWR,,PRETO,M,ML011-PRE-M,1,109.9,241.78
ML010,8017.0,MOLETOM PWR GOLA REDONDA (FEMININO),MOLETOM,PWR,,PRETO,G,ML010-PRE-G,1,109.9,241.78
ML008,8017.0,MOLETOM PWR GOLA REDONDA (FEMININO),MOLETOM,PWR,,PRETO,P,ML008-PRE-P,1,109.9,241.78
ML007,ALLIANCE-MT139,MOLETOM TEXAS FARM COM CAPUZ (UNISSEX),MOLETOM,TEXAS FARM,,PRETO,M,ML007-PRE-M,0,180.41,360
ML005,MT036,MOLETOM TEXAS FARM COM CAPUZ (UNISSEX),MOLETOM,TEXAS FARM,,PRETO/BRANCO,GG,ML005-PRE-GG,0,180.41,360
ML004,FEELING-MTC003,MOLETOM TEXAS FARM GOLA CARECA (UNISSEX),MOLETOM,TEXAS FARM,,PRETO/BEGE,M,ML004-PRE-M,1,123.41,246
ML003,RACE START-MTC004,MOLETOM TEXAS FARM GOLA CARECA (UNISSEX),MOLETOM,TEXAS FARM,,PRETO/CARAMELO,PP,ML003-PRE-PP,1,132.91,265
ML002,RACE START-MTC004,MOLETOM TEXAS FARM GOLA CARECA (UNISSEX),MOLETOM,TEXAS FARM,,PRETO/CARAMELO,G,ML002-PRE-G,1,132.91,265
ML001,,MOLETOM TOMAHAWK COM BOLSO E ESTAMPA (FEMININO),MOLETOM,TOMAHAWK,,PRETO,GG,ML001-PRE-GG,1,150,330
ML006,33759.0,MOLETOM TOMAHAWK COM CAPUZ (FEMININO),MOLETOM,TOMAHAWK,,PRETO/ESTAMPADO,GG,ML006-PRE-GG,1,150,330
PERF013,,PERFUME ARABE AFNAN 9 AM POUR FEMME (FEMININO),PERFUME ARABE,AFNAN 9 AM POUR FEMME,,,100ML,PERF013-XXX-100ML,0,118.45,280
PERF014,,PERFUME ARABE AFNAN 9 PM REBEL (MASCULINO),PERFUME ARABE,AFNAN 9 PM REBEL,,,100ML,PERF014-XXX-100ML,1,118.45,280
PERF012,,PERFUME ARABE ASAD ZANZIBAR (MASCULINO),PERFUME ARABE,ASAD ZANZIBAR,,,100ML,PERF012-XXX-100ML,1,118.45,280
PERF016,,PERFUME ARABE BADEE AL OUD AMETHYST (COMPARTILHAVEL),PERFUME ARABE,BADEE AL OUD AMETHYST,,,100ML,PERF016-XXX-100ML,1,113,349
PERF015,,PERFUME ARABE BADEE AL OUD NOBLE BLUSH (FEMININO),PERFUME ARABE,BADEE AL OUD NOBLE BLUSH,,,100ML,PERF015-XXX-100ML,1,113,349
PERF003,,PERFUME ARABE CLUB DE NUIT ICONIC (MASCULINO),PERFUME ARABE,CLUB DE NUIT ICONIC,,,100ML,PERF003-XXX-100ML,1,164.8,329.6
PERF007,,PERFUME ARABE FAKHAR BLACK (MASCULINO),PERFUME ARABE,FAKHAR BLACK,,,100ML,PERF007-XXX-100ML,1,144.2,349.9
PERF006,,PERFUME ARABE FAKHAR EXTRAIT GOLDEN (COMPARTILHAVEL),PERFUME ARABE,FAKHAR EXTRAIT GOLDEN,,,100ML,PERF006-XXX-100ML,1,97.85,349.9
PERF005,,PERFUME ARABE FAKHAR ROSE (FEMININO),PERFUME ARABE,FAKHAR ROSE,,,100ML,PERF005-XXX-100ML,0,144.2,349.9
PERF025,,PERFUME ARABE HER CONFESSION (FEMININO),PERFUME ARABE,HER CONFESSION,,,100ML,PERF025-XXX-100ML,1,133.9,329.9
PERF022,,PERFUME ARABE KHANJAR (MASCULINO),PERFUME ARABE,KHANJAR,,,85ML,PERF022-XXX-85ML,1,187,439
PERF027,,PERFUME ARABE MAYAR NATURAL INTENSE (FEMININO),PERFUME ARABE,MAYAR NATURAL INTENSE,,,100ML,PERF027-XXX-100ML,1,95,190
PERF026,,PERFUME ARABE MUSAMAN BLACK INTENSE (COMPARTILHÁVEL),PERFUME ARABE,MUSAMAN BLACK INTENSE,,,100ML,PERF026-XXX-100ML,2,185.4,370.8
PERF008,,PERFUME ARABE QUEEN OF ARABIA (FEMININO),PERFUME ARABE,QUEEN OF ARABIA,,,100ML,PERF008-XXX-100ML,1,247.2,549.9
PERF009,,PERFUME ARABE ROYAL AMBER (FEMININO),PERFUME ARABE,ROYAL AMBER,,,80ML,PERF009-XXX-80ML,1,257.5,590
PERF019,,PERFUME ARABE SABAH AL WARD SUGAR (FEMININO),PERFUME ARABE,SABAH AL WARD SUGAR,,,100ML,PERF019-XXX-100ML,1,113,349.9
PERF002,,PERFUME ARABE SABAH AL WARD-GARDEN OF EDEN (FEMININO),PERFUME ARABE,SABAH AL WARD-GARDEN OF EDEN,,,100ML,PERF002-XXX-100ML,2,187.9,419
PERF001,,PERFUME ARABE SABAH AL WARD-TRADICIONAL (FEMININO),PERFUME ARABE,SABAH AL WARD-TRADICIONAL,,,100ML,PERF001-XXX-100ML,2,77.25,280
PERF004,,PERFUME ARABE SHAHEEN SILVER PRATA (MASCULINO),PERFUME ARABE,SHAHEEN SILVER PRATA,,,100ML,PERF004-XXX-100ML,2,123.6,310
PERF018,,PERFUME ARABE TERIAQ (FEMININO),PERFUME ARABE,TERIAQ,,,100ML,PERF018-XXX-100ML,1,164,439.9
PERF021,,PERFUME ARABE THARWAH GOLD (FEMININO),PERFUME ARABE,THARWAH GOLD,,,100ML,PERF021-XXX-100ML,1,118.9,399.9
PERF017,,PERFUME ARABE VULCAN FEU (COMPARTILHAVEL),PERFUME ARABE,VULCAN FEU,,,100ML,PERF017-XXX-100ML,1,113,439.9
PERF020,,PERFUME ARABE YARA ROSE (FEMININO),PERFUME ARABE,YARA ROSE,,,100ML,PERF020-XXX-100ML,2,128.75,259
PERF028,,PERFUME GRIFE 212 MEN NYC (MASCULINO),PERFUME GRIFE,212 MEN NYC,,,100ML,PERF028-XXX-100ML,1,305,615
PERF011,,PERFUME GRIFE ANIMALE FOR MEN (MASCULINO),PERFUME GRIFE,ANIMALE FOR MEN,,,100ML,PERF011-XXX-100ML,1,113.3,359
PERF030,,PERFUME GRIFE GOOD GIRL (FEMININO),PERFUME GRIFE,GOOD GIRL,,,80ML,PERF030-XXX-80ML,1,401.7,810
PERF024,,PERFUME GRIFE HUGO BOSS MAN (MASCULINO),PERFUME GRIFE,HUGO BOSS MAN,,,100ML,PERF024-XXX-100ML,1,247,439
PERF029,,PERFUME GRIFE LA VIE EST BELLE (FEMININO),PERFUME GRIFE,LA VIE EST BELLE,,,100ML,PERF029-XXX-100ML,1,375.95,750
PERF010,,PERFUME GRIFE SCANDAL (FEMININO),PERFUME GRIFE,SCANDAL,,,80ML,PERF010-XXX-80ML,1,381.1,765
PERF023,,PERFUME GRIFE VERSACE EROS FLAME (MASCULINO),PERFUME GRIFE,VERSACE EROS FLAME,,,100ML,PERF023-XXX-100ML,1,368.76,469.9
,,PORTA CARTAO DEMARCHI,PORTA-CARTÃO,,,COLORIDAS,UNICO,PCARTAO003,3,39.9,90
PCARTAO001,6509CL-CI,PORTA-CARTÃO CLASSIC COURO (MASCULINO),PORTA-CARTÃO,CLASSIC,,MARROM,,PCARTAO001-MAR,2,37.3,85
REG004,1930.0,REGATA POWER COUNTRY CORACAO PWC (FEMININO),REGATA,POWER COUNTRY,,AZUL,G,REG004-AZU-G,0,25.9,54.8
REG003,1822.0,REGATA POWER COUNTRY COWGIRL ESCRITA (FEMININO),REGATA,POWER COUNTRY,,MARROM,M,REG003-MAR-M,1,24.9,54.8
REG002,,REGATA TCB ATACADO REGATA ESTAMPAS (FEMININO),REGATA,TCB ATACADO,,OFF,,REG002-OFF,3,18,50
REG001,,REGATA TCB ATACADO REGATA ESTAMPAS (FEMININO),REGATA,TCB ATACADO,,PRETO,,REG001-PRE,0,18,50
REG005,RT004,REGATA TEXAS FARM CANELADA (FEMININO),REGATA,TEXAS FARM,,VERDE CHA,M,REG005-VER-M,1,49.3,110
REG005-DU,94140010049.0,REGATA TEXAS FARM PENAS (FEMININA),REGATA,TEXAS FARM,,MARROM,PP,REG005-DU-MAR-PP,0,51.9,114.18
SHORTBABY003,SH-JE-CL,SHORT BABY CLASSIC JEANS (UNISSEX),SHORT BABY,CLASSIC,,JEANS,P,SHORTBABY003-JEA-P,0,53,116.9
SHORTBABY002,SH-ST-CL,SHORT BABY CLASSIC JEANS (UNISSEX),SHORT BABY,CLASSIC,,JEANS,M,SHORTBABY002-JEA-M,1,53,116.9
SHORTBABY001,SH-JSST-CL,SHORT BABY CLASSIC JEANS (UNISSEX),SHORT BABY,CLASSIC,,JEANS,G,SHORTBABY001-JEA-G,1,53,116.9
SHORT001-DU,6361516571.0,SHORT FOR WEST TACTEL (MASCULINO),SHORT,FOR WEST,,AZUL ESCURO,M,SHORT001-DU-AZU-M,0,64.9,142.8
SHORT001-DU2,6361516571.0,SHORT FOR WEST TACTEL (MASCULINO),SHORT,FOR WEST,,VERDE FLORECENTE,GG,SHORT001-DU2-VER-GG,1,64.9,142.8
SHORT001,6361516571.0,SHORT FOR WEST TACTEL (MASCULINO),SHORT,FOR WEST,,AZUL PISCINA,P,SHORT001-AZU-P,1,64.9,142.8
SHORT012,4905.0,SHORT PWR JEANS (FEMININO),SHORT,PWR,,AZUL,40.0,SHORT012-AZU-40.0,1,134.9,296.78
SHORT013,4905.0,SHORT PWR JEANS (FEMININO),SHORT,PWR,,AZUL,42.0,SHORT013-AZU-42.0,1,134.9,296.78
SHORT009,997.0,SHORT RED MAN ESTAMPADO (MASCULINO),SHORT,RED MAN,,ROSA,G,SHORT009-ROS-G,0,65,143
SHORT008,997.0,SHORT RED MAN ESTAMPADO (MASCULINO),SHORT,RED MAN,,BRANCO,M,SHORT008-BRA-M,1,65,143
SHORT007,997.0,SHORT RED MAN ESTAMPADO (MASCULINO),SHORT,RED MAN,,VERDE,GG,SHORT007-VER-GG,1,65,143
SHORT010,658.0,SHORT RED MAN LISO (MASCULINO),SHORT,RED MAN,,ROSA,GG,SHORT010-ROS-GG,0,65,143
SHORT011,658.0,SHORT RED MAN LISO (MASCULINO),SHORT,RED MAN,,PRETO,G3,SHORT011-PRE-G3,1,65,143
SHORT006,BDS022,SHORT TEXAS FARM TACTEL (MASCULINO),SHORT,TEXAS FARM,,AZUL PETROLEO / LARANJA NEON,G,SHORT006-AZU-G,0,66.41,147
SHORT006,BDS022,SHORT TEXAS FARM TACTEL (MASCULINO),SHORT,TEXAS FARM,,AZUL PETROLEO / LARANJA NEON,GG,SHORT006-AZU-GG,1,66.41,147
SHORT002,BDS022,SHORT TEXAS FARM TACTEL (MASCULINO),SHORT,TEXAS FARM,,AZUL MARINHO / VERDE NEON,P,SHORT002-AZU-P,1,66.41,147
SHORT002,BDS022,SHORT TEXAS FARM TACTEL (MASCULINO),SHORT,TEXAS FARM,,AZUL MARINHO / VERDE NEON,M,SHORT002-AZU-M,1,66.41,147
SHORT002,BDS022,SHORT TEXAS FARM TACTEL (MASCULINO),SHORT,TEXAS FARM,,AZUL MARINHO / VERDE NEON,G,SHORT002-AZU-G,1,66.41,147
SHORT002,BDS022,SHORT TEXAS FARM TACTEL (MASCULINO),SHORT,TEXAS FARM,,AZUL MARINHO / VERDE NEON,XG,SHORT002-AZU-XG,1,66.41,147
SHORT002,BDS022,SHORT TEXAS FARM TACTEL (MASCULINO),SHORT,TEXAS FARM,,AZUL MARINHO / VERDE NEON,GG,SHORT002-AZU-GG,0,66.41,147
SHORT003,BDS022,SHORT TEXAS FARM TACTEL (MASCULINO),SHORT,TEXAS FARM,,PRETO / AMARELO NEON,P,SHORT003-PRE-P,1,66.41,147
SHORT003,BDS022,SHORT TEXAS FARM TACTEL (MASCULINO),SHORT,TEXAS FARM,,PRETO / AMARELO NEON,M,SHORT003-PRE-M,1,66.41,147
SHORT003,BDS022,SHORT TEXAS FARM TACTEL (MASCULINO),SHORT,TEXAS FARM,,PRETO / AMARELO NEON,G,SHORT003-PRE-G,1,66.41,147
SHORT003,BDS022,SHORT TEXAS FARM TACTEL (MASCULINO),SHORT,TEXAS FARM,,PRETO / AMARELO NEON,XG,SHORT003-PRE-XG,1,66.41,147
SHORT003,BDS022,SHORT TEXAS FARM TACTEL (MASCULINO),SHORT,TEXAS FARM,,PRETO / AMARELO NEON,GG,SHORT003-PRE-GG,0,66.41,147
SHORT004,BDS021,SHORT TEXAS FARM TACTEL (MASCULINO),SHORT,TEXAS FARM,,VERDE FLORESTA,P,SHORT004-VER-P,1,66.41,147
SHORT004,BDS021,SHORT TEXAS FARM TACTEL (MASCULINO),SHORT,TEXAS FARM,,VERDE FLORESTA,M,SHORT004-VER-M,0,66.41,147
SHORT005,BDS023,SHORT TEXAS FARM TACTEL (MASCULINO),SHORT,TEXAS FARM,,VERDE MILITAR,XG,SHORT005-VER-XG,1,66.41,147
SHORT005,BDS023,SHORT TEXAS FARM TACTEL (MASCULINO),SHORT,TEXAS FARM,,VERDE MILITAR,GG,SHORT005-VER-GG,0,66.41,147
TSH005,,TSHIRT GOIANIA CAMISETA ESTAMPAS (FEMININO),TSHIRT,GOIANIA,,TERRACOTA,G,TSH005-TER-G,2,20,45.9
TSH003,,TSHIRT GOIANIA CAVALO BORDADO (FEMININO),TSHIRT,GOIANIA,,MARROM,M,TSH003-MAR-M,1,20,45.9
TSH002,,TSHIRT GOIANIA CHAPEU WILD WEST (FEMININO),TSHIRT,GOIANIA,,MARROM,P,TSH002-MAR-P,0,20,45.9
TSH008,,TSHIRT GOIANIA COWGIRL FERRADURA (FEMININO),TSHIRT,GOIANIA,,MARROM,GG,TSH008-MAR-GG,0,20,45.9
TSH004,,TSHIRT GOIANIA ESCRITA COWGIRL (FEMININO),TSHIRT,GOIANIA,,BEGE,M,TSH004-BEG-M,0,20,45.9
TSH007,,TSHIRT GOIANIA ESTAMPA BOTA FLORIDA (FEMININO),TSHIRT,GOIANIA,,MARROM,G,TSH007-MAR-G,1,20,45.9
TSH009,,TSHIRT GOIANIA ESTAMPA TAMBOR (FEMININO),TSHIRT,GOIANIA,,LARANJA,GG,TSH009-LAR-GG,0,20,45.9
TSH006,,TSHIRT GOIANIA ESTAMPA TAMBOR (FEMININO),TSHIRT,GOIANIA,,BRANCA,G,TSH006-BRA-G,1,20,45.9
TSH011,,TSHIRT GOIANIA FERRADURA BOTA (FEMININO),TSHIRT,GOIANIA,,PRETA,GG,TSH011-PRE-GG,0,20,45.9
TSH012,3398.0,TSHIRT MISS COUNTRY DARLING (FEMININO),TSHIRT,MISS COUNTRY,,ESTAMPADO/OFF,PP,TSH012-EST-PP,1,133.8,266.6
TSH013,3390.0,TSHIRT MISS COUNTRY ETHINIC (FEMININO),TSHIRT,MISS COUNTRY,,ESTAMPADO/COM STRASS,PP,TSH013-EST-PP,1,123,247
TSH014,1312.0,TSHIRT RED MAN LISA (FEMININA),TSHIRT,RED MAN,,ROSA,P,TSH014-ROS-P,1,69.9,154
TSH015,1312.0,TSHIRT RED MAN LISA (FEMININA),TSHIRT,RED MAN,,ROSA,G,TSH015-ROS-G,0,69.9,154
TSH001,,TSHIRT TCB ATACADO BLUSA ESTAMPAS (FEMININO),TSHIRT,TCB ATACADO,,PRET0,,TSH001-PRE,3,25,58
TSH010,,TSHIRT TOMAHAWK ESTAMPA GIRL (FEMININO),TSHIRT,TOMAHAWK,,BRANCA,M,TSH010-BRA-M,1,40,88
UV002,UVF006,UV50+ TEXAS FARM MANGA LONGA (FEMININO),UV50+,TEXAS FARM,,ROSA PINK / BRANCO,M,UV002-ROS-M,1,81.61,180
UV002,UVF006,UV50+ TEXAS FARM MANGA LONGA (FEMININO),UV50+,TEXAS FARM,,ROSA PINK / BRANCO,G,UV002-ROS-G,1,81.61,180
UV002,UVF006,UV50+ TEXAS FARM MANGA LONGA (FEMININO),UV50+,TEXAS FARM,,ROSA PINK / BRANCO,GG,UV002-ROS-GG,1,81.61,180
UV001,UVF006,UV50+ TEXAS FARM MANGA LONGA (FEMININO),UV50+,TEXAS FARM,,AMARELO NEON,P,UV001-AMA-P,1,81.61,180
UV001,UVF006,UV50+ TEXAS FARM MANGA LONGA (FEMININO),UV50+,TEXAS FARM,,AMARELO NEON,M,UV001-AMA-M,1,81.61,180
UV001,UVF006,UV50+ TEXAS FARM MANGA LONGA (FEMININO),UV50+,TEXAS FARM,,AMARELO NEON,G,UV001-AMA-G,1,81.61,180
UV003,UVM001,UV50+ TEXAS FARM MANGA LONGA (MASCULINO),UV50+,TEXAS FARM,,AZUL INDICO / BRANCO,P,UV003-AZU-P,1,81.61,180
UV003,UVM001,UV50+ TEXAS FARM MANGA LONGA (MASCULINO),UV50+,TEXAS FARM,,AZUL INDICO / BRANCO,M,UV003-AZU-M,1,81.61,180
UV003,UVM001,UV50+ TEXAS FARM MANGA LONGA (MASCULINO),UV50+,TEXAS FARM,,AZUL INDICO / BRANCO,GG,UV003-AZU-GG,1,81.61,180
VEST002,3399.0,VESTIDO MISS COUNTRY VESTIDO OAK (FEMININO),VESTIDO,MISS COUNTRY,,MARROM,M,VEST002-MAR-M,1,329,649.9
VEST001,3399.0,VESTIDO MISS COUNTRY VESTIDO OAK (FEMININO),VESTIDO,MISS COUNTRY,,MARROM,P,VEST001-MAR-P,1,329,649.9
VTD002,9505.0,VESTIDO POWER COUNTRY MIDI MALHA (FEMININO),VESTIDO,POWER COUNTRY,,PRETO,GG,VTD002-PRE-GG,1,79.9,175.78
VTD001,9504.0,VESTIDO POWER COUNTRY VESTIDO MIDI DE MALHA (FEMININO),VESTIDO,POWER COUNTRY,,OFF,P,VTD001-OFF-P,1,79.9,175.78