codigo_interno,codigo_fornecedor,categoria,marca,descricao,genero,preco_custo,preco_venda,qtd_variantes,estoque_total
COL004,4601,COLETE,PWR,JEANS,FEMININO,119.9,263.78,1,1
COL005,4601,COLETE,PWR,JEANS,FEMININO,119.9,263.78,1,1
COL006,4601,COLETE,PWR,JEANS,FEMININO,119.9,263.78,1,1
COL007,4604,COLETE,PWR,JEANS ESTRELAS,FEMININO,139.9,307.78,1,1
COL008,4604,COLETE,PWR,JEANS ESTRELAS,FEMININO,139.9,307.78,1,1
COL009,4604,COLETE,PWR,JEANS ESTRELAS,FEMININO,139.9,307.78,1,1
SHORT012,4905,SHORT,PWR,JEANS,FEMININO,134.9,296.78,1,1
SHORT013,4905,SHORT,PWR,JEANS,FEMININO,134.9,296.78,1,1
JAQ015,4607,JAQUETA,PWR,JEANS,FEMININO,179.9,395.78,2,2
JAQ016,4607,JAQUETA,PWR,JEANS,FEMININO,179.9,395.78,1,1
JAQ017,4604,JAQUETA,PWR,JEANS,FEMININO,179.9,395.78,1,1
ML008,8017,MOLETOM,PWR,GOLA REDONDA,FEMININO,109.9,241.78,1,1
ML009,8017,MOLETOM,PWR,GOLA REDONDA,FEMININO,109.9,241.78,1,1
ML010,8017,MOLETOM,PWR,GOLA REDONDA,FEMININO,109.9,241.78,1,1
ML011,8016,MOLETOM,PWR,GOLA REDONDA,FEMININO,109.9,241.78,1,1
ML012,8018,MOLETOM,PWR,GOLA REDONDA,FEMININO,109.9,241.78,1,1
ML013,8018,MOLETOM,PWR,GOLA REDONDA,FEMININO,109.9,241.78,1,1
ML014,8018,MOLETOM,PWR,GOLA REDONDA,FEMININO,109.9,241.78,1,1
CAL096,4518,CALCA,PWR,JEANS,FEMININO,279.9,615.78,1,1
CAL097,4508,CALCA,PWR,JEANS,FEMININO,169.9,373.78,1,1
BN001,WMC425,BONE,WRANGLER,BONE RASO,MASCULINO,0,0,1,1
BN002,WMC430,BONE,WRANGLER,BONE RASO,MASCULINO,0,0,1,1
BN003,DOUBLE-TF912,BONE,TEXAS FARM,BONE TRADICIONAL TELA,MASCULINO,59.9,131.78,1,1
BN004,RANCH FIRE-TF741,BONE,TEXAS FARM,BONE TRADICIONAL FECHADO,MASCULINO,59.9,131.78,1,1
BN005,TF355-LOTAD-1776,BONE,TEXAS FARM,BONE TRADICIONAL FECHADO,MASCULINO,59.9,131.78,1,1
BN006,TF1056-LOTAD-1787,BONE,TEXAS FARM,BONE TRADICIONAL TELA,MASCULINO,59.9,131.78,1,1
BN007,TF1016-LOTAD 1807,BONE,TEXAS FARM,BONE TRADICIONAL TELA,MASCULINO,59.9,131.78,1,1
BN008,NEW TEXAS-TF690,BONE,TEXAS FARM,BONE TRADICIONAL FECHADO,MASCULINO,59.9,131.78,1,1
BN009,AMERICAN TOUR-TF862,BONE,TEXAS FARM,BONE TRADICIONAL FECHADO,MASCULINO,59.9,131.78,1,1
BN010,MIDDLE FARMING- TF1047/INF,BONE,TEXAS FARM,BONE JUVENIL TELA,MASCULINO,59.9,131.78,1,1
BN011,MCC060064-CI,BONE,CINCH,BONE TRADICIONAL TELA/IMPORTADO,MASCULINO,162.0,356.4,1,1
BN012,MCC0653322,BONE,CINCH,BONE TRADICIONAL TELA FECHADO,MASCULINO,162.0,356.4,1,1
BN013,B-ARIAT,BONE,ARIAT,BONE TRADICIONAL TELA/ABA RETA,MASCULINO,158.0,347.6,1,1
BN014,B-ARIAT,BONE,ARIAT,BONE TRADICIONAL TELA,MASCULINO,158.0,347.6,1,1
BN015,B-ARIAT,BONE,ARIAT,BONE TRADICIONAL TELA,MASCULINO,158.0,347.6,1,1
BN016,B-ARIAT,BONE,ARIAT,BONE TRADICIONAL TELA,MASCULINO,158.0,347.6,1,1
BN017,B-ARIAT,BONE,ARIAT,BONE TRADICIONAL TELA,MASCULINO,158.0,347.6,1,1
BN018,B-ARIAT,BONE,ARIAT,BONE TRADICIONAL TELA,MASCULINO,158.0,347.6,1,1
BN019,BA-CLEQ-FA,BONE,CLASSIC,BONE TRADICIONAL TELA,MASCULINO,42.0,105.01,1,1
BN020,,BONE,TOMAHAWK,BONE TRADICIONAL TELA,MASCULINO,60.0,132.01,1,1
BN021,,BONE,TOMAHAWK,BONE COPA BAIXA,MASCULINO,60.0,132.01,1,1
BN022,AMERICAN TOUR-TF862-LOTAD-1683,BONE,TEXAS FARM,BONE TRADICIONAL FECHADO,MASCULINO,59.9,131.86,1,1
BN023,,BONE,TEXAS FARM,BONE TRADIONAL TELA,MASCULINO,29.9,99.9,1,1
BN024,,BONE,TXC,BONE TRADICIONAL TELA,MASCULINO,29.9,99.9,1,1
BN025,,BONE,TXC,BONE TRADICIONAL TELA,MASCULINO,29.9,99.9,1,1
BN026,,BONE,TXC,BONE TRADIONAL TELA,MASCULINO,29.9,99.9,1,1
BN027,,BONE,TXC,BONE TRADICIONAL TELA,MASCULINO,29.9,99.9,1,1
CART001,6537CL-CI,CARTEIRA,CLASSIC,COURO,MASCULINO,69.9,153.8,1,2
PCARTAO001,6509CL-CI,PORTA-CARTAO,CLASSIC,COURO,MASCULINO,37.3,85.0,1,2
CART002,9567CL-CI,CARTEIRA,CLASSIC,COURO,MASCULINO,59.9,131.8,1,2
CINTO001,936105,CINTO,PAUL WESTERN,COURO,UNISSEX,99.66,230.8,1,1
CINTO002,93690,CINTO,PAUL WESTERN,COURO,UNISSEX,99.66,230.8,1,1
CINTO003,1137100,CINTO,PAUL WESTERN,COURO,FEMININO,113.91,263.8,1,1
CINTO004,71685,CINTO,PAUL WESTERN,COURO,FEMININO,156.56,362.8,1,1
CINTO005,124975,CINTO,PAUL WESTERN,COURO,FEMININO,132.9,307.7,1,1
CINTO006,140985,CINTO,PAUL WESTERN,COURO,FEMININO,113.61,263.0,1,1
CINTO007,6361517581190,CINTO,PAUL WESTERN,COURO,FEMININO,199.41,461.7,1,1
CINTO008,996100,CINTO,PAUL WESTERN,COURO,UNISSEX,284.91,461.7,1,1
CINTO009,99695,CINTO,PAUL WESTERN,COURO,UNISSEX,284.91,461.7,1,1
CINTO010,97690,CINTO,PAUL WESTERN,COURO,UNISSEX,284.0,484.0,1,1
CINTO011,PW3516100,CINTO,PAUL WESTERN,COURO,UNISSEX,284.0,484.0,1,1
CINTO012,11824595,CINTO,PAUL WESTERN,COURO,UNISSEX,151.9,351.78,1,1
CINTO013,6361518176115,CINTO,PAUL WESTERN,COURO,UNISSEX,137.66,318.71,1,1
CINTO014,57680,CINTO,PAUL WESTERN,COURO,MASCULINO,75.91,175.8,1,1
CINTO015,91690,CINTO,PAUL WESTERN,COURO,MASCULINO,71.16,164.8,1,1
CINTO016,105795,CINTO,PAUL WESTERN,COURO,FEMININO,113.9,263.8,1,1
CINTO017,466120,CINTO,PAUL WESTERN,COURO,MASCULINO,74.9,175.78,1,1
CINTO018,1166100,CINTO,PAUL WESTERN,COURO,UNISSEX,109.16,252.7,1,1
CINTO019,78911025015826,CINTO,PAUL WESTERN,COURO,UNISSEX,137.66,318.71,1,1
FIVELA001,A37066-MF,FIVELA,ARIAT,METAL,MASCULINO,206.0,453.2,1,2
FIVELA002,A37022-MF,FIVELA,ARIAT,METAL,MASCULINO,153.0,336.6,1,1
FIVELA003,A37018,FIVELA,ARIAT,METAL,MASCULINO,153.0,336.6,1,1
FIVELA004,A37065-MF,FIVELA,ARIAT,METAL,MASCULINO,206.0,453.2,1,1
FIVELA005,A37005-MF,FIVELA,ARIAT,METAL,MASCULINO,170.0,374.0,1,1
FIVELA006,A37051-MF,FIVELA,ARIAT,METAL,MASCULINO,170.0,374.0,1,1
CS001,63615186838,CAMISA,FOR WEST,CROPPET,FEMININO,74.9,164.78,4,4
CS002,63615186838,CAMISA,FOR WEST,CROPPET,FEMININO,74.9,164.78,2,2
CS003,63615186838,CAMISA,FOR WEST,CROPPET,FEMININO,74.9,164.78,2,2
CS004,63615186838,CAMISA,FOR WEST,CROPPET,FEMININO,74.9,164.78,3,3
SHORT001,6361516571,SHORT,FOR WEST,TACTEL,MASCULINO,64.9,142.8,3,3
BOT001,456235151,BOTA,CLASSIC,BOTA TENIS,MASCULINO,265.91,615.9,1,1
BOT002,456260162,BOTA,CLASSIC,BOTA TENIS,MASCULINO,265.91,615.9,1,1
BOT003,45623540,BOTA,CLASSIC,BOTA TENIS,MASCULINO,265.91,615.9,1,1
BOT004,45626040,BOTA,CLASSIC,BOTA TENIS,MASCULINO,265.91,615.9,1,1
BOT005,456260162,BOTA,CLASSIC,BOTA TENIS,MASCULINO,265.91,615.9,1,1
BOT006,456260151,BOTA,CLASSIC,BOTA TENIS,MASCULINO,265.91,615.9,1,1
CM001,61M,CAMISA,TEAM ROPING,MANGA CURTA,MASCULINO,129.9,285.78,1,1
CM002,61G,CAMISA,TEAM ROPING,MANGA CURTA,MASCULINO,129.9,285.78,1,1
CM003,363171,CAMISA,AUSTIN,MANGA CURTA,MASCULINO,139.9,307.7,1,2
CM004,363171,CAMISA,AUSTIN,MANGA CURTA,MASCULINO,139.9,307.7,1,1
CM005,363171,CAMISA,AUSTIN,MANGA CURTA,MASCULINO,139.9,307.7,1,1
CM006,368171,CAMISA,AUSTIN,MANGA LONGA,MASCULINO,149.9,329.78,1,2
CM007,368171,CAMISA,AUSTIN,MANGA LONGA,MASCULINO,149.9,329.78,2,2
CM008,368171,CAMISA,AUSTIN,MANGA LONGA,MASCULINO,149.9,329.78,1,2
CM009,368171,CAMISA,AUSTIN,MANGA LONGA,MASCULINO,149.9,329.78,1,1
CAL001,CCM-LON-38/48,CALCA,CLASSIC,JEANS,MASCULINO,109.4,270.9,1,1
CAL002,ROUTE-PDM025,CALCA,TEXAS FARM,JEANS,MASCULINO,123.41,270.5,2,2
CAL003,STYLE THREE HARD-PDM003,CALCA,TEXAS FARM,JEANS,MASCULINO,120.56,265.25,2,2
CAL004,STYLE FOUR HARD-PDM004,CALCA,TEXAS FARM,JEANS,MASCULINO,120.56,265.25,2,2
CAL005,HARD-PDM021,CALCA,TEXAS FARM,JEANS,MASCULINO,135.75,298.65,1,1
CAL006,STYLE MB31534001-CI,CALCA,CINCH SAWYER,JEANS,MASCULINO,454.0,998.0,1,1
CAL032,STYLE FOUR HARD-PDM004,CALCA,TEXAS FARM,JEANS,MASCULINO,120.56,265.25,1,1
CAL033,STYLE THREE HARD-PDM003,CALCA,TEXAS FARM,JEANS,MASCULINO,120.56,265.25,1,1
CAL034,HARD-PDM021,CALCA,TEXAS FARM,JEANS,MASCULINO,135.75,298.65,1,1
CAL035,STYLE MB90530001-CI,CALCA,CINCH SAWYER,JEANS,MASCULINO,310.0,680.0,3,3
CAL036,CCM-LON-32/40,CALCA,CLASSIC,JEANS,MASCULINO,109.4,240.9,1,1
CAL037,109950,CALCA,MISS COUNTRY,JEANS,FEMININO,381.0,760.0,1,1
BOT007,DL024,BOTA,SHERIFF WEST,COURO,MASCULINO,269.0,590.0,1,1
BOT008,DL024,BOTA,SHERIFF WEST,COURO,MASCULINO,269.0,590.0,1,1
BOT009,DL024,BOTA,SHERIFF WEST,COURO,MASCULINO,269.0,590.0,1,1
BOT010,DL024,BOTA,SHERIFF WEST,COURO,MASCULINO,269.0,590.0,1,1
BOT011,DL024,BOTA,SHERIFF WEST,COURO,MASCULINO,269.0,590.0,1,1
BOT012,DL024,BOTA,SHERIFF WEST,COURO,MASCULINO,269.0,590.0,1,1
BOT013,DL004,BOTA,SHERIFF WEST,COURO,FEMININO,299.0,660.0,1,1
BOT014,DL004,BOTA,SHERIFF WEST,COURO,FEMININO,299.0,660.0,1,2
BOT015,DL004,BOTA,SHERIFF WEST,COURO,FEMININO,299.0,660.0,1,2
BOT016,DL004,BOTA,SHERIFF WEST,COURO,FEMININO,299.0,660.0,1,2
BOT017,DL004,BOTA,SHERIFF WEST,COURO,FEMININO,299.0,660.0,1,1
BOT018,DL004,BOTA,SHERIFF WEST,COURO,FEMININO,299.0,660.0,1,1
BOT019,DL004,BOTA,SHERIFF WEST,COURO,FEMININO,299.0,660.0,1,1
BOT020,DL004,BOTA,SHERIFF WEST,COURO,FEMININO,299.0,660.0,1,1
BOT021,DL004,BOTA,SHERIFF WEST,COURO,FEMININO,299.0,660.0,1,1
BOT022,DL004,BOTA,SHERIFF WEST,COURO,FEMININO,299.0,660.0,1,1
BOT023,DL024,BOTA,SHERIFF WEST,COURO,MASCULINO,269.0,590.0,1,1
BOT024,DL004,BOTA,SHERIFF WEST,COURO,FEMININO,299.0,660.0,1,2
BOT025,DL004,BOTA,SHERIFF WEST,COURO,FEMININO,299.0,660.0,1,1
BOT026,DL004,BOTA,SHERIFF WEST,COURO,FEMININO,299.0,660.0,1,2
BOT027,DL004,BOTA,SHERIFF WEST,COURO,FEMININO,299.0,660.0,1,1
BOT028,DL024,BOTA,SHERIFF WEST,COURO,MASCULINO,269.0,590.0,1,1
BOT029,DL004,BOTA,SHERIFF WEST,COURO,FEMININO,299.0,660.0,1,1
BOT030,DL004,BOTA,SHERIFF WEST,COURO,FEMININO,299.0,660.0,1,1
BOT031,DL004,BOTA,SHERIFF WEST,COURO,FEMININO,299.0,660.0,1,1
CAL038,AMERICAN-PDF039,CALCA,TEXAS FARM,JEANS,FEMININO,161.41,355.0,1,1
CAL039,1096,CALCA,MISS COUNTRY,JEANS,FEMININO,379.0,840.0,1,1
CAL040,CCF-STR/CLR-36,CALCA,CLASSIC,JEANS,FEMININO,119.0,260.0,1,1
CAL041,1098,CALCA,MISS COUNTRY,JEANS SAVANNA,FEMININO,360.4,790.0,1,1
CAL042,1070,CALCA,MISS COUNTRY,JEANS BASIC,FEMININO,154.4,340.0,1,1
JAQ001,2096,JAQUETA,MISS COUNTRY,JEANS,FEMININO,278.0,610.0,1,1
CAL043,CCF-STR/CLR-42,CALCA,CLASSIC,JEANS,FEMININO,119.0,260.0,1,1
CAL044,STYLE THREE HARD-PDM003,CALCA,TEXAS FARM,JEANS,FEMININO,120.56,265.25,1,1
CAL045,CCM-LON-42,CALCA,CLASSIC,JEANS,MASCULINO,109.0,240.0,1,1
CAL046,CCM-LON-36/46,CALCA,CLASSIC,JEANS,MASCULINO,109.0,240.0,1,1
CAL047,CCM-LON-35/44,CALCA,CLASSIC,JEANS,MASCULINO,109.0,240.0,1,1
CAL048,CCM-LON-33/42,CALCA,CLASSIC,JEANS,MASCULINO,109.0,240.0,1,1
CAL049,CCM-LON-40/50,CALCA,CLASSIC,JEANS,MASCULINO,109.0,240.0,1,1
CAL050,1095,CALCA,MISS COUNTRY,JEANS TEXAS,FEMININO,252.2,560.0,1,1
CAL051,1095,CALCA,MISS COUNTRY,JEANS TEXAS,FEMININO,252.2,560.0,1,1
CAL052,1099,CALCA,MISS COUNTRY,JEANS DESERT SOUL,FEMININO,381.0,840.0,1,1
JAQ002,2096,JAQUETA,MISS COUNTRY,JEANS,FEMININO,278.0,610.0,1,1
JAQ003,2097,JAQUETA,MISS COUNTRY,JEANS /COM STRASS,FEMININO,350.1,769.0,1,1
CAL053,CCM-LON-30/38,CALCA,CLASSIC,JEANS,MASCULINO,109.0,240.0,1,1
CAL054,MB31534001-CI,CALCA,CINCH,JEANS,MASCULINO,454.0,910.0,1,1
CAL055,MB98034006,CALCA,CINCH SILVER LABEL 2,JEANS,MASCULINO,330.0,725.0,1,2
CAL056,10008403,CALCA,ARIAT,JEANS,MASCULINO,468.0,940.0,1,1
CAL057,MB90633006,CALCA,CINCH BLACK LABEL 2,JEANS,MASCULINO,390.0,860.0,1,1
CAL058,ROUTE-PDM025,CALCA,TEXAS FARM,JEANS,MASCULINO,123.41,270.0,1,1
CAL059,STONED-PDM027,CALCA,TEXAS FARM,JEANS,MASCULINO,135.75,298.0,1,1
CAL060,STYLE THREE HARD-PDM003,CALCA,TEXAS FARM,JEANS,MASCULINO,120.56,265.0,1,1
CAL061,CCF-STR/CLR-38,CALCA,CLASSIC,JEANS,FEMININO,119.0,260.0,1,1
CAL062,1095,CALCA,MISS COUNTRY,JEANS TEXAS,FEMININO,252.2,560.0,1,1
CAL063,7013,CALCA,COUNTRY LAND,JEANS,FEMININO,0,249.75,1,1
CAL064,1070,CALCA,MISS COUNTRY,JEANS BASIC,FEMININO,154.4,340.0,1,1
CAL065,21M4CHD60,CALCA,WRANGLER,JEANS LYCRA,FEMININO,144.9,318.78,1,1
CM059,2089,CAMISA,MISS COUNTRY,LEGACY,FEMININO,308.9,620.0,1,1
CM060,2080,CAMISA,MISS COUNTRY,WILDFLOWER,FEMININO,269.8,540.0,1,1
CAL066,CCF-STR/CLR-40,CALCA,CLASSIC,JEANS,FEMININO,119.0,260.0,1,1
CAL067,STYLE FOUR HARD-PMD004,CALCA,TEXAS FARM,JEANS,MASCULINO,120.56,265.25,1,1
CAL068,1088,CALCA,MISS COUNTRY,JEANS WILDFLOWER,FEMININO,360.4,720.0,1,1
CM061,CMLLO-CL-XDF-M,CAMISA,CLASSIC,MANGA LONGA,MASCULINO,119.0,260.0,1,1
CM062,CMCEX-CL-XDF-M,CAMISA,CLASSIC,MANGA CURTA,MASCULINO,119.0,260.0,1,1
CS077,,CAMISA,CLASSIC,POLO,MASCULINO,84.0,185.0,1,1
CS078,,CAMISA,CLASSIC,POLO,MASCULINO,84.0,185.0,1,1
CS079,,CAMISA,CLASSIC,POLO,MASCULINO,76.0,167.0,1,1
CS080,,CAMISA,CLASSIC,POLO,MASCULINO,76.0,167.0,1,1
CS081,,CAMISA,CLASSIC,POLO,MASCULINO,76.0,167.0,1,1
CS082,,CAMISA,CLASSIC,POLO,MASCULINO,76.0,167.0,1,1
CS083,,CAMISA,CLASSIC,POLO,MASCULINO,84.0,185.0,1,1
CS084,,CAMISA,CLASSIC,POLO,MASCULINO,84.0,185.0,1,1
CM063,CMLFLI-CL/DT,CAMISA,CLASSIC,MANGA LONGA,FEMININO,104.0,230.0,2,2
CM064,CMLFLI-CL/DT,CAMISA,CLASSIC,MANGA LONGA,FEMININO,104.0,230.0,1,1
CM065,CMFLO-CL-XDF-G,CAMISA,CLASSIC,MANGA LONGA,FEMININO,104.0,230.0,1,1
CM066,CMFLO-CL-XDF-GG,CAMISA,CLASSIC,MANGA LONGA,FEMININO,104.0,230.0,1,1
CM067,CMLLO-CL-XDF-G,CAMISA,CLASSIC,MANGA LONGA,FEMININO,104.0,230.0,1,1
CM068,CMLFLI-CL/DT,CAMISA,CLASSIC,MANGA LONGA,FEMININO,104.0,230.0,1,1
CM069,CMLFLI-CL/DT,CAMISA,CLASSIC,MANGA LONGA,FEMININO,104.0,230.0,1,1
CM070,CMCEX-CL-XDF-PP,CAMISA,CLASSIC,MANGA CURTA,MASCULINO,109.0,240.0,1,1
CM071,CMCEX-CL-XDF-PP,CAMISA,CLASSIC,MANGA CURTA,MASCULINO,109.0,240.0,1,1
CM072,CMCLO-CL-XDF-PP,CAMISA,CLASSIC,MANGA CURTA,MASCULINO,109.0,240.0,1,1
CM073,CMCEX-CL-XDF-P,CAMISA,CLASSIC,MANGA CURTA,MASCULINO,109.0,240.0,1,1
CM074,CMLEX-CL-XDF-P,CAMISA,CLASSIC,MANGA CURTA,MASCULINO,109.0,240.0,1,1
CM075,CMCEX-CL-XDF-P,CAMISA,CLASSIC,MANGA CURTA,MASCULINO,109.0,240.0,1,1
CM076,CMLLO-CL-XDF-PP,CAMISA,CLASSIC,MANGA LONGA,MASCULINO,119.0,260.0,1,1
CM077,CMLEX-CL-XDF-M,CAMISA,CLASSIC,MANGA LONGA,MASCULINO,119.0,260.0,1,1
CM078,,CAMISA,CLASSIC,MANGA CURTA,MASCULINO,109.0,240.0,1,1
CM079,CMCEX-CL-XDF-M,CAMISA,CLASSIC,MANGA CURTA,MASCULINO,109.0,240.0,1,1
CM080,CMCEX-CLXDF-M,CAMISA,CLASSIC,MANGA CURTA,MASCULINO,109.0,240.0,1,1
CM081,CMCEX-CL-XDF-GG,CAMISA,CLASSIC,MANGA CURTA,MASCULINO,109.0,240.0,1,1
CM082,CMLEX-CL-XDF-GG,CAMISA,CLASSIC,MANGA LONGA,MASCULINO,119.0,260.0,1,1
CAL069,FREE SOUL-PDF056,CALCA,TEXAS FARM,JEANS,FEMININO,161.41,355.0,1,1
CAL070,DAILY BASIC-PDF051,CALCA,TEXAS FARM,JEANS,FEMININO,115.0,255.0,1,1
CAL071,DAILY BASIC-PDF051,CALCA,TEXAS FARM,JEANS,FEMININO,115.0,255.0,1,1
JAQ004,2097,JAQUETA,MISS COUNTRY,JEANS /COM STRASS,FEMININO,350.1,769.0,1,1
VEST001,3399,VESTIDO,MISS COUNTRY,VESTIDO OAK,FEMININO,329.0,649.9,1,1
TSH012,3398,TSHIRT,MISS COUNTRY,DARLING,FEMININO,133.8,266.6,1,1
TSH013,3390,TSHIRT,MISS COUNTRY,ETHINIC,FEMININO,123.0,247.0,1,1
CAL072,13M68PW36UN,CALCA,WRANGLER,COWBOY CUT,MASCULINO,159.9,351.78,1,1
CAL073,MB90633006,CALCA,CINCH BLACK LABEL 2,JEANS,MASCULINO,390.0,860.0,1,1
CAL074,1070,CALCA,MISS COUNTRY,JEANS BASIC,FEMININO,154.4,340.0,1,1
SHORTBABY001,SH-JSST-CL,SHORT BABY,CLASSIC,JEANS,UNISSEX,53.0,116.9,1,2
SHORTBABY002,SH-ST-CL,SHORT BABY,CLASSIC,JEANS,UNISSEX,53.0,116.9,1,1
SHORTBABY003,SH-JE-CL,SHORT BABY,CLASSIC,JEANS,UNISSEX,53.0,116.9,1,1
JAQ005,RIME-IN023-LOTAD-1339,JAQUETA,TEXAS FARM,PUFFER,MASCULINO,234.56,469.0,1,1
JAQ006,RIME-IN023-LOTAD-1339,JAQUETA,TEXAS FARM,PUFFER,MASCULINO,234.56,469.0,1,1
JAQ007,RIME-IN023-LOTAD-1339,JAQUETA,TEXAS FARM,PUFFER,MASCULINO,234.56,469.0,1,1
COL001,DUSK-IN020,COLETE,TEXAS FARM,PUFFER,MASCULINO,216.5,435.0,1,1
COL002,DUSK-IN020,COLETE,TEXAS FARM,PUFFER,MASCULINO,216.5,435.0,1,1
ML002,RACE START-MTC004,MOLETOM,TEXAS FARM,GOLA CARECA,UNISSEX,132.91,265.0,1,1
ML003,RACE START-MTC004,MOLETOM,TEXAS FARM,GOLA CARECA,UNISSEX,132.91,265.0,1,1
ML004,FEELING-MTC003,MOLETOM,TEXAS FARM,GOLA CARECA,UNISSEX,123.41,246.0,1,1
ML005,MT036,MOLETOM,TEXAS FARM,COM CAPUZ,UNISSEX,180.41,360.0,1,1
ML006,33759,MOLETOM,TOMAHAWK,COM CAPUZ,FEMININO,150.0,330.0,1,1
ML007,ALLIANCE-MT139,MOLETOM,TEXAS FARM,COM CAPUZ,UNISSEX,180.41,360.0,1,1
JAQ008,RIME-IN023-LOTAD-1339,JAQUETA,TEXAS FARM,PUFFER,MASCULINO,234.56,469.0,1,1
JAQ009,,JAQUETA,PAC CUERS,COURO,FEMININO,460.0,920.0,1,1
JAQ010,,JAQUETA,PAC CUERS,COURO,FEMININO,460.0,920.0,1,1
VEST002,3399,VESTIDO,MISS COUNTRY,VESTIDO OAK,FEMININO,329.0,649.9,1,1
JAQ011,,JAQUETA,PAC CUERS,COURO,MASCULINO,460.0,920.0,1,1
JAQ012,,JAQUETA,PAC CUERS,COURO,MASCULINO,460.0,920.0,1,1
JAQ013,,JAQUETA,PAC CUERS,COURO,MASCULINO,460.0,920.0,1,1
JAQ014,,JAQUETA,PAC CUERS,COURO,MASCULINO,460.0,920.0,1,1
PERF001,,PERFUME ARABE,,SABAH AL WARD-TRADICIONAL,FEMININO,77.25,280.0,1,2
PERF002,,PERFUME ARABE,,SABAH AL WARD-GARDEN OF EDEN,FEMININO,187.9,419.0,1,2
PERF003,,PERFUME ARABE,,CLUB DE NUIT ICONIC,MASCULINO,164.8,329.6,1,1
PERF004,,PERFUME ARABE,,SHAHEEN SILVER PRATA,MASCULINO,123.6,310.0,1,2
PERF005,,PERFUME ARABE,,FAKHAR ROSE,FEMININO,144.2,349.9,1,1
PERF006,,PERFUME ARABE,,FAKHAR EXTRAIT GOLDEN,UNISSEX,97.85,349.9,1,1
PERF007,,PERFUME ARABE,,FAKHAR BLACK,MASCULINO,144.2,349.9,1,1
PERF008,,PERFUME ARABE,,QUEEN OF ARABIA,FEMININO,247.2,549.9,1,1
PERF009,,PERFUME ARABE,,ROYAL AMBER,FEMININO,257.5,590.0,1,1
PERF010,,PERFUME GRIFE,,SCANDAL,FEMININO,381.1,765.0,1,1
PERF011,,PERFUME GRIFE,,ANIMALE FOR MEN,MASCULINO,113.3,359.0,1,1
PERF012,,PERFUME ARABE,,ASAD ZANZIBAR,MASCULINO,118.45,280.0,1,1
PERF013,,PERFUME ARABE,,AFNAN 9 AM POUR FEMME,FEMININO,118.45,280.0,1,1
PERF014,,PERFUME ARABE,,AFNAN 9 PM REBEL,MASCULINO,118.45,280.0,1,1
PERF015,,PERFUME ARABE,,BADEE AL OUD NOBLE BLUSH,FEMININO,113.0,349.0,1,1
PERF016,,PERFUME ARABE,,BADEE AL OUD AMETHYST,UNISSEX,113.0,349.0,1,1
PERF017,,PERFUME ARABE,,VULCAN FEU,UNISSEX,113.0,439.9,1,1
PERF018,,PERFUME ARABE,,TERIAQ,FEMININO,164.0,439.9,1,1
PERF019,,PERFUME ARABE,,SABAH AL WARD SUGAR,FEMININO,113.0,349.9,1,1
PERF020,,PERFUME ARABE,,YARA ROSE,FEMININO,128.75,259.0,1,2
PERF021,,PERFUME ARABE,,THARWAH GOLD,FEMININO,118.9,399.9,1,1
PERF022,,PERFUME ARABE,,KHANJAR,MASCULINO,187.0,439.0,1,1
PERF023,,PERFUME GRIFE,,VERSACE EROS FLAME,MASCULINO,368.76,469.9,1,1
PERF024,,PERFUME GRIFE,,HUGO BOSS MAN,MASCULINO,247.0,439.0,1,1
CM016,CAC886,CAMISA,TEXAS FARM,MANGA CURTA,MASCULINO,125.31,275.0,1,1
CM017,CAC860,CAMISA,TEXAS FARM,MANGA CURTA,MASCULINO,125.31,275.0,1,1
CM018,CAC822,CAMISA,TEXAS FARM,MANGA CURTA,MASCULINO,125.31,275.0,1,1
CM019,CAC855,CAMISA,TEXAS FARM,MANGA CURTA,MASCULINO,125.31,275.0,1,1
CM020,CAC861,CAMISA,TEXAS FARM,MANGA CURTA,MASCULINO,125.31,275.0,1,1
CM021,CAC895,CAMISA,TEXAS FARM,MANGA CURTA,MASCULINO,125.31,275.0,1,1
CM022,CAC896,CAMISA,TEXAS FARM,MANGA CURTA,MASCULINO,125.31,275.0,1,1
CM023,CAL598,CAMISA,TEXAS FARM,MANGA LONGA,MASCULINO,133.85,295.0,1,1
SHORT002,BDS022,SHORT,TEXAS FARM,TACTEL,MASCULINO,66.41,147.0,5,5
SHORT003,BDS022,SHORT,TEXAS FARM,TACTEL,MASCULINO,66.41,147.0,5,5
SHORT004,BDS021,SHORT,TEXAS FARM,TACTEL,MASCULINO,66.41,147.0,2,2
SHORT005,BDS023,SHORT,TEXAS FARM,TACTEL,MASCULINO,66.41,147.0,2,2
SHORT006,BDS022,SHORT,TEXAS FARM,TACTEL,MASCULINO,66.41,147.0,2,2
BODY001,BP002,BODY,TEXAS FARM,POLIAMIDA,FEMININO,70.2,155.0,3,3
BODY002,BP002,BODY,TEXAS FARM,POLIAMIDA,FEMININO,70.2,155.0,1,1
REG005,RT004,REGATA,TEXAS FARM,CANELADA,FEMININO,49.3,110.0,2,2
UV001,UVF006,UV50+,TEXAS FARM,MANGA LONGA,FEMININO,81.61,180.0,3,3
UV002,UVF006,UV50+,TEXAS FARM,MANGA LONGA,FEMININO,81.61,180.0,3,3
UV003,UVM001,UV50+,TEXAS FARM,MANGA LONGA,MASCULINO,81.61,180.0,3,3
1CS005,CM682,CAMISETA,TEXAS FARM,CAMISETA,MASCULINO,56.91,125.0,1,1
1CS006,CM122,CAMISETA,TEXAS FARM,CAMISETA,MASCULINO,56.91,125.0,1,1
1CS007,CM697,CAMISETA,TEXAS FARM,CAMISETA,MASCULINO,56.91,125.0,1,1
1CS008,CM401,CAMISETA,TEXAS FARM,CAMISETA,MASCULINO,56.91,125.0,1,1
1CS009,CM136,CAMISETA,TEXAS FARM,CAMISETA,MASCULINO,56.91,125.0,1,1
1CS010,CM672,CAMISETA,TEXAS FARM,CAMISETA,MASCULINO,56.91,125.0,1,1
1CS011,CM665,CAMISETA,TEXAS FARM,CAMISETA,MASCULINO,56.91,125.0,1,1
1CS012,CM674,CAMISETA,TEXAS FARM,CAMISETA,MASCULINO,62.61,138.0,1,1
1CS013,CM617,CAMISETA,TEXAS FARM,CAMISETA,MASCULINO,56.91,125.0,2,2
1CS014,CM672,CAMISETA,TEXAS FARM,CAMISETA,MASCULINO,56.91,125.0,1,1
1CS015,CM573,CAMISETA,TEXAS FARM,CAMISETA,MASCULINO,62.61,138.0,1,1
1CS016,CM665,CAMISETA,TEXAS FARM,CAMISETA,MASCULINO,56.91,125.0,1,1
1CS017,CM633,CAMISETA,TEXAS FARM,CAMISETA,MASCULINO,56.91,125.0,1,1
1CS018,CM258,CAMISETA,TEXAS FARM,CAMISETA,MASCULINO,56.91,125.0,1,1
1CS019,CM630,CAMISETA,TEXAS FARM,CAMISETA,MASCULINO,56.91,125.0,1,1
1CS020,CM258,CAMISETA,TEXAS FARM,CAMISETA,MASCULINO,62.61,138.0,1,1
1CS021,CM683,CAMISETA,TEXAS FARM,CAMISETA,MASCULINO,62.61,138.0,1,1
1CS022,CM500,CAMISETA,TEXAS FARM,CAMISETA,MASCULINO,62.61,138.0,1,1
1CS023,CM656,CAMISETA,TEXAS FARM,CAMISETA,MASCULINO,62.61,138.0,1,1
1CS024,CM143,CAMISETA,TEXAS FARM,CAMISETA,MASCULINO,62.61,138.0,1,1
1CS025,CM633,CAMISETA,TEXAS FARM,CAMISETA,MASCULINO,62.61,138.0,1,1
1CS027,CM500,CAMISETA,TEXAS FARM,CAMISETA,MASCULINO,62.61,138.0,1,1
1CS028,CM684,CAMISETA,TEXAS FARM,CAMISETA,MASCULINO,62.61,138.0,1,1
1CS029,CM575,CAMISETA,TEXAS FARM,CAMISETA,MASCULINO,56.91,125.0,1,1
1CS030,CM273,CAMISETA,TEXAS FARM,CAMISETA,MASCULINO,56.91,125.0,1,1
1CS031,CM581,CAMISETA,TEXAS FARM,CAMISETA,MASCULINO,56.91,125.0,1,1
1CS032,CM583,CAMISETA,TEXAS FARM,CAMISETA,MASCULINO,56.91,125.0,1,1
BN028,,BONE,RICHARDSON,BONE TRADICIONAL TELA,MASCULINO,60.0,250.0,1,1
BN029,,BONE,RICHARDSON,BONE TRADICIONAL TELA,MASCULINO,60.0,250.0,1,3
BN030,,BONE,TSC,BONE TRADICIONAL TELA,MASCULINO,60.0,250.0,1,1
BN031,,BONE,CABELAS,BONE TRADICIONAL TELA,MASCULINO,60.0,250.0,1,1
BN032,,BONE,ARIAT,BONE TRADICIONAL,MASCULINO,60.0,250.0,1,1
BN033,,BONE,ACADEMY,BONE TRADICIONAL TELA,MASCULINO,60.0,250.0,1,1
BN034,,BONE,MAGELLAN,BONE TRADICIONAL TELA,MASCULINO,60.0,250.0,1,1
BN035,,BONE,CAVENDER'S,BONE TRADICIONAL TELA,MASCULINO,60.0,250.0,1,2
BN036,,BONE,BASS PRO SHOPPS,BONE TRADICIONAL TELA,MASCULINO,60.0,180.0,1,1
BN037,,BONE,BASS PRO SHOPPS,BONE TRADICIONAL TELA,MASCULINO,60.0,180.0,1,1
BN038,,BONE,BASS PRO SHOPPS,BONE TRADICIONAL TELA,MASCULINO,60.0,180.0,1,1
BN039,,BONE,BASS PRO SHOPPS,BONE TRADICIONAL TELA,FEMININO,60.0,180.0,1,1
BN040,,BONE,BASS PRO SHOPPS,BONE TRADICIONAL TELA,FEMININO,60.0,180.0,1,1
BN041,,BONE,BASS PRO SHOPPS,BONE TRADICIONAL TELA,FEMININO,60.0,180.0,1,1
BN042,,BONE,WRANGLER,BONE TRADICIONAL TELA,MASCULINO,60.0,180.0,1,2
BN043,,BONE,WRANGLER,BONE TRADICIONAL TELA,MASCULINO,60.0,180.0,1,1
BN044,,BONE,USA,BONE TRADICIONAL TELA,MASCULINO,60.0,180.0,1,3
1CS111,,CAMISETA,MAGELLAN,CAMISETA,MASCULINO,50.0,150.0,1,1
1CS112,,CAMISETA,MAGELLAN,CAMISETA,MASCULINO,50.0,150.0,1,1
1CS113,,CAMISETA,REALTREE,CAMISETA,MASCULINO,50.0,150.0,1,1
1CS114,,CAMISETA,BASS PRO SHOPPS,CAMISETA,MASCULINO,50.0,150.0,1,2
1CS115,,CAMISETA,STATE LIFE,CAMISETA,MASCULINO,50.0,150.0,1,1
1CS116,,CAMISETA,MAGELLAN,CAMISETA,MASCULINO,50.0,150.0,1,1
1CS117,,CAMISETA,MAGELLAN,CAMISETA,MASCULINO,50.0,150.0,1,1
1CS118,,CAMISETA,BASS PRO SHOPPS,CAMISETA,MASCULINO,50.0,150.0,1,1
1CS119,,CAMISETA,BASS PRO SHOPPS,CAMISETA,MASCULINO,50.0,150.0,1,2
1CS120,,CAMISETA,BASS PRO SHOPPS,CAMISETA,MASCULINO,50.0,150.0,1,1
1CS121,,CAMISETA,BASS PRO SHOPPS,CAMISETA,MASCULINO,50.0,150.0,1,1
1CS122,,CAMISETA,BASS PRO SHOPPS,CAMISETA,MASCULINO,50.0,150.0,1,1
1CS123,,CAMISETA,BASS PRO SHOPPS,CAMISETA,MASCULINO,50.0,150.0,1,1
1CS124,,CAMISETA,TSC,CAMISETA,MASCULINO,50.0,150.0,1,1
1CS125,,CAMISETA,TSC,CAMISETA,MASCULINO,50.0,150.0,1,1
1CS126,,CAMISETA,TSC,CAMISETA,MASCULINO,50.0,150.0,1,1
1CS127,,CAMISETA,MAGELLAN,CAMISETA,MASCULINO,50.0,150.0,1,1
1CS128,,CAMISETA,MAGELLAN,CAMISETA,MASCULINO,50.0,150.0,1,1
1CS129,,CAMISETA,STATE LIFE,CAMISETA,MASCULINO,50.0,150.0,1,1
1CS130,,CAMISETA,MAGELLAN,CAMISETA,MASCULINO,50.0,150.0,1,1
1CS131,,CAMISETA,STATE LIFE,CAMISETA,MASCULINO,50.0,150.0,1,1
1CS132,,CAMISETA,REALTREE,CAMISETA,MASCULINO,50.0,150.0,1,1
1CS133,,CAMISETA,WRANGLER,CAMISETA,MASCULINO,50.0,150.0,1,1
1CS134,,CAMISETA,MAGELLAN,CAMISETA,MASCULINO,50.0,150.0,1,1
1CS135,,CAMISETA,BASS PRO SHOPPS,CAMISETA,MASCULINO,50.0,150.0,1,1
1CM083,,CAMISA,WRANGLER,CAMISA MANGA LONGA,MASCULINO,100.0,250.0,1,1
1CM084,,CAMISA,WRANGLER,CAMISA MANGA LONGA,MASCULINO,100.0,250.0,1,1
TSH001,,TSHIRT,TCB ATACADO,BLUSA ESTAMPAS,FEMININO,25.0,58.0,1,5
CROP001,,CROPPED,TCB ATACADO,CROPPED ESTAMPAS,FEMININO,23.0,55.0,1,4
CROP002,,CROPPED,TCB ATACADO,CROPPED ESTAMPAS,FEMININO,23.0,55.0,1,2
OVER001,,MAX OVER,TCB ATACADO,CAMISETA OVER ESTAMPAS,FEMININO,25.0,60.0,1,2
OVER002,,MAX OVER,TCB ATACADO,CAMISETA OVER ESTAMPAS,FEMININO,25.0,60.0,1,3
REG001,,REGATA,TCB ATACADO,REGATA ESTAMPAS,FEMININO,18.0,50.0,1,2
REG002,,REGATA,TCB ATACADO,REGATA ESTAMPAS,FEMININO,18.0,50.0,1,5
TSH002,,TSHIRT,GOIANIA,CHAPEU WILD WEST,FEMININO,20.0,45.9,1,1
TSH003,,TSHIRT,GOIANIA,CAVALO BORDADO,FEMININO,20.0,45.9,1,1
TSH004,,TSHIRT,GOIANIA,ESCRITA COWGIRL,FEMININO,20.0,45.9,1,1
TSH005,,TSHIRT,GOIANIA,CAMISETA ESTAMPAS,FEMININO,20.0,45.9,1,2
TSH006,,TSHIRT,GOIANIA,ESTAMPA TAMBOR,FEMININO,20.0,45.9,1,1
TSH007,,TSHIRT,GOIANIA,ESTAMPA BOTA FLORIDA,FEMININO,20.0,45.9,1,1
TSH008,,TSHIRT,GOIANIA,COWGIRL FERRADURA,FEMININO,20.0,45.9,1,1
TSH009,,TSHIRT,GOIANIA,ESTAMPA TAMBOR,FEMININO,20.0,45.9,1,1
TSH010,,TSHIRT,TOMAHAWK,ESTAMPA GIRL,FEMININO,40.0,88.0,1,1
CROP003,2035,CROPPED,POWER COUNTRY,BOI DE RODEIO,FEMININO,24.9,54.8,1,1
REG003,1822,REGATA,POWER COUNTRY,COWGIRL ESCRITA,FEMININO,24.9,54.8,1,1
REG004,1930,REGATA,POWER COUNTRY,CORACAO PWC,FEMININO,25.9,54.8,1,1
OVER003,7089,MAX OVER,POWER COUNTRY,ESTAMPA DE BOTA,FEMININO,59.9,131.78,1,1
OVER004,7093,MAX OVER,POWER COUNTRY,ESTAMPA CAVALHEIRO,FEMININO,59.9,131.78,1,1
OVER005,7095,MAX OVER,POWER COUNTRY,VERIAS BOTAS ESTAMPADAS,FEMININO,59.9,131.78,1,1
VTD001,9504,VESTIDO,POWER COUNTRY,VESTIDO MIDI DE MALHA,FEMININO,79.9,175.78,1,1
VTD002,9505,VESTIDO,POWER COUNTRY,MIDI MALHA,FEMININO,79.9,175.78,1,1
CAL007,13M68BM36,CALCA,WRANGLER,JEANS 20X,MASCULINO,148.9,327.6,1,1
CAL008,13M68BM36,CALCA,WRANGLER,JEANS 20X,MASCULINO,148.9,327.6,1,1
CAL009,13M68BM36,CALCA,WRANGLER,JEANS 20X,MASCULINO,148.9,327.6,1,1
CAL010,13MWZDN36,CALCA,WRANGLER,COWBOY CUT,MASCULINO,159.9,351.78,1,1
CAL011,13MWZDN36,CALCA,WRANGLER,COWBOY CUT,MASCULINO,159.9,351.78,1,1
CAL012,13MWZDN36,CALCA,WRANGLER,COWBOY CUT,MASCULINO,159.9,351.78,1,1
CAL013,13MWZDN36,CALCA,WRANGLER,COWBOY CUT,MASCULINO,159.9,351.78,1,1
CAL014,13MWZDN36,CALCA,WRANGLER,COWBOY CUT,MASCULINO,159.9,351.78,1,1
CAL015,13MWZDN36,CALCA,WRANGLER,COWBOY CUT,MASCULINO,159.9,351.78,1,1
CAL016,13MWZRG36,CALCA,WRANGLER,COWBOY CUT,MASCULINO,148.9,327.58,1,1
CAL017,13MWZRG36,CALCA,WRANGLER,COWBOY CUT,MASCULINO,148.9,327.58,1,1
CAL018,13MWZRG36,CALCA,WRANGLER,COWBOY CUT,MASCULINO,148.9,327.58,1,1
CAL019,13MWZRG36,CALCA,WRANGLER,COWBOY CUT,MASCULINO,148.9,327.58,1,1
CAL020,13MWZRG36,CALCA,WRANGLER,COWBOY CUT,MASCULINO,148.9,327.58,1,1
CAL021,21M4CHD60,CALCA,WRANGLER,LYCRA BOLSO FALSO,FEMININO,144.9,318.78,1,1
CAL022,21M4CHD60,CALCA,WRANGLER,LYCRA BOLSO FALSO,FEMININO,144.9,318.78,1,1
CAL023,WF5155,CALCA,WRANGLER,LYCRA TRADICIONAL,FEMININO,138.9,305.58,1,1
CAL024,13W68PW36,CALCA,WRANGLER,JEANS 20X,MASCULINO,148.9,327.58,2,2
CAL025,,CALCA,R20,CARGO DE BRILHO,FEMININO,199.0,437.0,1,1
CAL026,,CALCA,R20,CARGO,FEMININO,120.0,264.0,1,1
CAL027,,CALCA,TXC,DETALHES EM VERDE NO BOLSO,MASCULINO,90.0,198.0,1,1
CAL028,,CALCA,TXC,DETALHES EM VERDE NO BOLSO,MASCULINO,90.0,198.0,1,1
CAL029,,CALCA,WRANGLER,TRADICIONAL GOINIA,MASCULINO,90.0,198.0,1,1
CAL030,,CALCA,CINCH,SAWYER,MASCULINO,330.0,726.0,1,1
CAL031,MB98034002-CI,CALCA,CINCH,SILVER LABEL SLIM,MASCULINO,330.0,726.0,1,1
ML001,,MOLETOM,TOMAHAWK,COM BOLSO E ESTAMPA,FEMININO,150.0,330.0,1,1
CM010,,CAMISA,TOMAHAWK,MANGA LONGA,MASCULINO,119.0,261.8,1,2
CM011,,CAMISA,TOMAHAWK,MANGA CURTA,MASCULINO,110.0,242.0,1,1
CM012,,CAMISA,TOMAHAWK,MANGA CURTA,MASCULINO,110.0,242.0,1,1
CM013,,CAMISA,TOMAHAWK,MANGA LONGA,MASCULINO,119.0,261.8,1,1
CM014,,CAMISA,TOMAHAWK,MANGA LONGA,FEMININO,129.0,238.8,1,1
CM015,,CAMISA,TEXAS FARM,MANGA CURTA,FEMININO,112.0,246.4,1,1
CM024,,CAMISA,WRANGLER,MANGA LONGA,MASCULINO,147.0,323.4,1,1
CM025,,CAMISA,WRANGLER,MANGA LONGA,MASCULINO,147.0,323.4,1,1
CM026,,CAMISA,WRANGLER,MANGA LONGA,MASCULINO,147.0,323.4,1,1
CM027,,CAMISA,WRANGLER,MANGA LONGA,MASCULINO,147.0,323.4,1,1
CM028,,CAMISA,WRANGLER,MANGA LONGA,MASCULINO,147.0,323.4,1,1
CM029,,CAMISA,TXC,MANGA CURTA,MASCULINO,90.0,225.0,1,1
CM030,,CAMISA,TXC,MANGA CURTA,MASCULINO,90.0,225.0,1,1
CM031,,CAMISA,TXC,MANGA CURTA,MASCULINO,90.0,225.0,1,1
CM032,,CAMISA,TXC,MANGA CURTA,MASCULINO,90.0,225.0,1,1
CM033,,CAMISA,TXC,MANGA CURTA,MASCULINO,90.0,225.0,1,1
CM034,,CAMISA,TXC,MANGA CURTA,MASCULINO,90.0,225.0,1,1
CM035,,CAMISA,TEXANUS,MANGA CURTA,MASCULINO,90.0,198.0,1,1
CM036,,CAMISA,TEXANUS,MANGA CURTA,MASCULINO,90.0,198.0,1,1
CM037,,CAMISA,TEXANUS,MANGA CURTA,MASCULINO,90.0,198.0,1,1
CM038,,CAMISA,TEXANUS,MANGA CURTA,MASCULINO,90.0,198.0,1,1
CM039,,CAMISA,TEXANUS,MANGA CURTA,MASCULINO,90.0,198.0,1,1
CM040,,CAMISA,TEXANUS,MANGA CURTA,MASCULINO,90.0,198.0,1,1
CM041,,CAMISA,TEXANUS,MANGA LONGA,MASCULINO,95.0,209.0,1,1
CM042,,CAMISA,TEXANUS,MANGA LONGA,MASCULINO,95.0,209.0,1,1
CM043,,CAMISA,TEXANUS,MANGA LONGA,MASCULINO,95.0,209.0,1,1
CM044,,CAMISA,TEXANUS,MANGA LONGA,MASCULINO,95.0,209.0,1,1
CM045,,CAMISA,TEXANUS,MANGA LONGA,MASCULINO,95.0,209.0,1,1
CM046,,CAMISA,COUNTRY LAND,MANGA LONGA,MASCULINO,95.0,210.0,1,1
CM047,,CAMISA,COUNTRY LAND,MANGA LONGA,MASCULINO,95.0,210.0,1,1
CM048,,CAMISA,COUNTRY LAND,MANGA CURTA,MASCULINO,99.0,217.0,1,1
CM049,,CAMISA,COUNTRY LAND,MANGA CURTA,MASCULINO,99.0,217.0,1,1
CM050,,CAMISA,COUNTRY LAND,MANGA CURTA,MASCULINO,99.0,217.0,1,1
CM051,,CAMISA,COUNTRY LAND,MANGA CURTA,MASCULINO,99.0,217.0,1,1
CM052,,CAMISA,COUNTRY LAND,MANGA CURTA,MASCULINO,99.0,217.0,1,1
CM053,,CAMISA,TOMAHAWK,MANGA CURTA,MASCULINO,109.0,239.8,1,1
CM054,CAC819-LOTAD-1663,CAMISA,TEXAS FARM,MANGA CURTA,MASCULINO,125.31,275.8,1,1
CM055,CAC838-LOTAD-1743,CAMISA,TEXAS FARM,MANGA CURTA,MASCULINO,125.31,275.8,1,1
CM056,CAC835-LOTAD-1663,CAMISA,TEXAS FARM,MANGA CURTA,MASCULINO,125.31,275.8,1,1
CM057,CAC839-LOTED-1663,CAMISA,TEXAS FARM,MANGA CURTA,MASCULINO,125.31,275.8,1,1
CM058,,CAMISA,TOMAHAWK,MANGA LONGA,MASCULINO,99.0,217.0,1,1
CS018,,CAMISETA,CALVIN KLEIN,ESCRITA CK,MASCULINO,151.2,302.5,1,1
CS019,,CAMISETA,CALVIN KLEIN,ESCRITA CK,MASCULINO,151.2,302.5,1,1
CS020,,CAMISETA,CALVIN KLEIN,ESCRITA CK,MASCULINO,129.6,259.2,1,1
CS021,,CAMISETA,CALVIN KLEIN,LISA,MASCULINO,151.2,302.5,1,1
CS022,,CAMISETA,CALVIN KLEIN,LISA,MASCULINO,143.65,287.28,1,1
CS023,,CAMISETA,CALVIN KLEIN,LISA,MASCULINO,162.55,325.0,1,1
CS024,,CAMISETA,CALVIN KLEIN,ESCRITA CK,MASCULINO,129.6,259.2,1,1
CS025,,CAMISETA,CALVIN KLEIN,ESCRITA CK,MASCULINO,170.0,340.2,1,1
CS026,,CAMISETA,CALVIN KLEIN,ESCRITA CK,MASCULINO,151.2,302.5,1,1
CS027,,CAMISETA,CALVIN KLEIN,ESCRITA CK,MASCULINO,129.6,259.2,1,1
CS028,,CAMISETA,CALVIN KLEIN,ESCRITA CK,MASCULINO,147.41,294.9,1,1
CS029,,CAMISETA,CALVIN KLEIN,LISA,MASCULINO,151.2,302.4,1,1
CS030,,CAMISETA,CALVIN KLEIN,ESCRITA CK,MASCULINO,170.0,340.0,1,1
CS031,,CAMISETA,CALVIN KLEIN,LISA,MASCULINO,162.54,325.0,1,1
CS032,,CAMISETA,CALVIN KLEIN,CK,MASCULINO,147.42,294.84,1,1
CS033,,CAMISETA,CALVIN KLEIN,ESCRITA CK,MASCULINO,170.0,340.2,1,1
CS034,,CAMISETA,CALVIN KLEIN,LISA,MASCULINO,147.41,294.9,1,1
CS035,,CAMISETA,CALVIN KLEIN,ESCRITA CK,MASCULINO,170.0,340.2,1,1
CS036,,CAMISETA,TOMAHAWK,LISA,MASCULINO,70.0,175.0,1,1
CS037,,CAMISETA,KZN,LISA,MASCULINO,35.0,75.0,1,1
CS038,,CAMISETA,TEXANUS,ESCRITA TXA,MASCULINO,45.0,112.0,1,1
CS039,,CAMISETA,TEXANUS,ESCRITA,MASCULINO,35.0,87.5,1,1
CS040,,CAMISETA,ULTRA JEANS,ESTAMPADA,MASCULINO,30.0,75.0,1,1
CS041,,CAMISETA,KZN,LISA,MASCULINO,35.0,75.0,1,1
CS042,,CAMISETA,KZN,ESTAMPA TRATOR,MASCULINO,35.0,75.0,1,1
CS043,,CAMISETA,TEXANUS,ESCRITA TEXANUS,MASCULINO,35.0,87.5,1,1
CS044,,CAMISETA,ULTRA JEANS,ESCRITA ULTRA,MASCULINO,30.0,75.0,1,1
CS045,,CAMISETA,TOMMY HILFIGER,LISA,MASCULINO,130.58,288.9,1,1
CS046,,CAMISETA,TOMMY HILFIGER,LISA,MASCULINO,130.58,288.9,1,1
CS047,,CAMISETA,TOMMY HILFIGER,LISA,MASCULINO,130.58,288.9,1,1
CS048,,CAMISETA,TOMMY HILFIGER,LISA,MASCULINO,130.58,288.9,1,1
CS049,,CAMISETA,TOMMY HILFIGER,ESTAMPA TIGRE,MASCULINO,152.9,336.6,1,1
CS050,,CAMISETA,TOMMY HILFIGER,LISA,MASCULINO,164.16,361.16,1,1
CS051,,CAMISETA,TOMMY HILFIGER,ESTAMPA ESCRITA,MASCULINO,167.89,369.4,1,1
CS052,,CAMISETA,TOMAHAWK,POLO,MASCULINO,80.0,176.0,1,1
CS053,,CAMISETA,TOMAHAWK,POLO,MASCULINO,80.0,176.0,1,1
CS054,,CAMISETA,TXN,POLO,MASCULINO,58.0,136.0,1,1
TSH011,,TSHIRT,GOIANIA,FERRADURA BOTA,FEMININO,20.0,45.9,1,1
CS055,,CAMISETA,TOMMY HILFIGER,LISA,MASCULINO,164.16,361.2,1,1
CS056,,CAMISETA,TOMMY HILFIGER,FEIXA BRANCA,MASCULINO,149.24,328.32,1,1
CS057,WM5757AJ,CAMISETA,WRANGLER,BANDEIRA EUA,MASCULINO,58.1,145.25,1,1
CS058,WM5756AP,CAMISETA,WRANGLER,ESCRITA AMARELA,MASCULINO,58.1,145.25,1,1
CS059,WM5530BE,CAMISETA,WRANGLER,ESCRITA,MASCULINO,58.1,145.25,1,1
CS060,,CAMISETA,TEXAS FARM,POLO,MASCULINO,85.4,187.88,1,1
CS061,,CAMISETA,TEXAS FARM,POLO,MASCULINO,85.4,187.88,1,1
CS062,,CAMISETA,TXN,POLO,MASCULINO,50.0,125.0,1,1
CS064,4251GG,CAMISETA,AUSTIN,BASICA,MASCULINO,64.9,162.25,1,1
CS065,4251GG,CAMISETA,AUSTIN,BASICA,MASCULINO,64.9,162.21,1,1
CS066,4251GG,CAMISETA,AUSTIN,BASICA,MASCULINO,64.9,162.61,1,1
CS067,4251G,CAMISETA,AUSTIN,BASICA,MASCULINO,64.9,162.61,1,1
CS068,4251M,CAMISETA,AUSTIN,BASICA,MASCULINO,64.9,162.61,1,1
CS069,4251P,CAMISETA,AUSTIN,BASICA,MASCULINO,64.9,162.61,1,1
CS070,425157,CAMISETA,AUSTIN,BASICA,MASCULINO,69.9,174.75,1,1
CS071,425156,CAMISETA,AUSTIN,BASICA,MASCULINO,69.9,174.75,1,1
CS072,4801P,CAMISETA,AUSTIN,BORDADA,MASCULINO,84.9,186.78,1,1
CS073,4801GG,CAMISETA,AUSTIN,BORDADA,MASCULINO,84.9,186.78,1,1
CS074,4801142,CAMISETA,AUSTIN,BORDADA,MASCULINO,99.9,219.78,1,1
BOL001,,BOLSA,FAZENDA DECOR,BUZIOS,FEMININO,429.0,799.0,1,2
BOL002,,BOLSA,FAZENDA DECOR,CULTCH LUA,FEMININO,299.0,599.0,1,3
BOL003,,BOLSA,FAZENDA DECOR,CANOAS,FEMININO,379.0,699.0,1,1
BOL004,,BOLSA,FAZENDA DECOR,CAMBURIU,FEMININO,499.0,899.0,1,2
BOL005,,BOLSA,FAZENDA DECOR,TABACOF,FEMININO,369.0,599.0,1,2
BOL006,B2305,BOLSA,GOYAZES,PEDRAS TURQUESA,FEMININO,492.0,1082.2,1,1
BOL007,B2506-6,BOLSA,GOYAZES,BRANCA E ROSA,FEMININO,521.0,1146.0,1,1
BOL008,B2403-2,BOLSA,GOYAZES,LATERAL MARROM,FEMININO,510.0,1112.0,1,1
BOL009,B02512-3,BOLSA,GOYAZES,FERRADURA,FEMININO,860.0,1160.0,1,1
FL001,,FIVELA,RENATA MARTINO,ACESSORIO,FEMININO,10.0,25.0,1,3
FL002,,FIVELA,RENATA MARTINO,ACESSORIO,FEMININO,10.0,25.0,1,3
COLAR001,,COLAR,RENATA MARTINO,GRAVATA CAVALO,FEMININO,15.0,37.5,1,2
COLAR002,,COLAR,RENATA MARTINO,GRAVATA CAVALO,FEMININO,15.0,37.5,1,2
COLAR003,,COLAR,RENATA MARTINO,GRAVATA,FEMININO,15.0,37.5,1,2
COLAR004,,COLAR,RENATA MARTINO,GRAVATA,FEMININO,15.0,37.5,1,2
COLAR005,,COLAR,RENATA MARTINO,GRAVATA FERRADURA,FEMININO,15.0,37.5,1,1
CINTO020,,CINTO,RENATA MARTINO,FIVELAS,FEMININO,25.0,62.5,1,3
CINTO021,,CINTO,RENATA MARTINO,FIVELAS,FEMININO,25.0,62.5,1,2
LENÇO001,,LENÇO,RENATA MARTINO,ESTAMPAS,FEMININO,25.0,65.0,1,7
LENÇO002,,LENÇO,RENATA MARTINO,ESTAMPAS,FEMININO,20.0,50.0,1,5
BOT032,245401,BOTA,GOYAZES,"BICO FINO, CANO CURTO",FEMININO,582.0,1280.0,1,1
BOT033,245401,BOTA,GOYAZES,"BICO FINO, CANO CURTO",FEMININO,582.0,1280.0,1,1
BOT034,245401,BOTA,GOYAZES,"BICO FINO, CANO CURTO",FEMININO,582.0,1280.0,1,1
BOT035,251507,BOTA,GOYAZES,"BICO FINO, CANO CURTO",FEMININO,536.0,1179.2,1,1
BOT036,251507,BOTA,GOYAZES,"BICO FINO, CANO CURTO",FEMININO,536.0,1179.2,1,1
BOT037,251507,BOTA,GOYAZES,"BICO FINO, CANO CURTO",FEMININO,536.0,1179.2,1,1
CINTO023,91690,CINTO,PAUL WESTER,BASICO,UNISSEX,74.9,164.8,1,2
CINTO024,458105,CINTO,PAUL WESTER,DETALHES TURQUESA,FEMININO,154.9,340.78,1,1
CINTO025,6361514207115,CINTO,PAUL WESTER,DETALHES MARROM,UNISSEX,144.9,252.78,1,1
CINTO026,916100,CINTO,PAUL WESTER,BASICO,UNISSEX,74.9,164.8,1,2
CINTO028,126675,CINTO,PAUL WESTER,FIVELA STRASS,FEMININO,119.9,263.8,1,1
CINTO029,636151420780,CINTO,PAUL WESTER,FIVELA STRASS,UNISSEX,144.9,252.78,1,1
CINTO030,55880,CINTO,PAUL WESTER,FIVELA STRASS,MASCULINO,69.9,174.75,1,1
CINTO031,91695,CINTO,PAUL WESTER,FIVELA STRASS,UNISSEX,74.9,165.0,1,1
CINTO032,105780,CINTO,PAUL WESTER,FIVELA STRASS,FEMININO,119.9,263.8,1,1
CINTO033,4610100,CINTO,PAUL WESTER,FIVELA STRASS,UNISSEX,79.9,175.8,1,1
CINTO034,11511100,CINTO,PAUL WESTER,FIVELA STRASS,FEMININO,129.9,285.8,1,1
CINTO035,91685,CINTO,PAUL WESTER,FIVELA STRASS,UNISSEX,74.9,165.0,1,1
CINTO036,556105,CINTO,PAUL WESTER,FIVELA STRASS,MASCULINO,69.9,174.75,1,1
CINTO037,636151946110,CINTO,PAUL WESTER,FIVELA STRASS,MASCULINO,204.9,450.7,1,1
CINTO038,636151946100,CINTO,PAUL WESTER,FIVELA STRASS,MASCULINO,204.9,450.7,1,1
CINTO039,98790,CINTO,PAUL WESTER,FIVELA STRASS,MASCULINO,299.9,399.9,1,1
CINTO040,91680,CINTO,PAUL WESTER,FIVELA STRASS,MASCULINO,74.9,165.0,1,1
CINTO041,7461050,CINTO,PAUL WESTER,FIVELA STRASS,UNISSEX,299.9,399.9,1,1
CINTO042,746100,CINTO,PAUL WESTER,FIVELA STRASS,UNISSEX,89.9,197.78,1,1
CINTO043,665110,CINTO,PAUL WESTER,FIVELA STRASS,UNISSEX,89.9,197.78,1,1
CINTO044,471085,CINTO,PAUL WESTER,FIVELA STRASS,UNISSEX,79.9,175.8,1,1
CINTO045,916100,CINTO,PAUL WESTER,FIVELA STRASS,UNISSEX,89.9,197.78,1,1
CS085,4801196,CAMISETA,AUSTIN,ESCRITA,MASCULINO,99.9,219.78,1,1
CS086,4801196,CAMISETA,AUSTIN,ESCRITA,MASCULINO,99.9,219.78,1,1
CS087,128,CAMISETA,RED MAN,ESCRITA BASICA,MASCULINO,69.9,153.78,1,1
CS088,128,CAMISETA,RED MAN,ESCRITA BASICA,MASCULINO,69.9,153.78,1,1
CS089,128,CAMISETA,RED MAN,ESCRITA BASICA,MASCULINO,69.9,153.78,1,1
CS090,128,CAMISETA,RED MAN,ESCRITA BASICA,MASCULINO,69.9,153.78,1,1
CS091,128,CAMISETA,RED MAN,ESCRITA BASICA,MASCULINO,69.9,153.78,1,1
CS092,128,CAMISETA,RED MAN,ESCRITA BASICA,MASCULINO,69.9,153.78,1,1
CS093,128,CAMISETA,RED MAN,ESCRITA BASICA,MASCULINO,69.9,153.78,1,1
CS094,128,CAMISETA,RED MAN,ESCRITA BASICA,MASCULINO,69.9,153.78,1,1
CS095,128,CAMISETA,RED MAN,ESCRITA BASICA,MASCULINO,69.9,153.78,1,1
CS096,128,CAMISETA,RED MAN,ESCRITA BASICA,MASCULINO,69.9,153.78,1,1
CS097,128,CAMISETA,RED MAN,ESCRITA BASICA,MASCULINO,69.9,153.78,1,1
CS098,128,CAMISETA,RED MAN,ESCRITA BASICA,MASCULINO,69.9,153.78,1,1
CS099,1057,CAMISETA,RED MAN,BORDADA,MASCULINO,79.9,175.8,1,1
CS100,129,CAMISETA,RED MAN,LISA,FEMININO,59.9,131.8,1,1
CS101,129,CAMISETA,RED MAN,LISA,MASCULINO,59.9,131.8,1,1
CS102,129,CAMISETA,RED MAN,LISA,MASCULINO,59.9,131.8,1,1
CS103,129,CAMISETA,RED MAN,LISA,MASCULINO,59.9,131.8,1,1
CS104,129,CAMISETA,RED MAN,LISA,MASCULINO,59.9,131.8,1,1
CS105,129,CAMISETA,RED MAN,LISA,MASCULINO,59.9,131.8,1,1
CS106,129,CAMISETA,RED MAN,LISA,MASCULINO,59.9,131.8,1,1
CS107,129,CAMISETA,RED MAN,LISA,MASCULINO,59.9,131.8,1,1
CS108,129,CAMISETA,RED MAN,LISA,MASCULINO,59.9,131.8,1,1
CS109,129,CAMISETA,RED MAN,LISA,MASCULINO,59.9,131.8,1,1
COL003,,COLETE,TOMAHAWK,PUFFER,UNISSEX,99.99,249.7,1,1
CS110,4251,CAMISETA,AUSTIN,LISA,MASCULINO,64.9,162.61,1,1
TSH014,1312,TSHIRT,RED MAN,LISA,FEMININO,69.9,154.0,1,1
TSH015,1312,TSHIRT,RED MAN,LISA,FEMININO,69.9,154.0,1,1
SHORT007,997,SHORT,RED MAN,ESTAMPADO,MASCULINO,65.0,143.0,1,1
SHORT008,997,SHORT,RED MAN,ESTAMPADO,MASCULINO,65.0,143.0,1,1
SHORT009,997,SHORT,RED MAN,ESTAMPADO,MASCULINO,65.0,143.0,1,1
SHORT010,658,SHORT,RED MAN,LISO,MASCULINO,65.0,143.0,1,1
SHORT011,658,SHORT,RED MAN,LISO,MASCULINO,65.0,143.0,1,1
CAL075,,CALCA,TEXAS FARM,JEANS,MASCULINO,100.0,250.0,1,1
CAL076,,CALCA,R20 JEANS,JEANS,FEMININO,100.0,250.0,1,1
CAL077,,CALCA,KING FARM,JEANS,MASCULINO,100.0,250.0,1,1
CAL078,13MWZRG36,CALCA,WRANGLER,JEANS,MASCULINO,175.0,385.0,1,1
CAL79,,CALCA,R20 JEANS,JEANS,FEMININO,100.0,250.0,1,1
CAL80,,CALCA,KA ZOON,JEANS,MASCULINO,90.0,200.0,1,1
CAL81,,CALCA,TEXAS FARM,JEANS,FEMININO,131.0,268.18,1,1
CAL82,13M68BM36UN334,CALCA,WRANGLER,JEANS,MASCULINO,149.9,318.78,1,2
CAL83,13M68BM36UN3158,CALCA,WRANGLER,JEANS,MASCULINO,159.9,351.78,1,1
CAL084,5965183,CALCA,WRANGLER,JEANS,MASCULINO,159.9,351.78,1,1
CAL85,13M68BM36UN3156,CALCA,WRANGLER,JEANS,MASCULINO,159.9,351.78,1,1
CAL86,13M68BM36UN336,CALCA,WRANGLER,JEANS,MASCULINO,159.9,351.78,1,1
CAL87,6361513803156,CALCA,WRANGLER,JEANS,MASCULINO,149.9,318.78,1,1
CAL88,587334,CALCA,WRANGLER,JEANS,MASCULINO,149.9,318.78,1,1
CAL89,4033156,CALCA,WRANGLER,JEANS,FEMININO,154.9,340.8,1,1
CAL90,403334,CALCA,WRANGLER,JEANS,FEMININO,154.9,340.8,1,1
CAL91,4033155,CALCA,WRANGLER,JEANS,FEMININO,154.9,340.8,1,1
CAL92,4033158,CALCA,WRANGLER,JEANS,FEMININO,154.9,340.8,1,1
CAL93,4033154,CALCA,WRANGLER,JEANS,FEMININO,154.9,340.8,1,1
CAL94,4053158,CALCA,WRANGLER,JEANS,FEMININO,159.9,351.78,1,1
CAL95,636151169334,CALCA,WRANGLER,JEANS,FEMININO,164.9,362.8,1,1
BOL010,420023100,BOLSA,GOYAZES,BOLSA FRANJA,FEMININO,488.25,976.0,1,1
BOL11,,BOLSA,FAZENDA DECOR,NECESSAIRE,FEMININO,150.0,330.0,1,2
CM085,CMLFO-CL,CAMISA,CLASSIC,XADREZ,MASCULINO,99.0,247.5,1,1
