codigo_interno,codigo_fornecedor,categoria,marca,descricao,genero,tamanho,cor,quantidade,preco_custo,preco_venda,foto_url
COL004,4601,COLETE,PWR,JEANS,FEMININO,P,AZUL,1,119.9,263.78,
COL005,4601,COLETE,PWR,JEANS,FEMININO,M,AZUL,1,119.9,263.78,
COL006,4601,COLETE,PWR,JEANS,FEMININO,G,AZUL,1,119.9,263.78,
COL007,4604,COLETE,PWR,JEANS ESTRELAS,FEMININO,P,PRETO,1,139.9,307.78,
COL008,4604,COLETE,PWR,JEANS ESTRELAS,FEMININO,M,PRETO,1,139.9,307.78,
COL009,4604,COLETE,PWR,JEANS ESTRELAS,FEMININO,G,PRETO,1,139.9,307.78,
SHORT012,4905,SHORT,PWR,JEANS,FEMININO,40,AZUL,1,134.9,296.78,
SHORT013,4905,SHORT,PWR,JEANS,FEMININO,42,AZUL,1,134.9,296.78,
JAQ015,4607,JAQUETA,PWR,JEANS,FEMININO,P,AZUL,1,179.9,395.78,
JAQ016,4607,JAQUETA,PWR,JEANS,FEMININO,G,AZUL,1,179.9,395.78,
JAQ017,4604,JAQUETA,PWR,JEANS,FEMININO,M,AZUL,1,179.9,395.78,
ML008,8017,MOLETOM,PWR,GOLA REDONDA,FEMININO,P,PRETO,1,109.9,241.78,
ML009,8017,MOLETOM,PWR,GOLA REDONDA,FEMININO,M,PRETO,1,109.9,241.78,
ML010,8017,MOLETOM,PWR,GOLA REDONDA,FEMININO,G,PRETO,1,109.9,241.78,
ML011,8016,MOLETOM,PWR,GOLA REDONDA,FEMININO,M,PRETO,1,109.9,241.78,
ML012,8018,MOLETOM,PWR,GOLA REDONDA,FEMININO,P,PRETO,1,109.9,241.78,
ML013,8018,MOLETOM,PWR,GOLA REDONDA,FEMININO,M,PRETO,1,109.9,241.78,
ML014,8018,MOLETOM,PWR,GOLA REDONDA,FEMININO,G,PRETO,1,109.9,241.78,
CAL096,4518,CALCA,PWR,JEANS,FEMININO,36,AZUL,1,279.9,615.78,
CAL097,4508,CALCA,PWR,JEANS,FEMININO,42,AZUL,1,169.9,373.78,
BN001,WMC425,BONE,WRANGLER,BONE RASO,MASCULINO,UN,VERMELHO/BEGE/AZUL,1,0,0,https://drive.google.com/uc?export=view&id=1gzVszbGdZ6A9W6TEiOpr0ikbkLGxJIlH
BN002,WMC430,BONE,WRANGLER,BONE RASO,MASCULINO,UN,MARROM,1,0,0,https://drive.google.com/uc?export=view&id=1-nBxHV9BGAqmFxIDe9AkRMEfd3ADY8KF
BN003,DOUBLE-TF912,BONE,TEXAS FARM,BONE TRADICIONAL TELA,MASCULINO,UN,VERDE MUSGO,1,59.9,131.78,https://drive.google.com/uc?export=view&id=1Od3qC5yJQt5UlHPCbTymdhAgJNOvZ39p
BN004,RANCH FIRE-TF741,BONE,TEXAS FARM,BONE TRADICIONAL FECHADO,MASCULINO,UN,CHUMBO,1,59.9,131.78,https://drive.google.com/uc?export=view&id=14UbmVparkFix1_lWMQgIksA8T3w-O5FW
BN005,TF355-LOTAD-1776,BONE,TEXAS FARM,BONE TRADICIONAL FECHADO,MASCULINO,UN,VERDE MUSGO,1,59.9,131.78,https://drive.google.com/uc?export=view&id=1GWO2v2U1LqCpsa7b21fGQAHiLOABgHmN
BN006,TF1056-LOTAD-1787,BONE,TEXAS FARM,BONE TRADICIONAL TELA,MASCULINO,UN,VERMELHO BORDO,1,59.9,131.78,https://drive.google.com/uc?export=view&id=1yBwE-UYNzR9Ds7kfReTN9HwLGidmtWAK
BN007,TF1016-LOTAD 1807,BONE,TEXAS FARM,BONE TRADICIONAL TELA,MASCULINO,UN,BRANCO/MARINHO,1,59.9,131.78,https://drive.google.com/uc?export=view&id=1t6JEwk_AGsIK2Ce67QiuS2EsHKWzSL5p
BN008,NEW TEXAS-TF690,BONE,TEXAS FARM,BONE TRADICIONAL FECHADO,MASCULINO,UN,CINZA/VERDE FLORECENTE,1,59.9,131.78,https://drive.google.com/uc?export=view&id=1noxg16Je-eaJO91XaDR-4RQKQqrGrJIk
BN009,AMERICAN TOUR-TF862,BONE,TEXAS FARM,BONE TRADICIONAL FECHADO,MASCULINO,UN,AZUL MARINHO,1,59.9,131.78,https://drive.google.com/uc?export=view&id=185vjPYfS_3KWUv59qHEAfZI_pfeWhsUT
BN010,MIDDLE FARMING- TF1047/INF,BONE,TEXAS FARM,BONE JUVENIL TELA,MASCULINO,UN,JEANS,1,59.9,131.78,https://drive.google.com/uc?export=view&id=1ox1Z_5kE9-QABgD1FhHhk_iRQQG0jFyU
BN011,MCC060064-CI,BONE,CINCH,BONE TRADICIONAL TELA/IMPORTADO,MASCULINO,UN,CINZA,1,162.0,356.4,https://drive.google.com/uc?export=view&id=1hTdXezSTvYoLYBfUrfO3McXzB7irTINa
BN012,MCC0653322,BONE,CINCH,BONE TRADICIONAL TELA FECHADO,MASCULINO,UN,MARROM/CINZA,1,162.0,356.4,https://drive.google.com/uc?export=view&id=1zbQjYrkZLODON86IljTStGzfjjVlL6p0
BN013,B-ARIAT,BONE,ARIAT,BONE TRADICIONAL TELA/ABA RETA,MASCULINO,UN,VERDE MUSGO /ABA COLORIDA,1,158.0,347.6,https://drive.google.com/uc?export=view&id=1POhis80QS_YxURzdnHXeo0uuzPU9wtLe
BN014,B-ARIAT,BONE,ARIAT,BONE TRADICIONAL TELA,MASCULINO,UN,CINZA/PRETO,1,158.0,347.6,https://drive.google.com/uc?export=view&id=1xP9vLrgex28Xc3kcxfWIk6W04ko02CW7
BN015,B-ARIAT,BONE,ARIAT,BONE TRADICIONAL TELA,MASCULINO,UN,PRETO,1,158.0,347.6,https://drive.google.com/uc?export=view&id=1jbfXaEF-7tRtapSR5dP-fBLwtnvl2OBA
BN016,B-ARIAT,BONE,ARIAT,BONE TRADICIONAL TELA,MASCULINO,UN,AZUL ROYAL,1,158.0,347.6,https://drive.google.com/uc?export=view&id=1BTCLpIEZUYVT82qgbmVbVt8mZttaqLoa
BN017,B-ARIAT,BONE,ARIAT,BONE TRADICIONAL TELA,MASCULINO,UN,MARROM,1,158.0,347.6,https://drive.google.com/uc?export=view&id=1zOyBmzbbHjZ57DCqsrwvXQFjs3om_qsZ
BN018,B-ARIAT,BONE,ARIAT,BONE TRADICIONAL TELA,MASCULINO,UN,PRETO/BRANCO,1,158.0,347.6,https://drive.google.com/uc?export=view&id=1zVp179-z3e-h6tcy589fUk10_QfGcaLx
BN019,BA-CLEQ-FA,BONE,CLASSIC,BONE TRADICIONAL TELA,MASCULINO,UN,CINZA/BEGE,1,42.0,105.01,https://drive.google.com/uc?export=view&id=1si32o1xzp1xN8paH4u4tGvb5NVMxyyZW
BN020,,BONE,TOMAHAWK,BONE TRADICIONAL TELA,MASCULINO,UN,CAMUFLADO,1,60.0,132.01,https://drive.google.com/uc?export=view&id=1EUwh8tQOBPL8DaLruSMboSKRuSpI_KVq
BN021,,BONE,TOMAHAWK,BONE COPA BAIXA,MASCULINO,UN,AZUL/VERMELHO,1,60.0,132.01,https://drive.google.com/uc?export=view&id=1KRghcqjaLKUuXbaKtLB4HZ-72cLseTY-
BN022,AMERICAN TOUR-TF862-LOTAD-1683,BONE,TEXAS FARM,BONE TRADICIONAL FECHADO,MASCULINO,UN,PRETO,1,59.9,131.86,https://drive.google.com/uc?export=view&id=1N1fg5NCISKsLH9m2-fE3HOKiWWgvWxgN
BN023,,BONE,TEXAS FARM,BONE TRADIONAL TELA,MASCULINO,UN,AZUL,1,29.9,99.9,https://drive.google.com/uc?export=view&id=1stkuRVaEhcq7ZOTKM-rLuHQV8kdKh0iR
BN024,,BONE,TXC,BONE TRADICIONAL TELA,MASCULINO,UN,VERDE,1,29.9,99.9,https://drive.google.com/uc?export=view&id=1PHACxWMRe2fy4dd5p4-gs4tQ7T1edKbC
BN025,,BONE,TXC,BONE TRADICIONAL TELA,MASCULINO,UN,AZUL,1,29.9,99.9,https://drive.google.com/uc?export=view&id=1-hPJYKuZp9Gg0FQL3_tkjLAMo2On7JHz
BN026,,BONE,TXC,BONE TRADIONAL TELA,MASCULINO,UN,LARANJA/PRETO,1,29.9,99.9,https://drive.google.com/uc?export=view&id=1K6sTI52LV9aeSQ5gtcIlW8GVf5EmHCjg
BN027,,BONE,TXC,BONE TRADICIONAL TELA,MASCULINO,UN,MARROM/BRANCO/FLORECENTE,1,29.9,99.9,https://drive.google.com/uc?export=view&id=1AYS59xTjPJ3qXV_KPbCnl6hFsUMoVdqF
CART001,6537CL-CI,CARTEIRA,CLASSIC,COURO,MASCULINO,UN,MARROM /PRETA,2,69.9,153.8,https://drive.google.com/uc?export=view&id=1T-7K94IbfbfbZbhUV5oUSWr53ozHAfDm
PCARTAO001,6509CL-CI,PORTA-CARTAO,CLASSIC,COURO,MASCULINO,UN,MARROM,2,37.3,85.0,https://drive.google.com/uc?export=view&id=1kmWORD-ej-JwLf2kxZATeXj6FnpnkEiQ
CART002,9567CL-CI,CARTEIRA,CLASSIC,COURO,MASCULINO,UN,PRETO/MARROM,2,59.9,131.8,https://drive.google.com/uc?export=view&id=1dWZXheaeAtx5vUYVJgnds7JebsY6pK1L
CINTO001,936105,CINTO,PAUL WESTERN,COURO,UNISSEX,105,FIVELA PRATA/TRABALHADO /TACHAS OKLAHOMA,1,99.66,230.8,https://drive.google.com/uc?export=view&id=1AN71ftzEJkRjPScADvrnHU4tG9DSFykg
CINTO002,93690,CINTO,PAUL WESTERN,COURO,UNISSEX,90,FIVELA PRATA/TRABALHADO /TACHAS OKLAHOMA,1,99.66,230.8,https://drive.google.com/uc?export=view&id=1AN71ftzEJkRjPScADvrnHU4tG9DSFykg
CINTO003,1137100,CINTO,PAUL WESTERN,COURO,FEMININO,100,FIVELA QUADRADA PRATA /TACHAS PRATEADAS/PRETO,1,113.91,263.8,https://drive.google.com/uc?export=view&id=17uwDnvVVI6acgWUaB4p0xHUkntkRgqK2
CINTO004,71685,CINTO,PAUL WESTERN,COURO,FEMININO,85,FIVELA STRASS/TACHAS EM STRASS,1,156.56,362.8,https://drive.google.com/uc?export=view&id=1YtIP5O7uyIBgTSmugtUVEkX6LkteS7q_
CINTO005,124975,CINTO,PAUL WESTERN,COURO,FEMININO,75,FIVELA QUADRADA MARROM/TACHAS MARROM E PRATEADA,1,132.9,307.7,https://drive.google.com/uc?export=view&id=1_frDb46oI0wQgB8A3J9aoTruf3OvY4jZ
CINTO006,140985,CINTO,PAUL WESTERN,COURO,FEMININO,85,"FIVELA QUADRADA MARROM/TACHAS MARROM ,PRATEADA E DOURADA",1,113.61,263.0,https://drive.google.com/uc?export=view&id=1K7BHFozfHCqF0DDRI6wikjz9IczjT4up
CINTO007,6361517581190,CINTO,PAUL WESTERN,COURO,FEMININO,90,FIVELA QUADRADA /TRABALHADO/STRASS E PEDRARIA/AZUL TURQUESA,1,199.41,461.7,https://drive.google.com/uc?export=view&id=1F9GXNCZiV2JxKbZYSjRdMJzrnWqIK8Ap
CINTO008,996100,CINTO,PAUL WESTERN,COURO,UNISSEX,100,FIVELA PRATA/MIÇANGA AZUL CRUZ,1,284.91,461.7,https://drive.google.com/uc?export=view&id=1kz70WhG7lzlrdXAwusqkRVTsmolQ2pPg
CINTO009,99695,CINTO,PAUL WESTERN,COURO,UNISSEX,95,FIVELA PRATA/MIÇANGA AZUL CRUZ,1,284.91,461.7,https://drive.google.com/uc?export=view&id=1kz70WhG7lzlrdXAwusqkRVTsmolQ2pPg
CINTO010,97690,CINTO,PAUL WESTERN,COURO,UNISSEX,90,FIVELA PRATA/MIÇANGA COLORIDA,1,284.0,484.0,https://drive.google.com/uc?export=view&id=1jNra1XExKt5Tf8ejyYCFJiDMrdmzHV30
CINTO011,PW3516100,CINTO,PAUL WESTERN,COURO,UNISSEX,100,FIVELA PRATA/MIÇANGA VERDE,1,284.0,484.0,https://drive.google.com/uc?export=view&id=1IC5gU9AtH4f8G80g_Sj7AoyFBlYb1xto
CINTO012,11824595,CINTO,PAUL WESTERN,COURO,UNISSEX,95,FIVELA PRATA/PELAGEM/STRASS,1,151.9,351.78,https://drive.google.com/uc?export=view&id=1E5gJ3Fq8UyVbdc_NvI2V85ZsBSYUpAHA
CINTO013,6361518176115,CINTO,PAUL WESTERN,COURO,UNISSEX,115,FIVELA PRATA/PELAGEM,1,137.66,318.71,https://drive.google.com/uc?export=view&id=1q5we-_JECmff8tGTF-3tu7pPT0SBo--w
CINTO014,57680,CINTO,PAUL WESTERN,COURO,MASCULINO,80,FIVELA PRATA/TRABALHADA TRADICIONAL,1,75.91,175.8,https://drive.google.com/uc?export=view&id=1oK4exSBO93EiS9tzL2FpLxxrKnr5x0BO
CINTO015,91690,CINTO,PAUL WESTERN,COURO,MASCULINO,90,FIVELA PRATA/TRABALHADA TRADICIONAL,1,71.16,164.8,https://drive.google.com/uc?export=view&id=1cwVEp82iQy55L1bUohNS3zjxFykO4ELA
CINTO016,105795,CINTO,PAUL WESTERN,COURO,FEMININO,95,FIVELA STRASS/PRETO,1,113.9,263.8,https://drive.google.com/uc?export=view&id=1z6RWjBeWCrkmxn5K3Ct5FQ8GQP_-2y9Q
CINTO017,466120,CINTO,PAUL WESTERN,COURO,MASCULINO,120,FIVELA PRATA/TRABALHADA TRADICIONAL,1,74.9,175.78,https://drive.google.com/uc?export=view&id=1X_y3HZVkKz0-ii6ecCCmwx5b_dCxVrj_
CINTO018,1166100,CINTO,PAUL WESTERN,COURO,UNISSEX,100,FIVELA PRATA/STRASS,1,109.16,252.7,https://drive.google.com/uc?export=view&id=1mHXeCuas4QOOq6WUU_reh19zP8ul74LA
CINTO019,78911025015826,CINTO,PAUL WESTERN,COURO,UNISSEX,90,FIVELA PRATA/PELAGEM,1,137.66,318.71,https://drive.google.com/uc?export=view&id=1q5we-_JECmff8tGTF-3tu7pPT0SBo--w
FIVELA001,A37066-MF,FIVELA,ARIAT,METAL,MASCULINO,,SIMBOLO/FLORES,2,206.0,453.2,https://drive.google.com/uc?export=view&id=1vBdCuDW_QTWDBBqrc963p6LNTIz6XtSg
FIVELA002,A37022-MF,FIVELA,ARIAT,METAL,MASCULINO,,SIMBOLO/FLOR,1,153.0,336.6,https://drive.google.com/uc?export=view&id=1omwBjasWghcIGbW3Ru_75AhbH-lpQ4YC
FIVELA003,A37018,FIVELA,ARIAT,METAL,MASCULINO,,PRATA,1,153.0,336.6,https://drive.google.com/uc?export=view&id=19Zmrp_dWZus45oiChe3w7fZCBzvU7vEu
FIVELA004,A37065-MF,FIVELA,ARIAT,METAL,MASCULINO,,SIMBOLO/TOURO,1,206.0,453.2,https://drive.google.com/uc?export=view&id=1gq8m67GVLiybrRSNuoSzYBBYrJfgPyoV
FIVELA005,A37005-MF,FIVELA,ARIAT,METAL,MASCULINO,,SIMBOLO/ARREDONDADA/PRATA E DOURADA,1,170.0,374.0,https://drive.google.com/uc?export=view&id=1gS9L_8E4yanCqY8eVnZwTKnDP9ZyWG_i
FIVELA006,A37051-MF,FIVELA,ARIAT,METAL,MASCULINO,,ARRENDONDADA TEXAS,1,170.0,374.0,https://drive.google.com/uc?export=view&id=1v6BOSsnJB7l9z6ONeJeIBrrdhMQPUYVA
CS001,63615186838,CAMISA,FOR WEST,CROPPET,FEMININO,P,BRANCO,1,74.9,164.78,https://drive.google.com/uc?export=view&id=1jes-TWOrmy4z2tJfGSs0kmpAC1IxJjAY
CS001,63615186838,CAMISA,FOR WEST,CROPPET,FEMININO,M,BRANCO,1,74.9,164.78,https://drive.google.com/uc?export=view&id=1jes-TWOrmy4z2tJfGSs0kmpAC1IxJjAY
CS001,63615186838,CAMISA,FOR WEST,CROPPET,FEMININO,G,BRANCO,1,74.9,164.78,https://drive.google.com/uc?export=view&id=1jes-TWOrmy4z2tJfGSs0kmpAC1IxJjAY
CS002,63615186838,CAMISA,FOR WEST,CROPPET,FEMININO,M,ROSA,1,74.9,164.78,https://drive.google.com/uc?export=view&id=1WWHNn5fGi-AYkMhlh9O3raZgR-xlZxN6
CS002,63615186838,CAMISA,FOR WEST,CROPPET,FEMININO,G,ROSA,1,74.9,164.78,https://drive.google.com/uc?export=view&id=1WWHNn5fGi-AYkMhlh9O3raZgR-xlZxN6
CS003,63615186838,CAMISA,FOR WEST,CROPPET,FEMININO,M,PRETO,1,74.9,164.78,https://drive.google.com/uc?export=view&id=1o95VJtqbAVq2--qvua3vx7cQxSDWDMNV
CS003,63615186838,CAMISA,FOR WEST,CROPPET,FEMININO,G,PRETO,1,74.9,164.78,https://drive.google.com/uc?export=view&id=1o95VJtqbAVq2--qvua3vx7cQxSDWDMNV
CS004,63615186838,CAMISA,FOR WEST,CROPPET,FEMININO,P,AZUL,1,74.9,164.78,https://drive.google.com/uc?export=view&id=1yl_rTfKFjNff6xtL2m9R9qsXcTLddc3J
CS004,63615186838,CAMISA,FOR WEST,CROPPET,FEMININO,M,AZUL,1,74.9,164.78,https://drive.google.com/uc?export=view&id=1yl_rTfKFjNff6xtL2m9R9qsXcTLddc3J
CS004,63615186838,CAMISA,FOR WEST,CROPPET,FEMININO,G,AZUL,1,74.9,164.78,https://drive.google.com/uc?export=view&id=1yl_rTfKFjNff6xtL2m9R9qsXcTLddc3J
SHORT001,6361516571,SHORT,FOR WEST,TACTEL,MASCULINO,P,AZUL PISCINA,1,64.9,142.8,https://drive.google.com/uc?export=view&id=1CBnzBfMh2EK4wWyU_h0pAtNWEgQeDqaH
SHORT001,6361516571,SHORT,FOR WEST,TACTEL,MASCULINO,M,AZUL ESCURO,1,64.9,142.8,https://drive.google.com/uc?export=view&id=1CBnzBfMh2EK4wWyU_h0pAtNWEgQeDqaH
SHORT001,6361516571,SHORT,FOR WEST,TACTEL,MASCULINO,GG,VERDE FLORECENTE,1,64.9,142.8,https://drive.google.com/uc?export=view&id=1CBnzBfMh2EK4wWyU_h0pAtNWEgQeDqaH
BOT001,456235151,BOTA,CLASSIC,BOTA TENIS,MASCULINO,43,MARROM,1,265.91,615.9,https://drive.google.com/uc?export=view&id=1HSfneNW_8u5Gni21sgOupXGlSCo-1EoN
BOT002,456260162,BOTA,CLASSIC,BOTA TENIS,MASCULINO,41,MARROM,1,265.91,615.9,https://drive.google.com/uc?export=view&id=1HSfneNW_8u5Gni21sgOupXGlSCo-1EoN
BOT003,45623540,BOTA,CLASSIC,BOTA TENIS,MASCULINO,40,MARROM,1,265.91,615.9,https://drive.google.com/uc?export=view&id=1HSfneNW_8u5Gni21sgOupXGlSCo-1EoN
BOT004,45626040,BOTA,CLASSIC,BOTA TENIS,MASCULINO,40,MARROM,1,265.91,615.9,https://drive.google.com/uc?export=view&id=1HSfneNW_8u5Gni21sgOupXGlSCo-1EoN
BOT005,456260162,BOTA,CLASSIC,BOTA TENIS,MASCULINO,41,MARROM,1,265.91,615.9,https://drive.google.com/uc?export=view&id=1HSfneNW_8u5Gni21sgOupXGlSCo-1EoN
BOT006,456260151,BOTA,CLASSIC,BOTA TENIS,MASCULINO,43,MARROM,1,265.91,615.9,https://drive.google.com/uc?export=view&id=1HSfneNW_8u5Gni21sgOupXGlSCo-1EoN
CM001,61M,CAMISA,TEAM ROPING,MANGA CURTA,MASCULINO,M,XADREZ AZUL,1,129.9,285.78,https://drive.google.com/uc?export=view&id=1h9MDEALB7TMr_7ygNJGbzW0_K95rhCu5
CM002,61G,CAMISA,TEAM ROPING,MANGA CURTA,MASCULINO,G,XADREZ COLORIDA,1,129.9,285.78,https://drive.google.com/uc?export=view&id=1pQ8bWguStnSDbc8wALOiEz6pART7aIHL
CM003,363171,CAMISA,AUSTIN,MANGA CURTA,MASCULINO,P,BRANCA/AZUL MARINHO,2,139.9,307.7,https://drive.google.com/uc?export=view&id=1Z_bQ5Td6EdNEsobpSi1wF0hvMOKqjWlr
CM004,363171,CAMISA,AUSTIN,MANGA CURTA,MASCULINO,M,PRETO,1,139.9,307.7,https://drive.google.com/uc?export=view&id=15EWVFe6ltlzlYIZonL7AzUqub2oxUcYM
CM005,363171,CAMISA,AUSTIN,MANGA CURTA,MASCULINO,GG,ROSA,1,139.9,307.7,https://drive.google.com/uc?export=view&id=1ySDWd-_Ryim6DiLtHvNg7uGFu_j7qqY9
CM006,368171,CAMISA,AUSTIN,MANGA LONGA,MASCULINO,G,AZUL ESCURO/BRANCA,2,149.9,329.78,https://drive.google.com/uc?export=view&id=11U3T6JW8MCJ-6G365b_V8VLDjl4PIyu_
CM007,368171,CAMISA,AUSTIN,MANGA LONGA,MASCULINO,P,AZUL CLARO,1,149.9,329.78,https://drive.google.com/uc?export=view&id=1tT4diTaGGAch-OZ4Xy8EeiN5voRbbRPL
CM007,368171,CAMISA,AUSTIN,MANGA LONGA,MASCULINO,M,AZUL CLARO,1,149.9,329.78,https://drive.google.com/uc?export=view&id=1tT4diTaGGAch-OZ4Xy8EeiN5voRbbRPL
CM008,368171,CAMISA,AUSTIN,MANGA LONGA,MASCULINO,GG,ROSA/VERDE,2,149.9,329.78,https://drive.google.com/uc?export=view&id=1_qPjh9wm2UslQXqWsT0Ujci3_o6mtzDu
CM009,368171,CAMISA,AUSTIN,MANGA LONGA,MASCULINO,M,AZUL ESCURO,1,149.9,329.78,https://drive.google.com/uc?export=view&id=1fG37DOM69VC9ioDgN0GfRCsUwMkRAG2t
CAL001,CCM-LON-38/48,CALCA,CLASSIC,JEANS,MASCULINO,48,AZUL ESCURO,1,109.4,270.9,https://drive.google.com/uc?export=view&id=1VtzZgC77TDLELo3imIIunV-yLcMXjTTg
CAL002,ROUTE-PDM025,CALCA,TEXAS FARM,JEANS,MASCULINO,48,AZUL ESCURO,1,123.41,270.5,https://drive.google.com/uc?export=view&id=1MvuafCq4dyWgOn1-GFgRN4iuVQUUAQuk
CAL003,STYLE THREE HARD-PDM003,CALCA,TEXAS FARM,JEANS,MASCULINO,48,AZUL CLARO,1,120.56,265.25,https://drive.google.com/uc?export=view&id=1va8VGXGChhHmIVutKKCt2zBHFlhCYO3v
CAL004,STYLE FOUR HARD-PDM004,CALCA,TEXAS FARM,JEANS,MASCULINO,48,AZUL ESCURO,1,120.56,265.25,https://drive.google.com/uc?export=view&id=1y6u3z7B5DuJpm8AUOnpnj3QlpF6-J4nZ
CAL004,STYLE FOUR HARD-PDM004,CALCA,TEXAS FARM,JEANS,MASCULINO,46,AZUL ESCURO,1,120.56,265.25,https://drive.google.com/uc?export=view&id=1y6u3z7B5DuJpm8AUOnpnj3QlpF6-J4nZ
CAL002,ROUTE-PDM025,CALCA,TEXAS FARM,JEANS,MASCULINO,46,AZUL ESCURO,1,123.41,270.5,https://drive.google.com/uc?export=view&id=1MvuafCq4dyWgOn1-GFgRN4iuVQUUAQuk
CAL003,STYLE THREE HARD-PDM003,CALCA,TEXAS FARM,JEANS,MASCULINO,46,AZUL CLARO,1,120.56,265.25,https://drive.google.com/uc?export=view&id=1va8VGXGChhHmIVutKKCt2zBHFlhCYO3v
CAL005,HARD-PDM021,CALCA,TEXAS FARM,JEANS,MASCULINO,46,AZUL ESCURO/LARANJA NEON,1,135.75,298.65,https://drive.google.com/uc?export=view&id=182Hz7f3T6LWWqnHqBxgw1OMW2uoXhZVT
CAL006,STYLE MB31534001-CI,CALCA,CINCH SAWYER,JEANS,MASCULINO,46,AZUL ESCURO,1,454.0,998.0,https://drive.google.com/uc?export=view&id=1DssLm8WM8eRN5VqVFVZV0_JkO6XOPQHH
CAL032,STYLE FOUR HARD-PDM004,CALCA,TEXAS FARM,JEANS,MASCULINO,44,AZUL,1,120.56,265.25,https://drive.google.com/uc?export=view&id=1y6u3z7B5DuJpm8AUOnpnj3QlpF6-J4nZ
CAL033,STYLE THREE HARD-PDM003,CALCA,TEXAS FARM,JEANS,MASCULINO,44,AZUL CLARO,1,120.56,265.25,https://drive.google.com/uc?export=view&id=1va8VGXGChhHmIVutKKCt2zBHFlhCYO3v
CAL034,HARD-PDM021,CALCA,TEXAS FARM,JEANS,MASCULINO,44,AZUL ESCURO/LARANJA NEON,1,135.75,298.65,https://drive.google.com/uc?export=view&id=182Hz7f3T6LWWqnHqBxgw1OMW2uoXhZVT
CAL035,STYLE MB90530001-CI,CALCA,CINCH SAWYER,JEANS,MASCULINO,44,AZUL,1,310.0,680.0,https://drive.google.com/uc?export=view&id=19tOpWVTfyshyqMA91tgT_G0RnCqdbVds
CAL035,STYLE MB90530001-CI,CALCA,CINCH SAWYER,JEANS,MASCULINO,40,AZUL,1,310.0,680.0,https://drive.google.com/uc?export=view&id=19tOpWVTfyshyqMA91tgT_G0RnCqdbVds
CAL035,STYLE MB90530001-CI,CALCA,CINCH SAWYER,JEANS,MASCULINO,42,AZUL,1,310.0,680.0,https://drive.google.com/uc?export=view&id=19tOpWVTfyshyqMA91tgT_G0RnCqdbVds
CAL036,CCM-LON-32/40,CALCA,CLASSIC,JEANS,MASCULINO,40,AZUL ESCURO,1,109.4,240.9,https://drive.google.com/uc?export=view&id=1VtzZgC77TDLELo3imIIunV-yLcMXjTTg
CAL037,109950,CALCA,MISS COUNTRY,JEANS,FEMININO,50,AZUL,1,381.0,760.0,https://drive.google.com/uc?export=view&id=1UxEo_2SAsBm4m6-_U_Hz5vCWDJuv83SD
BOT007,DL024,BOTA,SHERIFF WEST,COURO,MASCULINO,38,PRETO/VERDE,1,269.0,590.0,https://drive.google.com/uc?export=view&id=1y1sMlbbvxPeu9WJDReXkYJrsoHu3YC0Z
BOT008,DL024,BOTA,SHERIFF WEST,COURO,MASCULINO,37,PRETO/VERDE,1,269.0,590.0,https://drive.google.com/uc?export=view&id=1y1sMlbbvxPeu9WJDReXkYJrsoHu3YC0Z
BOT009,DL024,BOTA,SHERIFF WEST,COURO,MASCULINO,41,PRETO/VERDE,1,269.0,590.0,https://drive.google.com/uc?export=view&id=1y1sMlbbvxPeu9WJDReXkYJrsoHu3YC0Z
BOT010,DL024,BOTA,SHERIFF WEST,COURO,MASCULINO,44,PRETO/VERDE,1,269.0,590.0,https://drive.google.com/uc?export=view&id=1y1sMlbbvxPeu9WJDReXkYJrsoHu3YC0Z
BOT011,DL024,BOTA,SHERIFF WEST,COURO,MASCULINO,42,PRETO/VERDE,1,269.0,590.0,https://drive.google.com/uc?export=view&id=1y1sMlbbvxPeu9WJDReXkYJrsoHu3YC0Z
BOT012,DL024,BOTA,SHERIFF WEST,COURO,MASCULINO,43,PRETO/VERDE,1,269.0,590.0,https://drive.google.com/uc?export=view&id=1y1sMlbbvxPeu9WJDReXkYJrsoHu3YC0Z
BOT013,DL004,BOTA,SHERIFF WEST,COURO,FEMININO,35,AZUL,1,299.0,660.0,https://drive.google.com/uc?export=view&id=1dlXn3rBE8bUdSgTc-ZBn7peAkCCmDL4V
BOT014,DL004,BOTA,SHERIFF WEST,COURO,FEMININO,37,AZUL,2,299.0,660.0,https://drive.google.com/uc?export=view&id=1dlXn3rBE8bUdSgTc-ZBn7peAkCCmDL4V
BOT015,DL004,BOTA,SHERIFF WEST,COURO,FEMININO,36,AZUL,2,299.0,660.0,https://drive.google.com/uc?export=view&id=1dlXn3rBE8bUdSgTc-ZBn7peAkCCmDL4V
BOT016,DL004,BOTA,SHERIFF WEST,COURO,FEMININO,38,AZUL,2,299.0,660.0,https://drive.google.com/uc?export=view&id=1dlXn3rBE8bUdSgTc-ZBn7peAkCCmDL4V
BOT017,DL004,BOTA,SHERIFF WEST,COURO,FEMININO,36,VERDE,1,299.0,660.0,https://drive.google.com/uc?export=view&id=14oKaUTfMhYEXNtgo7342A6AnvGi3N2hh
BOT018,DL004,BOTA,SHERIFF WEST,COURO,FEMININO,35,VERDE,1,299.0,660.0,https://drive.google.com/uc?export=view&id=14oKaUTfMhYEXNtgo7342A6AnvGi3N2hh
BOT019,DL004,BOTA,SHERIFF WEST,COURO,FEMININO,40,VERDE,1,299.0,660.0,https://drive.google.com/uc?export=view&id=14oKaUTfMhYEXNtgo7342A6AnvGi3N2hh
BOT020,DL004,BOTA,SHERIFF WEST,COURO,FEMININO,37,VERDE,1,299.0,660.0,https://drive.google.com/uc?export=view&id=14oKaUTfMhYEXNtgo7342A6AnvGi3N2hh
BOT021,DL004,BOTA,SHERIFF WEST,COURO,FEMININO,34,VERDE,1,299.0,660.0,https://drive.google.com/uc?export=view&id=14oKaUTfMhYEXNtgo7342A6AnvGi3N2hh
BOT022,DL004,BOTA,SHERIFF WEST,COURO,FEMININO,38,VERDE,1,299.0,660.0,https://drive.google.com/uc?export=view&id=14oKaUTfMhYEXNtgo7342A6AnvGi3N2hh
BOT023,DL024,BOTA,SHERIFF WEST,COURO,MASCULINO,39,PRETO/VERDE,1,269.0,590.0,https://drive.google.com/uc?export=view&id=1y1sMlbbvxPeu9WJDReXkYJrsoHu3YC0Z
BOT024,DL004,BOTA,SHERIFF WEST,COURO,FEMININO,37,VERMELHO,2,299.0,660.0,https://drive.google.com/uc?export=view&id=1G9YaOhOeegNV7a5395n_mcq_oEwseLjq
BOT025,DL004,BOTA,SHERIFF WEST,COURO,FEMININO,39,VERMELHO,1,299.0,660.0,https://drive.google.com/uc?export=view&id=1G9YaOhOeegNV7a5395n_mcq_oEwseLjq
BOT026,DL004,BOTA,SHERIFF WEST,COURO,FEMININO,36,VERMELHO,2,299.0,660.0,https://drive.google.com/uc?export=view&id=1G9YaOhOeegNV7a5395n_mcq_oEwseLjq
BOT027,DL004,BOTA,SHERIFF WEST,COURO,FEMININO,39,MARROM,1,299.0,660.0,https://drive.google.com/uc?export=view&id=1EEjXzCoR55KgWmBIKd53f-G9g26NrI7y
BOT028,DL024,BOTA,SHERIFF WEST,COURO,MASCULINO,40,PRETO/VERDE,1,269.0,590.0,https://drive.google.com/uc?export=view&id=1y1sMlbbvxPeu9WJDReXkYJrsoHu3YC0Z
BOT029,DL004,BOTA,SHERIFF WEST,COURO,FEMININO,38,MARROM,1,299.0,660.0,https://drive.google.com/uc?export=view&id=1EEjXzCoR55KgWmBIKd53f-G9g26NrI7y
BOT030,DL004,BOTA,SHERIFF WEST,COURO,FEMININO,36,MARROM,1,299.0,660.0,https://drive.google.com/uc?export=view&id=1EEjXzCoR55KgWmBIKd53f-G9g26NrI7y
BOT031,DL004,BOTA,SHERIFF WEST,COURO,FEMININO,40,MARROM,1,299.0,660.0,https://drive.google.com/uc?export=view&id=1EEjXzCoR55KgWmBIKd53f-G9g26NrI7y
CAL038,AMERICAN-PDF039,CALCA,TEXAS FARM,JEANS,FEMININO,36,AZUL ESCURO,1,161.41,355.0,https://drive.google.com/uc?export=view&id=12j9Zvu71ZjOurTD9X09EGBXP3_TUbdjs
CAL039,1096,CALCA,MISS COUNTRY,JEANS,FEMININO,34,AZUL,1,379.0,840.0,https://drive.google.com/uc?export=view&id=1LRDbDsujtyKEAB0_y_pNfGS3OO7Y6YTg
CAL040,CCF-STR/CLR-36,CALCA,CLASSIC,JEANS,FEMININO,36,AZUL CLARO,1,119.0,260.0,https://drive.google.com/uc?export=view&id=1NgzpeHWmayZ2X4WjRj9Sv5Xf0WopQT_p
CAL041,1098,CALCA,MISS COUNTRY,JEANS SAVANNA,FEMININO,42,AZUL,1,360.4,790.0,https://drive.google.com/uc?export=view&id=1o2oNyy827ya_iS62jdH7n8zbS8RM_7qb
CAL042,1070,CALCA,MISS COUNTRY,JEANS BASIC,FEMININO,34,AZUL,1,154.4,340.0,https://drive.google.com/uc?export=view&id=19va0whQGNw07WbMDw8iguobVh5ASykal
JAQ001,2096,JAQUETA,MISS COUNTRY,JEANS,FEMININO,G,AZUL,1,278.0,610.0,https://drive.google.com/uc?export=view&id=1PvCwU6FDjAJngidY5F-1a7KrBJo83yh5
CAL043,CCF-STR/CLR-42,CALCA,CLASSIC,JEANS,FEMININO,38,AZUL CLARO,1,119.0,260.0,https://drive.google.com/uc?export=view&id=1NgzpeHWmayZ2X4WjRj9Sv5Xf0WopQT_p
CAL044,STYLE THREE HARD-PDM003,CALCA,TEXAS FARM,JEANS,FEMININO,54,AZUL CLARO,1,120.56,265.25,https://drive.google.com/uc?export=view&id=1va8VGXGChhHmIVutKKCt2zBHFlhCYO3v
CAL045,CCM-LON-42,CALCA,CLASSIC,JEANS,MASCULINO,52,AZUL ESCURO,1,109.0,240.0,https://drive.google.com/uc?export=view&id=1VtzZgC77TDLELo3imIIunV-yLcMXjTTg
CAL046,CCM-LON-36/46,CALCA,CLASSIC,JEANS,MASCULINO,46,AZUL ESCURO,1,109.0,240.0,https://drive.google.com/uc?export=view&id=1VtzZgC77TDLELo3imIIunV-yLcMXjTTg
CAL047,CCM-LON-35/44,CALCA,CLASSIC,JEANS,MASCULINO,44,AZUL ESCURO,1,109.0,240.0,https://drive.google.com/uc?export=view&id=1VtzZgC77TDLELo3imIIunV-yLcMXjTTg
CAL048,CCM-LON-33/42,CALCA,CLASSIC,JEANS,MASCULINO,42,AZUL ESCURO,1,109.0,240.0,https://drive.google.com/uc?export=view&id=1VtzZgC77TDLELo3imIIunV-yLcMXjTTg
CAL049,CCM-LON-40/50,CALCA,CLASSIC,JEANS,MASCULINO,50,AZUL ESCURO,1,109.0,240.0,https://drive.google.com/uc?export=view&id=1VtzZgC77TDLELo3imIIunV-yLcMXjTTg
CAL050,1095,CALCA,MISS COUNTRY,JEANS TEXAS,FEMININO,40,AZUL,1,252.2,560.0,https://drive.google.com/uc?export=view&id=16hbd546Bbdiaj1y2pTH-GplJZv6vrQA6
CAL051,1095,CALCA,MISS COUNTRY,JEANS TEXAS,FEMININO,42,AZUL,1,252.2,560.0,https://drive.google.com/uc?export=view&id=16hbd546Bbdiaj1y2pTH-GplJZv6vrQA6
CAL052,1099,CALCA,MISS COUNTRY,JEANS DESERT SOUL,FEMININO,52,AZUL,1,381.0,840.0,https://drive.google.com/uc?export=view&id=1UxEo_2SAsBm4m6-_U_Hz5vCWDJuv83SD
JAQ002,2096,JAQUETA,MISS COUNTRY,JEANS,FEMININO,P,AZUL,1,278.0,610.0,https://drive.google.com/uc?export=view&id=1PvCwU6FDjAJngidY5F-1a7KrBJo83yh5
JAQ003,2097,JAQUETA,MISS COUNTRY,JEANS /COM STRASS,FEMININO,M,PRETO,1,350.1,769.0,https://drive.google.com/uc?export=view&id=1WD1QMpY777XNCFeaFrUtDqDtKc47drX_
CAL053,CCM-LON-30/38,CALCA,CLASSIC,JEANS,MASCULINO,38,AZUL ESCURO,1,109.0,240.0,https://drive.google.com/uc?export=view&id=1VtzZgC77TDLELo3imIIunV-yLcMXjTTg
CAL054,MB31534001-CI,CALCA,CINCH,JEANS,MASCULINO,50,AZUL ESCURO,1,454.0,910.0,https://drive.google.com/uc?export=view&id=19tOpWVTfyshyqMA91tgT_G0RnCqdbVds
CAL055,MB98034006,CALCA,CINCH SILVER LABEL 2,JEANS,MASCULINO,44,AZUL ESCURO,2,330.0,725.0,https://drive.google.com/uc?export=view&id=19tOpWVTfyshyqMA91tgT_G0RnCqdbVds
CAL056,10008403,CALCA,ARIAT,JEANS,MASCULINO,50,AZUL,1,468.0,940.0,https://drive.google.com/uc?export=view&id=1Dyg0QCvgrwTjTrCm1Gzd32Soj9GI8j4v
CAL057,MB90633006,CALCA,CINCH BLACK LABEL 2,JEANS,MASCULINO,48,AZUL,1,390.0,860.0,https://drive.google.com/uc?export=view&id=1qqWVYz_vD5w36msFUEeexaiVzx8IWJht
CAL058,ROUTE-PDM025,CALCA,TEXAS FARM,JEANS,MASCULINO,38,AZUL,1,123.41,270.0,https://drive.google.com/uc?export=view&id=1MvuafCq4dyWgOn1-GFgRN4iuVQUUAQuk
CAL059,STONED-PDM027,CALCA,TEXAS FARM,JEANS,MASCULINO,36,AZUL,1,135.75,298.0,https://drive.google.com/uc?export=view&id=182Hz7f3T6LWWqnHqBxgw1OMW2uoXhZVT
CAL060,STYLE THREE HARD-PDM003,CALCA,TEXAS FARM,JEANS,MASCULINO,52,AZUL,1,120.56,265.0,https://drive.google.com/uc?export=view&id=1va8VGXGChhHmIVutKKCt2zBHFlhCYO3v
CAL061,CCF-STR/CLR-38,CALCA,CLASSIC,JEANS,FEMININO,38,AZUL CLARO,1,119.0,260.0,https://drive.google.com/uc?export=view&id=1NgzpeHWmayZ2X4WjRj9Sv5Xf0WopQT_p
CAL062,1095,CALCA,MISS COUNTRY,JEANS TEXAS,FEMININO,38,AZUL CLARO,1,252.2,560.0,https://drive.google.com/uc?export=view&id=16hbd546Bbdiaj1y2pTH-GplJZv6vrQA6
CAL063,7013,CALCA,COUNTRY LAND,JEANS,FEMININO,40,AZUL,1,0,249.75,
CAL064,1070,CALCA,MISS COUNTRY,JEANS BASIC,FEMININO,36,AZUL,1,154.4,340.0,https://drive.google.com/uc?export=view&id=19va0whQGNw07WbMDw8iguobVh5ASykal
CAL065,21M4CHD60,CALCA,WRANGLER,JEANS LYCRA,FEMININO,38,AZUL ESCURO,1,144.9,318.78,https://drive.google.com/uc?export=view&id=1tWXtg5ShAlZvcb1OGFEgySQjAux1TXHo
CM059,2089,CAMISA,MISS COUNTRY,LEGACY,FEMININO,G,PRETA/COM PEDRARIAS,1,308.9,620.0,https://drive.google.com/uc?export=view&id=1Gy2B6dL2_NiKMBCbMNhFHh6AfZxC2vJ_
CM060,2080,CAMISA,MISS COUNTRY,WILDFLOWER,FEMININO,G,AZUL/COM BORDADO FLORES,1,269.8,540.0,https://drive.google.com/uc?export=view&id=1XRsKqWpTzmcCFV1y9jbfh1aWz9DwM_Tv
CAL066,CCF-STR/CLR-40,CALCA,CLASSIC,JEANS,FEMININO,40,AZUL,1,119.0,260.0,https://drive.google.com/uc?export=view&id=1NgzpeHWmayZ2X4WjRj9Sv5Xf0WopQT_p
CAL067,STYLE FOUR HARD-PMD004,CALCA,TEXAS FARM,JEANS,MASCULINO,46,AZUL,1,120.56,265.25,https://drive.google.com/uc?export=view&id=1y6u3z7B5DuJpm8AUOnpnj3QlpF6-J4nZ
CAL068,1088,CALCA,MISS COUNTRY,JEANS WILDFLOWER,FEMININO,44,AZUL ESCURO/COM PEDRARIA,1,360.4,720.0,https://drive.google.com/uc?export=view&id=16UN1X71N_W6Y1r1g9Z6WAPq_CrRJcFTC
CM061,CMLLO-CL-XDF-M,CAMISA,CLASSIC,MANGA LONGA,MASCULINO,M,XADREZ/PRETO E BRANCO,1,119.0,260.0,https://drive.google.com/uc?export=view&id=1ui887NA2URkH3PE595cJmYrlJaejWft1
CM062,CMCEX-CL-XDF-M,CAMISA,CLASSIC,MANGA CURTA,MASCULINO,M,XADREZ/AZUL,1,119.0,260.0,https://drive.google.com/uc?export=view&id=1hAtdyGc__5xQgis7ReMaA9elguiagDOm
CS077,,CAMISA,CLASSIC,POLO,MASCULINO,P,LISA/SALMAO,1,84.0,185.0,https://drive.google.com/uc?export=view&id=1USYK6izh8ed144YuGAohiPTKTehbQOqF
CS078,,CAMISA,CLASSIC,POLO,MASCULINO,PP,LISA/CINZA,1,84.0,185.0,https://drive.google.com/uc?export=view&id=11c1vsMeJfB_mOmYTQTR7ngkd5QqAdt63
CS079,,CAMISA,CLASSIC,POLO,MASCULINO,M,LISTRADA,1,76.0,167.0,https://drive.google.com/uc?export=view&id=1cjfsUKlnl1ksimsNpwKv0otm9nhx1mi7
CS080,,CAMISA,CLASSIC,POLO,MASCULINO,P,LISTRADA,1,76.0,167.0,https://drive.google.com/uc?export=view&id=1FsLJlNPfl5_za1jpNWv9qcvEmH0NAqol
CS081,,CAMISA,CLASSIC,POLO,MASCULINO,GG,LISTRADA,1,76.0,167.0,https://drive.google.com/uc?export=view&id=1Io-ixrn98vqhKyy4rflz-s6-yBZyxnzM
CS082,,CAMISA,CLASSIC,POLO,MASCULINO,G,LISTRADA,1,76.0,167.0,https://drive.google.com/uc?export=view&id=1A2m_FmSbZKvLWV_hxxLkHXhurvgzL2MH
CS083,,CAMISA,CLASSIC,POLO,MASCULINO,G,LISA/AZUL MARINHO,1,84.0,185.0,https://drive.google.com/uc?export=view&id=1IO5p9jhFJ7ihPyIxj1UemcT5HUZ-0pfW
CS084,,CAMISA,CLASSIC,POLO,MASCULINO,GG,LISA/VERDE CLARA,1,84.0,185.0,https://drive.google.com/uc?export=view&id=1tQAGd1bnEwY0XikehEMXmIc-Gju-5vzX
CM063,CMLFLI-CL/DT,CAMISA,CLASSIC,MANGA LONGA,FEMININO,G,LISA/PRETA,1,104.0,230.0,https://drive.google.com/uc?export=view&id=1TwF4mDAzYNqk1RBeCAD5l6cvZGRmPJa7
CM064,CMLFLI-CL/DT,CAMISA,CLASSIC,MANGA LONGA,FEMININO,G,LISA/BRANCA,1,104.0,230.0,https://drive.google.com/uc?export=view&id=12R99yb1sjiEa-kUqJeWCxWRSQ5vmh4bV
CM065,CMFLO-CL-XDF-G,CAMISA,CLASSIC,MANGA LONGA,FEMININO,G,XADREZ/ROSA CLARO,1,104.0,230.0,https://drive.google.com/uc?export=view&id=1dxjjg2p7AJqCGetp46ZEeQILBOnxnUf5
CM066,CMFLO-CL-XDF-GG,CAMISA,CLASSIC,MANGA LONGA,FEMININO,GG,XADREZ/ROSA CLARO,1,104.0,230.0,https://drive.google.com/uc?export=view&id=1dxjjg2p7AJqCGetp46ZEeQILBOnxnUf5
CM067,CMLLO-CL-XDF-G,CAMISA,CLASSIC,MANGA LONGA,FEMININO,G,XADREAZ/LILAS,1,104.0,230.0,https://drive.google.com/uc?export=view&id=1BpWpB1AV0zx5CwfwFI_Sn6iK5TvWufRE
CM068,CMLFLI-CL/DT,CAMISA,CLASSIC,MANGA LONGA,FEMININO,M,LISA/BRANCA,1,104.0,230.0,https://drive.google.com/uc?export=view&id=12R99yb1sjiEa-kUqJeWCxWRSQ5vmh4bV
CM069,CMLFLI-CL/DT,CAMISA,CLASSIC,MANGA LONGA,FEMININO,M,LISA/PRETA,1,104.0,230.0,https://drive.google.com/uc?export=view&id=1TwF4mDAzYNqk1RBeCAD5l6cvZGRmPJa7
CM070,CMCEX-CL-XDF-PP,CAMISA,CLASSIC,MANGA CURTA,MASCULINO,PP,XADREZ,1,109.0,240.0,https://drive.google.com/uc?export=view&id=1QYZZeunNdFtbVHByCSvEBoy_asy7WLEU
CM071,CMCEX-CL-XDF-PP,CAMISA,CLASSIC,MANGA CURTA,MASCULINO,PP,XADREZ,1,109.0,240.0,https://drive.google.com/uc?export=view&id=1pCNuVd5uQgHj5l9QhykIapN2dI6CZxvX
CM072,CMCLO-CL-XDF-PP,CAMISA,CLASSIC,MANGA CURTA,MASCULINO,PP,XADREZ/AZUL CLARO,1,109.0,240.0,https://drive.google.com/uc?export=view&id=1Zb-kqyCVCwJFP6YACV1N1h5FCS-AYCK2
CM073,CMCEX-CL-XDF-P,CAMISA,CLASSIC,MANGA CURTA,MASCULINO,P,XADREZ,1,109.0,240.0,https://drive.google.com/uc?export=view&id=1WmV386snCI7qFyIiAq9M5edh-AP6gAfr
CM074,CMLEX-CL-XDF-P,CAMISA,CLASSIC,MANGA CURTA,MASCULINO,P,XADREZ,1,109.0,240.0,https://drive.google.com/uc?export=view&id=161b1QAKO_d1vku2IdIOU7rxbrNFD1f_h
CM075,CMCEX-CL-XDF-P,CAMISA,CLASSIC,MANGA CURTA,MASCULINO,P,XADREZ/VERDE CLARO,1,109.0,240.0,https://drive.google.com/uc?export=view&id=1i900EkAWztrD7ofZ7A6bh_wiQ3HUWu7T
CM076,CMLLO-CL-XDF-PP,CAMISA,CLASSIC,MANGA LONGA,MASCULINO,PP,XADREZ/AZUL CLARO,1,119.0,260.0,https://drive.google.com/uc?export=view&id=1QMfH0rpJ5aC6U5SZ5Exh0ssqmnJC5zst
CM077,CMLEX-CL-XDF-M,CAMISA,CLASSIC,MANGA LONGA,MASCULINO,M,XADREZ/AZUL ESCURO,1,119.0,260.0,https://drive.google.com/uc?export=view&id=19yYOH-jEilGLrKhw1OLIiSIjrhhWsKiP
CM078,,CAMISA,CLASSIC,MANGA CURTA,MASCULINO,GG,XADREZ/AZUL,1,109.0,240.0,https://drive.google.com/uc?export=view&id=1zW04dWpr5x9WUnpuYIpFR2qkgB3NcVOL
CM079,CMCEX-CL-XDF-M,CAMISA,CLASSIC,MANGA CURTA,MASCULINO,M,XADREZ/VERDE CLARO,1,109.0,240.0,https://drive.google.com/uc?export=view&id=1epPTI36iH59NzyXrucUEpbSIVrLQDlO4
CM080,CMCEX-CLXDF-M,CAMISA,CLASSIC,MANGA CURTA,MASCULINO,M,XADREZ/VERDE CLARO,1,109.0,240.0,https://drive.google.com/uc?export=view&id=1AzeBO7xiTjdBDh8kMr654cq0ObR5AXhd
CM081,CMCEX-CL-XDF-GG,CAMISA,CLASSIC,MANGA CURTA,MASCULINO,GG,XADREZ/AZUL E CINZA,1,109.0,240.0,https://drive.google.com/uc?export=view&id=1eH8SuoHXd_3gRKbEiS53o0nHLNSxoZtv
CM082,CMLEX-CL-XDF-GG,CAMISA,CLASSIC,MANGA LONGA,MASCULINO,GG,XADREZ,1,119.0,260.0,https://drive.google.com/uc?export=view&id=1zTOwUhGwX57g3BY5-nC7qyCqPgOczb0Z
CAL069,FREE SOUL-PDF056,CALCA,TEXAS FARM,JEANS,FEMININO,34,BORDADA,1,161.41,355.0,https://drive.google.com/uc?export=view&id=1feopyU2A535PSge5CjdGaNrwr5nLwijv
CAL070,DAILY BASIC-PDF051,CALCA,TEXAS FARM,JEANS,FEMININO,48,JEANS AZUL ESCURO,1,115.0,255.0,https://drive.google.com/uc?export=view&id=1mIcfAty01lhVoALooA5UNH5OVIS1rxfL
CAL071,DAILY BASIC-PDF051,CALCA,TEXAS FARM,JEANS,FEMININO,44,JEANS AZUL ESCURO,1,115.0,255.0,https://drive.google.com/uc?export=view&id=1mIcfAty01lhVoALooA5UNH5OVIS1rxfL
JAQ004,2097,JAQUETA,MISS COUNTRY,JEANS /COM STRASS,FEMININO,G,PRETO,1,350.1,769.0,https://drive.google.com/uc?export=view&id=1WD1QMpY777XNCFeaFrUtDqDtKc47drX_
VEST001,3399,VESTIDO,MISS COUNTRY,VESTIDO OAK,FEMININO,P,MARROM,1,329.0,649.9,https://drive.google.com/uc?export=view&id=1I_l6YTZqNWJBUJntZLGUpdbtdZJatZeY
TSH012,3398,TSHIRT,MISS COUNTRY,DARLING,FEMININO,PP,ESTAMPADO/OFF,1,133.8,266.6,https://drive.google.com/uc?export=view&id=1x-yX0X9GY4LMU-37Ow41lFKuheybKw9Z
TSH013,3390,TSHIRT,MISS COUNTRY,ETHINIC,FEMININO,PP,ESTAMPADO/COM STRASS,1,123.0,247.0,https://drive.google.com/uc?export=view&id=1E_9nsfUx9VkY0hJbJlByl-DZSRYM1o_7
CAL072,13M68PW36UN,CALCA,WRANGLER,COWBOY CUT,MASCULINO,46,AZUL ESCURO,1,159.9,351.78,https://drive.google.com/uc?export=view&id=1egH3mzwm27JXXJa9U_VE8I4OPy0LwHOp
CAL073,MB90633006,CALCA,CINCH BLACK LABEL 2,JEANS,MASCULINO,46,,1,390.0,860.0,https://drive.google.com/uc?export=view&id=1qqWVYz_vD5w36msFUEeexaiVzx8IWJht
CAL074,1070,CALCA,MISS COUNTRY,JEANS BASIC,FEMININO,50,JEANS ESCURO,1,154.4,340.0,https://drive.google.com/uc?export=view&id=19va0whQGNw07WbMDw8iguobVh5ASykal
SHORTBABY001,SH-JSST-CL,SHORT BABY,CLASSIC,JEANS,UNISSEX,G,JEANS,2,53.0,116.9,https://drive.google.com/uc?export=view&id=1yJDJIfWkLyId7rU3Y0LB7aepuX2B0Suy
SHORTBABY002,SH-ST-CL,SHORT BABY,CLASSIC,JEANS,UNISSEX,M,JEANS,1,53.0,116.9,https://drive.google.com/uc?export=view&id=1yJDJIfWkLyId7rU3Y0LB7aepuX2B0Suy
SHORTBABY003,SH-JE-CL,SHORT BABY,CLASSIC,JEANS,UNISSEX,P,JEANS,1,53.0,116.9,https://drive.google.com/uc?export=view&id=1yJDJIfWkLyId7rU3Y0LB7aepuX2B0Suy
JAQ005,RIME-IN023-LOTAD-1339,JAQUETA,TEXAS FARM,PUFFER,MASCULINO,M,LONA/VERDE,1,234.56,469.0,https://drive.google.com/uc?export=view&id=1btK04SKHMnmP04Uv-udEPwcbSZ-COJv7
JAQ006,RIME-IN023-LOTAD-1339,JAQUETA,TEXAS FARM,PUFFER,MASCULINO,GG,LONA/VERDE,1,234.56,469.0,https://drive.google.com/uc?export=view&id=1btK04SKHMnmP04Uv-udEPwcbSZ-COJv7
JAQ007,RIME-IN023-LOTAD-1339,JAQUETA,TEXAS FARM,PUFFER,MASCULINO,P,LONA/VERDE,1,234.56,469.0,https://drive.google.com/uc?export=view&id=1btK04SKHMnmP04Uv-udEPwcbSZ-COJv7
COL001,DUSK-IN020,COLETE,TEXAS FARM,PUFFER,MASCULINO,M,PRETO,1,216.5,435.0,https://drive.google.com/uc?export=view&id=1ZX1FLvwNFlh84MPERV-eWma6aE1yLf2N
COL002,DUSK-IN020,COLETE,TEXAS FARM,PUFFER,MASCULINO,G,PRETO,1,216.5,435.0,https://drive.google.com/uc?export=view&id=1ZX1FLvwNFlh84MPERV-eWma6aE1yLf2N
ML002,RACE START-MTC004,MOLETOM,TEXAS FARM,GOLA CARECA,UNISSEX,G,PRETO/CARAMELO,1,132.91,265.0,https://drive.google.com/uc?export=view&id=14ptdRLn11_wK0OqyH78qot_1SVg_pq3u
ML003,RACE START-MTC004,MOLETOM,TEXAS FARM,GOLA CARECA,UNISSEX,PP,PRETO/CARAMELO,1,132.91,265.0,https://drive.google.com/uc?export=view&id=14ptdRLn11_wK0OqyH78qot_1SVg_pq3u
ML004,FEELING-MTC003,MOLETOM,TEXAS FARM,GOLA CARECA,UNISSEX,M,PRETO/BEGE,1,123.41,246.0,https://drive.google.com/uc?export=view&id=1RZ0DEuwrMND8O-wPDbur_HHC-edLAVv9
ML005,MT036,MOLETOM,TEXAS FARM,COM CAPUZ,UNISSEX,GG,PRETO/BRANCO,1,180.41,360.0,https://drive.google.com/uc?export=view&id=1iZUsYHGs_Q1QBp99z5qCXxJhzCf7kLOu
ML006,33759,MOLETOM,TOMAHAWK,COM CAPUZ,FEMININO,GG,PRETO/ESTAMPADO,1,150.0,330.0,https://drive.google.com/uc?export=view&id=1KP8GC21QFTeovmWgLu0tjEu_LrAOy2TA
ML007,ALLIANCE-MT139,MOLETOM,TEXAS FARM,COM CAPUZ,UNISSEX,M,PRETO,1,180.41,360.0,https://drive.google.com/uc?export=view&id=1d2ZcK3UV4sWosUT_7i7W81wc0jDDHvWX
JAQ008,RIME-IN023-LOTAD-1339,JAQUETA,TEXAS FARM,PUFFER,MASCULINO,G,LONA/VERDE,1,234.56,469.0,https://drive.google.com/uc?export=view&id=1btK04SKHMnmP04Uv-udEPwcbSZ-COJv7
JAQ009,,JAQUETA,PAC CUERS,COURO,FEMININO,XL,CARAMELO,1,460.0,920.0,https://drive.google.com/uc?export=view&id=1vh4ra_SRyZsK1tYGwvxRtVcF7xiDFG8v
JAQ010,,JAQUETA,PAC CUERS,COURO,FEMININO,G,CARAMELO,1,460.0,920.0,https://drive.google.com/uc?export=view&id=1vh4ra_SRyZsK1tYGwvxRtVcF7xiDFG8v
VEST002,3399,VESTIDO,MISS COUNTRY,VESTIDO OAK,FEMININO,M,MARROM,1,329.0,649.9,https://drive.google.com/uc?export=view&id=1I_l6YTZqNWJBUJntZLGUpdbtdZJatZeY
JAQ011,,JAQUETA,PAC CUERS,COURO,MASCULINO,XL,MARROM,1,460.0,920.0,https://drive.google.com/uc?export=view&id=1ISCzrSLOK7B3KLDzr659Vt8I8rI_6PVV
JAQ012,,JAQUETA,PAC CUERS,COURO,MASCULINO,XXL,PRETO,1,460.0,920.0,https://drive.google.com/uc?export=view&id=1R4v_ouV67WqFMdICrCWHx7-klm0ltS06
JAQ013,,JAQUETA,PAC CUERS,COURO,MASCULINO,XXL,CARAMELO,1,460.0,920.0,https://drive.google.com/uc?export=view&id=19culPWNjSu_4KM2OkpdVWmQO2y7AfjC5
JAQ014,,JAQUETA,PAC CUERS,COURO,MASCULINO,G,MARROM/CARAMELO,1,460.0,920.0,https://drive.google.com/uc?export=view&id=1FkjUaF7FKoXGDNB9wB5maFDlvgz0fqtm
PERF001,,PERFUME ARABE,,SABAH AL WARD-TRADICIONAL,FEMININO,100 ML,,2,77.25,280.0,https://drive.google.com/uc?export=view&id=1lb2JTs88gL9TK7YkWHJPsLwc7lbSZydZ
PERF002,,PERFUME ARABE,,SABAH AL WARD-GARDEN OF EDEN,FEMININO,100 ML,,2,187.9,419.0,https://drive.google.com/uc?export=view&id=11C1FlP8TdX8SS_RzMmJt4bTdDkd7SzKS
PERF003,,PERFUME ARABE,,CLUB DE NUIT ICONIC,MASCULINO,100 ML,,1,164.8,329.6,https://drive.google.com/uc?export=view&id=11n5EejrJDELPzIp3F_Gji5V_xLd4RJAQ
PERF004,,PERFUME ARABE,,SHAHEEN SILVER PRATA,MASCULINO,100 ML,,2,123.6,310.0,https://drive.google.com/uc?export=view&id=1bf7y2OUMZwcKYhpPI4ovS5hp2OCeoliM
PERF005,,PERFUME ARABE,,FAKHAR ROSE,FEMININO,100 ML,,1,144.2,349.9,https://drive.google.com/uc?export=view&id=1U2Kr9NSVITKqFDnQdXonFlhSuQlWhIbW
PERF006,,PERFUME ARABE,,FAKHAR EXTRAIT GOLDEN,UNISSEX,100 ML,,1,97.85,349.9,https://drive.google.com/uc?export=view&id=1-gzRFfx-E6eDjVHuOypx8JoYMUYlTcGW
PERF007,,PERFUME ARABE,,FAKHAR BLACK,MASCULINO,100 ML,,1,144.2,349.9,https://drive.google.com/uc?export=view&id=1Wmb0LAgr9i1TAoqBd3HyDuibfocJjBkF
PERF008,,PERFUME ARABE,,QUEEN OF ARABIA,FEMININO,100 ML,,1,247.2,549.9,https://drive.google.com/uc?export=view&id=1zwtaJ_ULdCi7ej73hXwX-0X-ggLAYqeO
PERF009,,PERFUME ARABE,,ROYAL AMBER,FEMININO,80 ML,,1,257.5,590.0,https://drive.google.com/uc?export=view&id=1-ff8ERInSgs26s12zVCOnYToi8n0_YHK
PERF010,,PERFUME GRIFE,,SCANDAL,FEMININO,80 ML,,1,381.1,765.0,https://drive.google.com/uc?export=view&id=1vT1nQ2oinKChRvtd-_4YXKXAWQGrAuc8
PERF011,,PERFUME GRIFE,,ANIMALE FOR MEN,MASCULINO,100 ML,,1,113.3,359.0,https://drive.google.com/uc?export=view&id=1sB0ryKNPd_PrinDVq8crNl9HzxY9K3XS
PERF012,,PERFUME ARABE,,ASAD ZANZIBAR,MASCULINO,100 ML,,1,118.45,280.0,https://drive.google.com/uc?export=view&id=14NlOWwaYvTht2xCC-6kmhL6gxJ_DoqTk
PERF013,,PERFUME ARABE,,AFNAN 9 AM POUR FEMME,FEMININO,100 ML,,1,118.45,280.0,https://drive.google.com/uc?export=view&id=1aHVRdgnxsGNg3NaTC5DArlPtzq4uFvAh
PERF014,,PERFUME ARABE,,AFNAN 9 PM REBEL,MASCULINO,100 ML,,1,118.45,280.0,https://drive.google.com/uc?export=view&id=1w2IqoB9f1MZr8Ll6D1ps3jR_31qJK7T2
PERF015,,PERFUME ARABE,,BADEE AL OUD NOBLE BLUSH,FEMININO,100 ML,,1,113.0,349.0,https://drive.google.com/uc?export=view&id=14h2-KIiOqsmkJx7Bc2i2ksZlB7SUfOUk
PERF016,,PERFUME ARABE,,BADEE AL OUD AMETHYST,UNISSEX,100 ML,,1,113.0,349.0,https://drive.google.com/uc?export=view&id=1ATO3gBv3F-Y0xkV4xzwueBvtR-Q-GOUg
PERF017,,PERFUME ARABE,,VULCAN FEU,UNISSEX,100 ML,,1,113.0,439.9,https://drive.google.com/uc?export=view&id=1ukQALdVSpwtqN67pE4txzpnEgieMm4iL
PERF018,,PERFUME ARABE,,TERIAQ,FEMININO,100 ML,,1,164.0,439.9,https://drive.google.com/uc?export=view&id=1IvmaxmMGZfeyGsd8nVwXEK415Piwfz6k
PERF019,,PERFUME ARABE,,SABAH AL WARD SUGAR,FEMININO,100 ML,,1,113.0,349.9,https://drive.google.com/uc?export=view&id=1_8ntMc5tGrXe3mzGPafCbEP_tMrh2R8P
PERF020,,PERFUME ARABE,,YARA ROSE,FEMININO,100 ML,,2,128.75,259.0,https://drive.google.com/uc?export=view&id=1E93bB1kfSAdhxBcIr7Cc9IWL-_2kAk-2
PERF021,,PERFUME ARABE,,THARWAH GOLD,FEMININO,100 ML,,1,118.9,399.9,https://drive.google.com/uc?export=view&id=1_Lu85bJ7C0Dr1DizAnEAYXikS9g5KJpM
PERF022,,PERFUME ARABE,,KHANJAR,MASCULINO,85 ML,,1,187.0,439.0,https://drive.google.com/uc?export=view&id=1n-xtjn1IkUIubjHa07lLioy2uQmwd3Z-
PERF023,,PERFUME GRIFE,,VERSACE EROS FLAME,MASCULINO,100 ML,,1,368.76,469.9,https://drive.google.com/uc?export=view&id=1PIg_mGEwzZarQRA4B7O7B1GuODemADQD
PERF024,,PERFUME GRIFE,,HUGO BOSS MAN,MASCULINO,100 ML,,1,247.0,439.0,https://drive.google.com/uc?export=view&id=1ANC0Tokg86Rg4kqgq4-t5xYwcyZt5C0E
JAQ015,,JAQUETA,TOMMY HILFIGER,FORRADA,MASCULINO,P,AZUL,1,460.0,959.9,
CM016,CAC886,CAMISA,TEXAS FARM,MANGA CURTA,MASCULINO,P,XADREZ,1,125.31,275.0,https://drive.google.com/uc?export=view&id=1xFwvonndNxuYA4nzJNnrL0WNK6lPB0sZ
CM017,CAC860,CAMISA,TEXAS FARM,MANGA CURTA,MASCULINO,M,XADREZ,1,125.31,275.0,https://drive.google.com/uc?export=view&id=1unN1X8NpwCq-qWxI5qFl4WarzDweD5jU
CM018,CAC822,CAMISA,TEXAS FARM,MANGA CURTA,MASCULINO,M,XADREZ,1,125.31,275.0,
CM019,CAC855,CAMISA,TEXAS FARM,MANGA CURTA,MASCULINO,G,XADREZ,1,125.31,275.0,https://drive.google.com/uc?export=view&id=15QaFOYhNecrZF-9rW-OfcPn0VjpVl6IZ
CM020,CAC861,CAMISA,TEXAS FARM,MANGA CURTA,MASCULINO,G,XADREZ,1,125.31,275.0,https://drive.google.com/uc?export=view&id=1j7MPEhWrSBoYDHLf0VN8NLJVe4BhwN3S
CM021,CAC895,CAMISA,TEXAS FARM,MANGA CURTA,MASCULINO,GG,XADREZ,1,125.31,275.0,https://drive.google.com/uc?export=view&id=1CMedi0EPyIQ6erooiH_SY6VMUvda1w3n
CM022,CAC896,CAMISA,TEXAS FARM,MANGA CURTA,MASCULINO,GG,XADREZ,1,125.31,275.0,https://drive.google.com/uc?export=view&id=1GEbS0Z_JA4mguUiZTMXaR8ZdocJSEqoz
CM023,CAL598,CAMISA,TEXAS FARM,MANGA LONGA,MASCULINO,GG,XADREZ,1,133.85,295.0,CM023.jpeg
SHORT002,BDS022,SHORT,TEXAS FARM,TACTEL,MASCULINO,P,AZUL MARINHO / VERDE NEON,1,66.41,147.0,https://drive.google.com/uc?export=view&id=1XLD-zxXHl7ShTjv-J5xp9GLDhmLdmlgG
SHORT002,BDS022,SHORT,TEXAS FARM,TACTEL,MASCULINO,M,AZUL MARINHO / VERDE NEON,1,66.41,147.0,https://drive.google.com/uc?export=view&id=1XLD-zxXHl7ShTjv-J5xp9GLDhmLdmlgG
SHORT002,BDS022,SHORT,TEXAS FARM,TACTEL,MASCULINO,G,AZUL MARINHO / VERDE NEON,1,66.41,147.0,https://drive.google.com/uc?export=view&id=1XLD-zxXHl7ShTjv-J5xp9GLDhmLdmlgG
SHORT002,BDS022,SHORT,TEXAS FARM,TACTEL,MASCULINO,GG,AZUL MARINHO / VERDE NEON,1,66.41,147.0,https://drive.google.com/uc?export=view&id=1XLD-zxXHl7ShTjv-J5xp9GLDhmLdmlgG
SHORT002,BDS022,SHORT,TEXAS FARM,TACTEL,MASCULINO,XG,AZUL MARINHO / VERDE NEON,1,66.41,147.0,https://drive.google.com/uc?export=view&id=1XLD-zxXHl7ShTjv-J5xp9GLDhmLdmlgG
SHORT003,BDS022,SHORT,TEXAS FARM,TACTEL,MASCULINO,P,PRETO / AMARELO NEON,1,66.41,147.0,https://drive.google.com/uc?export=view&id=1zRqefIaSPmMvmNCg0lFvKKwRtMKyYo-K
SHORT003,BDS022,SHORT,TEXAS FARM,TACTEL,MASCULINO,M,PRETO / AMARELO NEON,1,66.41,147.0,https://drive.google.com/uc?export=view&id=1zRqefIaSPmMvmNCg0lFvKKwRtMKyYo-K
SHORT003,BDS022,SHORT,TEXAS FARM,TACTEL,MASCULINO,G,PRETO / AMARELO NEON,1,66.41,147.0,https://drive.google.com/uc?export=view&id=1zRqefIaSPmMvmNCg0lFvKKwRtMKyYo-K
SHORT003,BDS022,SHORT,TEXAS FARM,TACTEL,MASCULINO,GG,PRETO / AMARELO NEON,1,66.41,147.0,https://drive.google.com/uc?export=view&id=1zRqefIaSPmMvmNCg0lFvKKwRtMKyYo-K
SHORT003,BDS022,SHORT,TEXAS FARM,TACTEL,MASCULINO,XG,PRETO / AMARELO NEON,1,66.41,147.0,https://drive.google.com/uc?export=view&id=1zRqefIaSPmMvmNCg0lFvKKwRtMKyYo-K
SHORT004,BDS021,SHORT,TEXAS FARM,TACTEL,MASCULINO,P,VERDE FLORESTA,1,66.41,147.0,https://drive.google.com/uc?export=view&id=1qS08uK_0cfnAgE51obMt4OOZ44wImWlm
SHORT004,BDS021,SHORT,TEXAS FARM,TACTEL,MASCULINO,M,VERDE FLORESTA,1,66.41,147.0,https://drive.google.com/uc?export=view&id=1qS08uK_0cfnAgE51obMt4OOZ44wImWlm
SHORT005,BDS023,SHORT,TEXAS FARM,TACTEL,MASCULINO,GG,VERDE MILITAR,1,66.41,147.0,https://drive.google.com/uc?export=view&id=1DDsH_lLVDS2MShHftBhdtN0vEO_XkKRR
SHORT005,BDS023,SHORT,TEXAS FARM,TACTEL,MASCULINO,XG,VERDE MILITAR,1,66.41,147.0,https://drive.google.com/uc?export=view&id=1DDsH_lLVDS2MShHftBhdtN0vEO_XkKRR
SHORT006,BDS022,SHORT,TEXAS FARM,TACTEL,MASCULINO,G,AZUL PETROLEO / LARANJA NEON,1,66.41,147.0,https://drive.google.com/uc?export=view&id=1XM_nMR-HT_1LjenFO33T_Glq_TU36BwJ
SHORT006,BDS022,SHORT,TEXAS FARM,TACTEL,MASCULINO,GG,AZUL PETROLEO / LARANJA NEON,1,66.41,147.0,https://drive.google.com/uc?export=view&id=1XM_nMR-HT_1LjenFO33T_Glq_TU36BwJ
BODY001,BP002,BODY,TEXAS FARM,POLIAMIDA,FEMININO,P,CINZA CHUMBO,1,70.2,155.0,https://drive.google.com/uc?export=view&id=1yohAmTerDYuPqMuiV5mWVH7e10VptclI
BODY001,BP002,BODY,TEXAS FARM,POLIAMIDA,FEMININO,M,CINZA CHUMBO,1,70.2,155.0,https://drive.google.com/uc?export=view&id=1yohAmTerDYuPqMuiV5mWVH7e10VptclI
BODY001,BP002,BODY,TEXAS FARM,POLIAMIDA,FEMININO,G,CINZA CHUMBO,1,70.2,155.0,https://drive.google.com/uc?export=view&id=1yohAmTerDYuPqMuiV5mWVH7e10VptclI
BODY002,BP002,BODY,TEXAS FARM,POLIAMIDA,FEMININO,M,ROSA PINK,1,70.2,155.0,https://drive.google.com/uc?export=view&id=1bhVUdG7qH2DYrS30dhCSGxfXcRaqzqMl
REG005,RT004,REGATA,TEXAS FARM,CANELADA,FEMININO,M,VERDE CHA,1,49.3,110.0,https://drive.google.com/uc?export=view&id=1aHoT8dBWAQOIbZLZiZOlNnT2Y5RVPZ7m
UV001,UVF006,UV50+,TEXAS FARM,MANGA LONGA,FEMININO,P,AMARELO NEON,1,81.61,180.0,https://drive.google.com/uc?export=view&id=1vLDsSF0UufAH7wnXUPHgr8ehPTSntLEn
UV001,UVF006,UV50+,TEXAS FARM,MANGA LONGA,FEMININO,M,AMARELO NEON,1,81.61,180.0,https://drive.google.com/uc?export=view&id=1vLDsSF0UufAH7wnXUPHgr8ehPTSntLEn
UV001,UVF006,UV50+,TEXAS FARM,MANGA LONGA,FEMININO,G,AMARELO NEON,1,81.61,180.0,https://drive.google.com/uc?export=view&id=1vLDsSF0UufAH7wnXUPHgr8ehPTSntLEn
UV002,UVF006,UV50+,TEXAS FARM,MANGA LONGA,FEMININO,M,ROSA PINK / BRANCO,1,81.61,180.0,https://drive.google.com/uc?export=view&id=1C-QqK26cU1XZkgiqvxsPLzH6HKHjS5RA
UV002,UVF006,UV50+,TEXAS FARM,MANGA LONGA,FEMININO,G,ROSA PINK / BRANCO,1,81.61,180.0,https://drive.google.com/uc?export=view&id=1C-QqK26cU1XZkgiqvxsPLzH6HKHjS5RA
UV002,UVF006,UV50+,TEXAS FARM,MANGA LONGA,FEMININO,GG,ROSA PINK / BRANCO,1,81.61,180.0,https://drive.google.com/uc?export=view&id=1C-QqK26cU1XZkgiqvxsPLzH6HKHjS5RA
UV003,UVM001,UV50+,TEXAS FARM,MANGA LONGA,MASCULINO,P,AZUL INDICO / BRANCO,1,81.61,180.0,https://drive.google.com/uc?export=view&id=12-5PJ7xbfk0oPJILq25DhjLp-pg3biDA
UV003,UVM001,UV50+,TEXAS FARM,MANGA LONGA,MASCULINO,M,AZUL INDICO / BRANCO,1,81.61,180.0,https://drive.google.com/uc?export=view&id=12-5PJ7xbfk0oPJILq25DhjLp-pg3biDA
UV003,UVM001,UV50+,TEXAS FARM,MANGA LONGA,MASCULINO,GG,AZUL INDICO / BRANCO,1,81.61,180.0,https://drive.google.com/uc?export=view&id=12-5PJ7xbfk0oPJILq25DhjLp-pg3biDA
1CS005,CM682,CAMISETA,TEXAS FARM,CAMISETA,MASCULINO,P,AZUL ROYAL,1,56.91,125.0,https://drive.google.com/uc?export=view&id=1WP7pKznAGWEV-dkWNchu2kTEx2iK_DPv
1CS006,CM122,CAMISETA,TEXAS FARM,CAMISETA,MASCULINO,P,VERMELHO BORDO,1,56.91,125.0,https://drive.google.com/uc?export=view&id=123RzdHbAm_3-vvxk61Dmhz2mzjWzIEGv
1CS007,CM697,CAMISETA,TEXAS FARM,CAMISETA,MASCULINO,P,PRETO / OFF WHITE,1,56.91,125.0,https://drive.google.com/uc?export=view&id=1LQd5YMGuE2pa-vQK1B9Qsi7bXBayp7e_
1CS008,CM401,CAMISETA,TEXAS FARM,CAMISETA,MASCULINO,P,BRANCO,1,56.91,125.0,https://drive.google.com/uc?export=view&id=1kNWRcntFsdm-GtNf9aDDgH9i9xhunBGs
1CS009,CM136,CAMISETA,TEXAS FARM,CAMISETA,MASCULINO,P,VERMELHO,1,56.91,125.0,https://drive.google.com/uc?export=view&id=1z-X8_oY1uY0k-5DswXKWiEYh4qo_b8Uh
1CS010,CM672,CAMISETA,TEXAS FARM,CAMISETA,MASCULINO,G,BEGE AREIA,1,56.91,125.0,https://drive.google.com/uc?export=view&id=1bV2jeDDJXymodBiP-NeVc06fM66-pHjW
1CS011,CM665,CAMISETA,TEXAS FARM,CAMISETA,MASCULINO,G,BEGE AREIA,1,56.91,125.0,https://drive.google.com/uc?export=view&id=1z1qgcJwHKnDQb4ZN5H-CxIZPB35jGeAu
1CS012,CM674,CAMISETA,TEXAS FARM,CAMISETA,MASCULINO,XG,VERDE BANDEIRA,1,62.61,138.0,https://drive.google.com/uc?export=view&id=1sN9eOmOIEb_brBCvQmdF2e4tpJ8nB4BM
1CS013,CM617,CAMISETA,TEXAS FARM,CAMISETA,MASCULINO,M,PRETO,1,56.91,125.0,https://drive.google.com/uc?export=view&id=1TTWD4ndTx71BYhRdZCVXlisENS9R7YzT
1CS013,CM617,CAMISETA,TEXAS FARM,CAMISETA,MASCULINO,G,PRETO,1,56.91,125.0,https://drive.google.com/uc?export=view&id=1TTWD4ndTx71BYhRdZCVXlisENS9R7YzT
1CS014,CM672,CAMISETA,TEXAS FARM,CAMISETA,MASCULINO,M,OFF WHITE,1,56.91,125.0,https://drive.google.com/uc?export=view&id=1Uy2o7Ns_hq1h6bsDioJZLXO0R9eGSH1R
1CS015,CM573,CAMISETA,TEXAS FARM,CAMISETA,MASCULINO,XG,BRANCO,1,62.61,138.0,https://drive.google.com/uc?export=view&id=1C8njoUYWLdrVrLcfddMMj6Kl8V5xw4EN
1CS016,CM665,CAMISETA,TEXAS FARM,CAMISETA,MASCULINO,M,AZUL ROYAL,1,56.91,125.0,https://drive.google.com/uc?export=view&id=1XciGA-YVafVfntLA30f0dIdHBHDj5uME
1CS017,CM633,CAMISETA,TEXAS FARM,CAMISETA,MASCULINO,G,AZUL BB,1,56.91,125.0,https://drive.google.com/uc?export=view&id=1HNCEtsmtfepKnzRU-sIbJhVfwqGJEn-5
1CS018,CM258,CAMISETA,TEXAS FARM,CAMISETA,MASCULINO,M,CINZA CLARO,1,56.91,125.0,https://drive.google.com/uc?export=view&id=1Tyz4B96jZckop3bw7A6CrgUST9gJtIsY
1CS019,CM630,CAMISETA,TEXAS FARM,CAMISETA,MASCULINO,GG,CINZA CLARO,1,56.91,125.0,https://drive.google.com/uc?export=view&id=1g7MYesFeFIpgzSvSSulBUpbB6QejEeMh
1CS020,CM258,CAMISETA,TEXAS FARM,CAMISETA,MASCULINO,G,VERDE BANDEIRA / OFF,1,62.61,138.0,https://drive.google.com/uc?export=view&id=11hFnHcW8YCoGAsWfGVHH8PyXESgz8IxX
1CS021,CM683,CAMISETA,TEXAS FARM,CAMISETA,MASCULINO,G,VERDE BANDEIRA,1,62.61,138.0,https://drive.google.com/uc?export=view&id=1i6-VqF-JVtav1ohRAgYIZHRSqgVVcFK6
1CS022,CM500,CAMISETA,TEXAS FARM,CAMISETA,MASCULINO,G,OFF WHITE,1,62.61,138.0,https://drive.google.com/uc?export=view&id=17lRIeNlUIajMuVajTWIhyLNtul6Ddy7f
1CS023,CM656,CAMISETA,TEXAS FARM,CAMISETA,MASCULINO,G,MARROM CAPPUCCINO,1,62.61,138.0,https://drive.google.com/uc?export=view&id=1COXtCii11mjVTcpAn782lGdlNgO0In4o
1CS024,CM143,CAMISETA,TEXAS FARM,CAMISETA,MASCULINO,G,AZUL MARINHO / BRANCO,1,62.61,138.0,https://drive.google.com/uc?export=view&id=1yh8uv_eMvC3kPaWywyx6iib9-euz37KI
1CS025,CM633,CAMISETA,TEXAS FARM,CAMISETA,MASCULINO,G,VERDE BANDEIRA,1,62.61,138.0,https://drive.google.com/uc?export=view&id=1fYA73LC3V1qdxmDxvbhIDp0pROCQfaBU
1CS027,CM500,CAMISETA,TEXAS FARM,CAMISETA,MASCULINO,XG,AZUL MARINHO,1,62.61,138.0,https://drive.google.com/uc?export=view&id=1jpvHV2fhbOtjEMQb4jg3-UjlZ0y5WUwU
1CS028,CM684,CAMISETA,TEXAS FARM,CAMISETA,MASCULINO,XG,AZUL MARINHO / OFF,1,62.61,138.0,https://drive.google.com/uc?export=view&id=1lTb8baggDWZFvgjMvSKE3pdRLG5839IK
1CS029,CM575,CAMISETA,TEXAS FARM,CAMISETA,MASCULINO,GG,OFF WHITE,1,56.91,125.0,https://drive.google.com/uc?export=view&id=107nFKIiIw2lZG8e20wHNiPmR2Py-ajs-
1CS030,CM273,CAMISETA,TEXAS FARM,CAMISETA,MASCULINO,GG,AZUL ROYAL,1,56.91,125.0,https://drive.google.com/uc?export=view&id=1is_c3b2mA1Z-Wh4v2FPRIBP2sY5vKPHW
1CS031,CM581,CAMISETA,TEXAS FARM,CAMISETA,MASCULINO,GG,AZUL ROYAL,1,56.91,125.0,https://drive.google.com/uc?export=view&id=1AD6_pc4EojQZUWdbuRnj5_VEYjITAEdq
1CS032,CM583,CAMISETA,TEXAS FARM,CAMISETA,MASCULINO,G,PRETO,1,56.91,125.0,https://drive.google.com/uc?export=view&id=1DmB9kVMVjoEhBspRsQIR9TFWKn2FXxoQ
BN028,,BONE,RICHARDSON,BONE TRADICIONAL TELA,MASCULINO,UN,AZUL / BRANCO,1,60.0,250.0,https://drive.google.com/uc?export=view&id=1JrDMTmhbVUpswEwgqaUpFnZWJyI8WcFb
BN029,,BONE,RICHARDSON,BONE TRADICIONAL TELA,MASCULINO,UN,AZUL / BRANCO / VERMELHO,3,60.0,250.0,https://drive.google.com/uc?export=view&id=1FmZoCIFrziBNkvwEO-YdUHZfA0KGofjW
BN030,,BONE,TSC,BONE TRADICIONAL TELA,MASCULINO,UN,MARROM,1,60.0,250.0,https://drive.google.com/uc?export=view&id=1_WYnnz30gVrdFlG-LaCSj5SJkAveNkVV
BN031,,BONE,CABELAS,BONE TRADICIONAL TELA,MASCULINO,UN,LARANJA,1,60.0,250.0,https://drive.google.com/uc?export=view&id=1LeDLGiSY8FA43bcsj-fbqLD0i78I5nmQ
BN032,,BONE,ARIAT,BONE TRADICIONAL,MASCULINO,UN,VERMELHO,1,60.0,250.0,https://drive.google.com/uc?export=view&id=1Gf4W_5it4R-StI6Yo0-IOdkBrw_AV9VY
BN033,,BONE,ACADEMY,BONE TRADICIONAL TELA,MASCULINO,UN,CAMUFLADO,1,60.0,250.0,https://drive.google.com/uc?export=view&id=1Yt6PuXMmdS1x43GLJFRoDgzGzrcEjgk3
BN034,,BONE,MAGELLAN,BONE TRADICIONAL TELA,MASCULINO,UN,VERDE / PRETO,1,60.0,250.0,https://drive.google.com/uc?export=view&id=1zVYgZ8lZlMnsIWgoZ1gJxZ4E5XXZcGD8
BN035,,BONE,CAVENDER'S,BONE TRADICIONAL TELA,MASCULINO,UN,PRETO / BRANCO,2,60.0,250.0,https://drive.google.com/uc?export=view&id=1FjRAEFxDXMpGOsRe4getLQFbJ65fU5yV
BN036,,BONE,BASS PRO SHOPPS,BONE TRADICIONAL TELA,MASCULINO,UN,AZUL ESCURO,1,60.0,180.0,https://drive.google.com/uc?export=view&id=15Bs1JPu6YbOcGh06MScpLdnfo-8YQEg8
BN037,,BONE,BASS PRO SHOPPS,BONE TRADICIONAL TELA,MASCULINO,UN,CAMUFLADO / PRETO,1,60.0,180.0,https://drive.google.com/uc?export=view&id=1NHY0mxureXe69icsUbimW6Y-QXcdbnTw
BN038,,BONE,BASS PRO SHOPPS,BONE TRADICIONAL TELA,MASCULINO,UN,BRANCO / AMARELO,1,60.0,180.0,https://drive.google.com/uc?export=view&id=1-5weuhudAOtNCcR0Dfbq1BBdYqf2dQsp
BN039,,BONE,BASS PRO SHOPPS,BONE TRADICIONAL TELA,FEMININO,UN,BRANCO / ROSA,1,60.0,180.0,https://drive.google.com/uc?export=view&id=1LXASvdzTQigPYk5Gy6ECe98eZjKCLoTE
BN040,,BONE,BASS PRO SHOPPS,BONE TRADICIONAL TELA,FEMININO,UN,ROSA,1,60.0,180.0,https://drive.google.com/uc?export=view&id=1eIFtuuLiHwajPHwoNjRdzPMDWmjvzVVh
BN041,,BONE,BASS PRO SHOPPS,BONE TRADICIONAL TELA,FEMININO,UN,ROXO,1,60.0,180.0,https://drive.google.com/uc?export=view&id=19qzjdcyvZNGAlFsXYcU3M56VraSZIwER
BN042,,BONE,WRANGLER,BONE TRADICIONAL TELA,MASCULINO,UN,CINZA / VERDE,2,60.0,180.0,https://drive.google.com/uc?export=view&id=195JLAMhzjYG2aoUwSDxHgjS50H4fk65S
BN043,,BONE,WRANGLER,BONE TRADICIONAL TELA,MASCULINO,UN,PRETO / AZUL,1,60.0,180.0,https://drive.google.com/uc?export=view&id=1JiRRDyG-PFkcZZttX5eGMHMvts48098J
BN044,,BONE,USA,BONE TRADICIONAL TELA,MASCULINO,UN,CINZA,3,60.0,180.0,https://drive.google.com/uc?export=view&id=1peBTxtLpdVqLaIIIxsQPpm-B7gZG1Loi
1CS111,,CAMISETA,MAGELLAN,CAMISETA,MASCULINO,2XL,PRETO,1,50.0,150.0,https://drive.google.com/uc?export=view&id=1FG66NX2WLZAIbfo9dUJkm17i6aB1V-vu
1CS112,,CAMISETA,MAGELLAN,CAMISETA,MASCULINO,M,CINZA,1,50.0,150.0,https://drive.google.com/uc?export=view&id=1IGAyVR9kaB56d8pwvKS7iOKWzjMIikF7
1CS113,,CAMISETA,REALTREE,CAMISETA,MASCULINO,P,CINZA,1,50.0,150.0,https://drive.google.com/uc?export=view&id=1v6M-NxaQ6NZMQHP34HpO5FlbDJjYEe3b
1CS114,,CAMISETA,BASS PRO SHOPPS,CAMISETA,MASCULINO,P,CINZA,2,50.0,150.0,https://drive.google.com/uc?export=view&id=1BlyDdDbZhBBZQMbRDPDUYrXg4kf9ULvO
1CS115,,CAMISETA,STATE LIFE,CAMISETA,MASCULINO,P,CINZA,1,50.0,150.0,https://drive.google.com/uc?export=view&id=1g9g4VZkmEcpMD0N1cVM0JFiZabETgpmG
1CS116,,CAMISETA,MAGELLAN,CAMISETA,MASCULINO,2XL,CINZA,1,50.0,150.0,https://drive.google.com/uc?export=view&id=1q63H5xjoxH7oNgLwWhpK7BawX3_NweIL
1CS117,,CAMISETA,MAGELLAN,CAMISETA,MASCULINO,2XL,CINZA,1,50.0,150.0,https://drive.google.com/uc?export=view&id=11SZhKBEQWviVIYoyfFu_jn11k9uTnDd2
1CS118,,CAMISETA,BASS PRO SHOPPS,CAMISETA,MASCULINO,2XL,CINZA,1,50.0,150.0,https://drive.google.com/uc?export=view&id=1YlhWTNgen7sFRgPyO6UxAxKYC8f9f54X
1CS119,,CAMISETA,BASS PRO SHOPPS,CAMISETA,MASCULINO,2XL,AZUL,2,50.0,150.0,https://drive.google.com/uc?export=view&id=1jgpj7dnfP8TLNLH4IHcThYympvKu5E2H
1CS120,,CAMISETA,BASS PRO SHOPPS,CAMISETA,MASCULINO,P,AZUL,1,50.0,150.0,https://drive.google.com/uc?export=view&id=1ppu1zX--QyJ9pdVIMPj6qvJ8ienvYxif
1CS121,,CAMISETA,BASS PRO SHOPPS,CAMISETA,MASCULINO,2XL,CINZA,1,50.0,150.0,https://drive.google.com/uc?export=view&id=1GJ6dqkdIDcpp0o3X-4r8k37-FAmndxKT
1CS122,,CAMISETA,BASS PRO SHOPPS,CAMISETA,MASCULINO,2XL,CINZA,1,50.0,150.0,https://drive.google.com/uc?export=view&id=1_nWaZiKbWwayYg11wrmi7ohiKuRk0pP6
1CS123,,CAMISETA,BASS PRO SHOPPS,CAMISETA,MASCULINO,2XL,CINZA,1,50.0,150.0,https://drive.google.com/uc?export=view&id=15xxhx-H4B3sMAlpaFR0ijIM209wejaXM
1CS124,,CAMISETA,TSC,CAMISETA,MASCULINO,2XL,AZUL,1,50.0,150.0,https://drive.google.com/uc?export=view&id=1I87HOO4GhypMWEuVpowdgMqS6VVT6tEA
1CS125,,CAMISETA,TSC,CAMISETA,MASCULINO,XL,PRETO,1,50.0,150.0,https://drive.google.com/uc?export=view&id=1W94JxfpZv7mUXbzXVJPO_ZNn_ZjJ0dRf
1CS126,,CAMISETA,TSC,CAMISETA,MASCULINO,2XL,PRETO,1,50.0,150.0,https://drive.google.com/uc?export=view&id=1TZbNG8gYEpydCPvCYhAFBA3xQMFYG7vm
1CS127,,CAMISETA,MAGELLAN,CAMISETA,MASCULINO,P,CINZA,1,50.0,150.0,https://drive.google.com/uc?export=view&id=1c5PNwC-1Bgh8HZcAtqiLSr7ooos6LUN3
1CS128,,CAMISETA,MAGELLAN,CAMISETA,MASCULINO,M,CINZA ESCURO,1,50.0,150.0,https://drive.google.com/uc?export=view&id=1uLWSe8BYgsy0xTf_LKXAa5AEnsFg5tC3
1CS129,,CAMISETA,STATE LIFE,CAMISETA,MASCULINO,M,CINZA,1,50.0,150.0,https://drive.google.com/uc?export=view&id=1TVGwiySIDugxaZCkBAA1PBB5Gbp74ptu
1CS130,,CAMISETA,MAGELLAN,CAMISETA,MASCULINO,P,PRETO,1,50.0,150.0,https://drive.google.com/uc?export=view&id=1RdBk8N8ediW2zNOR3jVfmDoqXWXBqX_k
1CS131,,CAMISETA,STATE LIFE,CAMISETA,MASCULINO,P,VERDE,1,50.0,150.0,https://drive.google.com/uc?export=view&id=1VWV3DEt3XrP2Lo9m3AsV6epCGCqXI1MA
1CS132,,CAMISETA,REALTREE,CAMISETA,MASCULINO,2XL,LARANJA,1,50.0,150.0,https://drive.google.com/uc?export=view&id=1kHOWpVU7CLLp34rLMMb_Tz0M1Z4Y6hl-
1CS133,,CAMISETA,WRANGLER,CAMISETA,MASCULINO,M,AZUL,1,50.0,150.0,https://drive.google.com/uc?export=view&id=1Ey-0WZdxwzy6-1XrMkSWEommNrYzltYm
1CS134,,CAMISETA,MAGELLAN,CAMISETA,MASCULINO,M,ROSA,1,50.0,150.0,https://drive.google.com/uc?export=view&id=1_5j420MLgVuS62TO-mUaWLClIkG1LQZ0
1CS135,,CAMISETA,BASS PRO SHOPPS,CAMISETA,MASCULINO,2XL,BRANCO,1,50.0,150.0,https://drive.google.com/uc?export=view&id=1v9e5GgQyAqFMPj25VHpaUGgdGU6Jrokl
1CM083,,CAMISA,WRANGLER,CAMISA MANGA LONGA,MASCULINO,XL,XADREZ,1,100.0,250.0,https://drive.google.com/uc?export=view&id=1oNPTyjSaXSoA_eke8fcJCQzuRBfyZKlm
1CM084,,CAMISA,WRANGLER,CAMISA MANGA LONGA,MASCULINO,XL,XADREZ,1,100.0,250.0,https://drive.google.com/uc?export=view&id=1zeMGavYQRHoUhV4pQ9s2LyTQLGHbV139
TSH001,,TSHIRT,TCB ATACADO,BLUSA ESTAMPAS,FEMININO,UN,PRET0,5,25.0,58.0,https://drive.google.com/uc?export=view&id=1o0GhgvoborVLJoy06RHo7blpfaXoQjuC
CROP001,,CROPPED,TCB ATACADO,CROPPED ESTAMPAS,FEMININO,UN,PRETO,4,23.0,55.0,https://drive.google.com/uc?export=view&id=14r_ImLeTej_cancZdNx5o3ET89KyTZBU
CROP002,,CROPPED,TCB ATACADO,CROPPED ESTAMPAS,FEMININO,UN,OFF,2,23.0,55.0,https://drive.google.com/uc?export=view&id=13DHZ35h_0X2ke4YaedAqdlIurqOJjebC
OVER001,,MAX OVER,TCB ATACADO,CAMISETA OVER ESTAMPAS,FEMININO,UN,PRETO,2,25.0,60.0,https://drive.google.com/uc?export=view&id=1Puu1r2riZtxlM_A1v8pskBa3V0JLQtb2
OVER002,,MAX OVER,TCB ATACADO,CAMISETA OVER ESTAMPAS,FEMININO,UN,OFF,3,25.0,60.0,https://drive.google.com/uc?export=view&id=11_oEq3MYLyQfadj3a4LUAuHTvILv3KsM
REG001,,REGATA,TCB ATACADO,REGATA ESTAMPAS,FEMININO,UN,PRETO,2,18.0,50.0,https://drive.google.com/uc?export=view&id=1vZVNnnTQ4f4i2y_A1i-QKBY-sg6-RQ2k
REG002,,REGATA,TCB ATACADO,REGATA ESTAMPAS,FEMININO,UN,OFF,5,18.0,50.0,https://drive.google.com/uc?export=view&id=1Q6C8ONR912ctJGwUhl9Ao_eq5PWCpe7p
TSH002,,TSHIRT,GOIANIA,CHAPEU WILD WEST,FEMININO,P,MARROM,1,20.0,45.9,https://drive.google.com/uc?export=view&id=1DFs9_5IhXqFnx5hzB_KsYFds0Oz8OGge
TSH003,,TSHIRT,GOIANIA,CAVALO BORDADO,FEMININO,M,MARROM,1,20.0,45.9,https://drive.google.com/uc?export=view&id=1Qve9cbmJhUuAK70W1ZDS-y6jr6h0xArR
TSH004,,TSHIRT,GOIANIA,ESCRITA COWGIRL,FEMININO,M,BEGE,1,20.0,45.9,https://drive.google.com/uc?export=view&id=1It5zdAp5JhKc0xKYD_SUNpj4XSpt0xPE
TSH005,,TSHIRT,GOIANIA,CAMISETA ESTAMPAS,FEMININO,G,TERRACOTA,2,20.0,45.9,https://drive.google.com/uc?export=view&id=1NJdIkNk12tkX6L1ZfHZr5KPmSzeoreIf
TSH006,,TSHIRT,GOIANIA,ESTAMPA TAMBOR,FEMININO,G,BRANCO,1,20.0,45.9,https://drive.google.com/uc?export=view&id=1o0GhgvoborVLJoy06RHo7blpfaXoQjuC
TSH007,,TSHIRT,GOIANIA,ESTAMPA BOTA FLORIDA,FEMININO,G,MARROM,1,20.0,45.9,https://drive.google.com/uc?export=view&id=1XIlpVsP2FakgtDsBM2Xt-fD_s5fuDoC2
TSH008,,TSHIRT,GOIANIA,COWGIRL FERRADURA,FEMININO,GG,MARROM,1,20.0,45.9,https://drive.google.com/uc?export=view&id=1adw570tV3pNXTwCe6irX_BXVvTZW4z3B
TSH009,,TSHIRT,GOIANIA,ESTAMPA TAMBOR,FEMININO,GG,LARANJA,1,20.0,45.9,https://drive.google.com/uc?export=view&id=14KyF75-i7f90KYWNeVNpXlccJW6hABdp
TSH010,,TSHIRT,TOMAHAWK,ESTAMPA GIRL,FEMININO,M,BRANCO,1,40.0,88.0,https://drive.google.com/uc?export=view&id=190NRLJSXiVAC3Rgs4ZnkSGbsxcT31Bi1
CROP003,2035,CROPPED,POWER COUNTRY,BOI DE RODEIO,FEMININO,M,AZUL BB,1,24.9,54.8,https://drive.google.com/uc?export=view&id=1Mi-u4GZdfxWjn_cYJS6YeAbxtIrybVnU
REG003,1822,REGATA,POWER COUNTRY,COWGIRL ESCRITA,FEMININO,M,MARROM,1,24.9,54.8,https://drive.google.com/uc?export=view&id=1eKwbV1sYLujmtLWS5qw5S-NSEQOdk67L
REG004,1930,REGATA,POWER COUNTRY,CORACAO PWC,FEMININO,G,AZUL,1,25.9,54.8,https://drive.google.com/uc?export=view&id=1EJGJxDIKcK2zaF4UNNtv_yVecM1ZgbZT
OVER003,7089,MAX OVER,POWER COUNTRY,ESTAMPA DE BOTA,FEMININO,P,VERMELHA,1,59.9,131.78,https://drive.google.com/uc?export=view&id=1BsoCP4LaIMsgoQA822JgvQHPg1e8JRAW
OVER004,7093,MAX OVER,POWER COUNTRY,ESTAMPA CAVALHEIRO,FEMININO,M,OFF,1,59.9,131.78,https://drive.google.com/uc?export=view&id=1NiuwItMDRhMZaBufoa9EKZ-FTB0BsWw9
OVER005,7095,MAX OVER,POWER COUNTRY,VERIAS BOTAS ESTAMPADAS,FEMININO,G,BEGE,1,59.9,131.78,https://drive.google.com/uc?export=view&id=1Q4cTP-iDDbxGZ0qV2QReQ1TToeNh0aco
VTD001,9504,VESTIDO,POWER COUNTRY,VESTIDO MIDI DE MALHA,FEMININO,P,OFF,1,79.9,175.78,https://drive.google.com/uc?export=view&id=1_xHCu-0nabXh4A6_ByYlhkk_wC2i_5Tm
VTD002,9505,VESTIDO,POWER COUNTRY,MIDI MALHA,FEMININO,GG,PRETO,1,79.9,175.78,https://drive.google.com/uc?export=view&id=1AU-OvlT9GdAC71mqKGfcKqfz-eCTh1sD
CAL007,13M68BM36,CALCA,WRANGLER,JEANS 20X,MASCULINO,48,AZUL ESCURO,1,148.9,327.6,https://drive.google.com/uc?export=view&id=1oSclHUQxf5kxvJIGXw658RE-BtHmDS_n
CAL008,13M68BM36,CALCA,WRANGLER,JEANS 20X,MASCULINO,38,AZUL ESCURO,1,148.9,327.6,https://drive.google.com/uc?export=view&id=1oSclHUQxf5kxvJIGXw658RE-BtHmDS_n
CAL009,13M68BM36,CALCA,WRANGLER,JEANS 20X,MASCULINO,40,AZUL ESCURO,1,148.9,327.6,https://drive.google.com/uc?export=view&id=1oSclHUQxf5kxvJIGXw658RE-BtHmDS_n
CAL010,13MWZDN36,CALCA,WRANGLER,COWBOY CUT,MASCULINO,48,AZUL MEDIO,1,159.9,351.78,https://drive.google.com/uc?export=view&id=1egH3mzwm27JXXJa9U_VE8I4OPy0LwHOp
CAL011,13MWZDN36,CALCA,WRANGLER,COWBOY CUT,MASCULINO,44,AZUL MEDIO,1,159.9,351.78,https://drive.google.com/uc?export=view&id=1egH3mzwm27JXXJa9U_VE8I4OPy0LwHOp
CAL012,13MWZDN36,CALCA,WRANGLER,COWBOY CUT,MASCULINO,46,AZUL MEDIO,1,159.9,351.78,https://drive.google.com/uc?export=view&id=1egH3mzwm27JXXJa9U_VE8I4OPy0LwHOp
CAL013,13MWZDN36,CALCA,WRANGLER,COWBOY CUT,MASCULINO,38,AZUL MEDIO,1,159.9,351.78,https://drive.google.com/uc?export=view&id=1egH3mzwm27JXXJa9U_VE8I4OPy0LwHOp
CAL014,13MWZDN36,CALCA,WRANGLER,COWBOY CUT,MASCULINO,40,AZUL MEDIO,1,159.9,351.78,https://drive.google.com/uc?export=view&id=1egH3mzwm27JXXJa9U_VE8I4OPy0LwHOp
CAL015,13MWZDN36,CALCA,WRANGLER,COWBOY CUT,MASCULINO,42,AZUL MEDIO,1,159.9,351.78,https://drive.google.com/uc?export=view&id=1egH3mzwm27JXXJa9U_VE8I4OPy0LwHOp
CAL016,13MWZRG36,CALCA,WRANGLER,COWBOY CUT,MASCULINO,40,AZUL ESCURO,1,148.9,327.58,https://drive.google.com/uc?export=view&id=1LeMXGxhDGHc9AR-mFzoW_hMAg-BRqRio
CAL017,13MWZRG36,CALCA,WRANGLER,COWBOY CUT,MASCULINO,42,AZUL ESCURO,1,148.9,327.58,https://drive.google.com/uc?export=view&id=1LeMXGxhDGHc9AR-mFzoW_hMAg-BRqRio
CAL018,13MWZRG36,CALCA,WRANGLER,COWBOY CUT,MASCULINO,44,AZUL ESCURO,1,148.9,327.58,https://drive.google.com/uc?export=view&id=1LeMXGxhDGHc9AR-mFzoW_hMAg-BRqRio
CAL019,13MWZRG36,CALCA,WRANGLER,COWBOY CUT,MASCULINO,46,AZUL ESCURO,1,148.9,327.58,https://drive.google.com/uc?export=view&id=1LeMXGxhDGHc9AR-mFzoW_hMAg-BRqRio
CAL020,13MWZRG36,CALCA,WRANGLER,COWBOY CUT,MASCULINO,48,AZUL ESCURO,1,148.9,327.58,https://drive.google.com/uc?export=view&id=1LeMXGxhDGHc9AR-mFzoW_hMAg-BRqRio
CAL021,21M4CHD60,CALCA,WRANGLER,LYCRA BOLSO FALSO,FEMININO,36,AZUL ESCURO,1,144.9,318.78,https://drive.google.com/uc?export=view&id=1tWXtg5ShAlZvcb1OGFEgySQjAux1TXHo
CAL022,21M4CHD60,CALCA,WRANGLER,LYCRA BOLSO FALSO,FEMININO,40,AZUL ESCURO,1,144.9,318.78,https://drive.google.com/uc?export=view&id=1tWXtg5ShAlZvcb1OGFEgySQjAux1TXHo
CAL023,WF5155,CALCA,WRANGLER,LYCRA TRADICIONAL,FEMININO,42,AZUL MARINHO,1,138.9,305.58,https://drive.google.com/uc?export=view&id=1rbGmyA6UzHS_VH0B9QLuwuUBwJvG4adj
CAL024,13W68PW36,CALCA,WRANGLER,JEANS 20X,MASCULINO,44,PRETO AZULADO,1,148.9,327.58,https://drive.google.com/uc?export=view&id=1_viML0mCJWQtQWcQIxaREb04TgWLEOSt
CAL024,13W68PW36,CALCA,WRANGLER,JEANS 20X,MASCULINO,50,PRETO AZULADO,1,148.9,327.58,https://drive.google.com/uc?export=view&id=1_viML0mCJWQtQWcQIxaREb04TgWLEOSt
CAL025,,CALCA,R20,CARGO DE BRILHO,FEMININO,36,BRANCO,1,199.0,437.0,https://drive.google.com/uc?export=view&id=1vQvMfZhPmoNzGPogvr36EQira3lnn6I6
CAL026,,CALCA,R20,CARGO,FEMININO,38,PRETO,1,120.0,264.0,https://drive.google.com/uc?export=view&id=1C7FbDXwH0By2a_1cjuCZyB6sq1QGqc3b
CAL027,,CALCA,TXC,DETALHES EM VERDE NO BOLSO,MASCULINO,44,AZUL,1,90.0,198.0,https://drive.google.com/uc?export=view&id=1b3L63LRervKTCx3wUyMsLpaboeBLTbGI
CAL028,,CALCA,TXC,DETALHES EM VERDE NO BOLSO,MASCULINO,40,AZUL,1,90.0,198.0,https://drive.google.com/uc?export=view&id=1b3L63LRervKTCx3wUyMsLpaboeBLTbGI
CAL029,,CALCA,WRANGLER,TRADICIONAL GOINIA,MASCULINO,48,AZUL CLARO,1,90.0,198.0,https://drive.google.com/uc?export=view&id=1Lobh8LgCAww40oCyeDF3-Bz9mBS6RE9q
CAL030,,CALCA,CINCH,SAWYER,MASCULINO,48,AZUL,1,330.0,726.0,https://drive.google.com/uc?export=view&id=1deX0O-Xy5imuM5O7F8E-kve2YHbe67ql
CAL031,MB98034002-CI,CALCA,CINCH,SILVER LABEL SLIM,MASCULINO,46,AZUL ESCURO,1,330.0,726.0,https://drive.google.com/uc?export=view&id=1DEEmueHwcAv8qJ5ZFZ-YBIKLArft3o6k
ML001,,MOLETOM,TOMAHAWK,COM BOLSO E ESTAMPA,FEMININO,GG,PRETO,1,150.0,330.0,https://drive.google.com/uc?export=view&id=1VQC6P9vLSjaW7oni8Zr_lQronKXGiSH3
CS001,,CAMISETA,TOMAHAWK,MALHA FRICA (ACADEMIA),UNISSEX,G,BRANCO,1,45.0,99.0,https://drive.google.com/uc?export=view&id=1Z0xu3v0-cInNJ5yXIoespCASZwWumGAf
CM010,,CAMISA,TOMAHAWK,MANGA LONGA,MASCULINO,GG,XADREZ,2,119.0,261.8,https://drive.google.com/uc?export=view&id=1c4SreXDCCNh3D0_Xhs8b7Aogta982s2u
CM011,,CAMISA,TOMAHAWK,MANGA CURTA,MASCULINO,G,XADREZ,1,110.0,242.0,https://drive.google.com/uc?export=view&id=1UEOEVhQh4ymSbrfA2nzogYZkthbfS7Ni
CM012,,CAMISA,TOMAHAWK,MANGA CURTA,MASCULINO,G,XADREZ,1,110.0,242.0,https://drive.google.com/uc?export=view&id=1-c_i_VQdWvCB-ocJA39ddWDqIjHkkTuC
CM013,,CAMISA,TOMAHAWK,MANGA LONGA,MASCULINO,XXG,XADREZ,1,119.0,261.8,https://drive.google.com/uc?export=view&id=1O_suFDqeJgfUGIOWmmRO8kOrsHjWWBpH
CM014,,CAMISA,TOMAHAWK,MANGA LONGA,FEMININO,G,ROSA,1,129.0,238.8,https://drive.google.com/uc?export=view&id=1GATJP85nsKpjUio0Va4Yt1AdQHGhO2Sq
CM015,,CAMISA,TEXAS FARM,MANGA CURTA,FEMININO,G,XADREZ,1,112.0,246.4,https://drive.google.com/uc?export=view&id=1ZFRSdMHuO7zsD6iHlA6_QFhoSjynGwkG
CM024,,CAMISA,WRANGLER,MANGA LONGA,MASCULINO,EG,XADREZ,1,147.0,323.4,https://drive.google.com/uc?export=view&id=1pSgG6Pve82uHNpXMiH4QL_Tln4m_aLSc
CM025,,CAMISA,WRANGLER,MANGA LONGA,MASCULINO,EG,XADREZ,1,147.0,323.4,https://drive.google.com/uc?export=view&id=1cZfVcEn2fJwanAE4UypVKq_LgV3afTlu
CM026,,CAMISA,WRANGLER,MANGA LONGA,MASCULINO,EG,XADERZ,1,147.0,323.4,https://drive.google.com/uc?export=view&id=1_69rO9RqQ5nFJZ7PWEuGMV3o-_VDxnen
CM027,,CAMISA,WRANGLER,MANGA LONGA,MASCULINO,EG,XADREZ,1,147.0,323.4,https://drive.google.com/uc?export=view&id=19595MUqIDUCbR81-zYSOrNVc7aRLphni
CM028,,CAMISA,WRANGLER,MANGA LONGA,MASCULINO,P,XADREZ,1,147.0,323.4,https://drive.google.com/uc?export=view&id=1B7f21MYRPDhmosfo3wa3T_JCsXGYEvZZ
CM029,,CAMISA,TXC,MANGA CURTA,MASCULINO,GG,XADREZ,1,90.0,225.0,https://drive.google.com/uc?export=view&id=1ABpF2fq-jfNioqQx_H0No5dqHJjsCpug
CM030,,CAMISA,TXC,MANGA CURTA,MASCULINO,M,XADREZ,1,90.0,225.0,https://drive.google.com/uc?export=view&id=18XxOwruUomc0SKuArJcyF02vkfLZCcxo
CM031,,CAMISA,TXC,MANGA CURTA,MASCULINO,G,XADREZ,1,90.0,225.0,https://drive.google.com/uc?export=view&id=1T0Hfgn7NtcfllE6wZlAHoh16bSwMv_5w
CM032,,CAMISA,TXC,MANGA CURTA,MASCULINO,G,XADREZ,1,90.0,225.0,https://drive.google.com/uc?export=view&id=1Y2nwrRZHpq8IGH5PhDQ4n1r4KXFbXJTa
CM033,,CAMISA,TXC,MANGA CURTA,MASCULINO,G,XADREZ,1,90.0,225.0,https://drive.google.com/uc?export=view&id=1CCYMA8_0damltxaHWWYIopmr5CahYrTk
CM034,,CAMISA,TXC,MANGA CURTA,MASCULINO,P,XADREZ,1,90.0,225.0,https://drive.google.com/uc?export=view&id=1SKYcYBq7WOvGNFdhw4RjpAqQMJVSp-6t
CM035,,CAMISA,TEXANUS,MANGA CURTA,MASCULINO,G,XADREZ,1,90.0,198.0,https://drive.google.com/uc?export=view&id=1K8DSd2zK439kzzNQjMcFw1q9KC11x53y
CM036,,CAMISA,TEXANUS,MANGA CURTA,MASCULINO,PP,XADREZ,1,90.0,198.0,https://drive.google.com/uc?export=view&id=16tLqO3RixQ6mnNxwf4dX8I0BpGhUXSYQ
CM037,,CAMISA,TEXANUS,MANGA CURTA,MASCULINO,P,XADREZ,1,90.0,198.0,https://drive.google.com/uc?export=view&id=1aqNrV0vIrc1rlBWNAH_2hzx4mvw4HQKC
CM038,,CAMISA,TEXANUS,MANGA CURTA,MASCULINO,G,XADREZ,1,90.0,198.0,https://drive.google.com/uc?export=view&id=1kazv8NZNmiyrfzVYhknN9BaiSHXevy3s
CM039,,CAMISA,TEXANUS,MANGA CURTA,MASCULINO,G,XADREZ,1,90.0,198.0,https://drive.google.com/uc?export=view&id=199bQU0ypcIa5Xc_PRjzMe4KK_wY3Y2u6
CM040,,CAMISA,TEXANUS,MANGA CURTA,MASCULINO,G,XADREZ,1,90.0,198.0,https://drive.google.com/uc?export=view&id=1hv1jFx7EEtRpDNqhfKDffoyAdyodJcY4
CM041,,CAMISA,TEXANUS,MANGA LONGA,MASCULINO,G,XADREZ,1,95.0,209.0,https://drive.google.com/uc?export=view&id=1GYVPQjDV-_0D2Vp6Xq4UhClMfBUl69kN
CM042,,CAMISA,TEXANUS,MANGA LONGA,MASCULINO,G,XADREZ,1,95.0,209.0,https://drive.google.com/uc?export=view&id=1EKEusd9M3Mabz8xD16NVeUJ7B1K9p3Zf
CM043,,CAMISA,TEXANUS,MANGA LONGA,MASCULINO,P,XADREZ,1,95.0,209.0,https://drive.google.com/uc?export=view&id=1G4GHyLoJUELuY5sbkOWYA06AzZMJ_23A
CM044,,CAMISA,TEXANUS,MANGA LONGA,MASCULINO,M,XADREZ,1,95.0,209.0,https://drive.google.com/uc?export=view&id=1BNrGkKDdN_HZZTrc8QHC-hPYmq3B_L31
CM045,,CAMISA,TEXANUS,MANGA LONGA,MASCULINO,P,XADREZ,1,95.0,209.0,https://drive.google.com/uc?export=view&id=1I1Ths_Jzhrv-dpANd3VRnv8GGU9iHYJ0
CM046,,CAMISA,COUNTRY LAND,MANGA LONGA,MASCULINO,P,XADREZ,1,95.0,210.0,https://drive.google.com/uc?export=view&id=1T6S18JYMz4mvz2roXnLAuiplytGG7iwg
CM047,,CAMISA,COUNTRY LAND,MANGA LONGA,MASCULINO,G,XADREZ,1,95.0,210.0,https://drive.google.com/uc?export=view&id=1OIohOmcMxyJ-rOAVJktaFaWoUCHLPglj
CM048,,CAMISA,COUNTRY LAND,MANGA CURTA,MASCULINO,GG,XADREZ,1,99.0,217.0,https://drive.google.com/uc?export=view&id=1a6IJD1yNirtInXC7LkV8r3m3zue3EBUd
CM049,,CAMISA,COUNTRY LAND,MANGA CURTA,MASCULINO,P,XADREZ,1,99.0,217.0,https://drive.google.com/uc?export=view&id=1bfiSDGaA8NR2DFtUOW-vrYkyLBGtl2nw
CM050,,CAMISA,COUNTRY LAND,MANGA CURTA,MASCULINO,P,XADREZ,1,99.0,217.0,https://drive.google.com/uc?export=view&id=1uiZEm4mWS-yoIvP5Lx1CZgq64oecEgFR
CM051,,CAMISA,COUNTRY LAND,MANGA CURTA,MASCULINO,M,XADREZ,1,99.0,217.0,https://drive.google.com/uc?export=view&id=1m_3-JZtXcTbBD1y0d1jmmJUNVgHib_yO
CM052,,CAMISA,COUNTRY LAND,MANGA CURTA,MASCULINO,M,XADREZ,1,99.0,217.0,https://drive.google.com/uc?export=view&id=1WYK6j6B5wjwxpzIs7_lj0OK1LEIc6dFu
CM053,,CAMISA,TOMAHAWK,MANGA CURTA,MASCULINO,GG,XADREZ,1,109.0,239.8,https://drive.google.com/uc?export=view&id=1tbweAWtMXVtCBpUTMk1GSR_XQ-nTf1M5
CM054,CAC819-LOTAD-1663,CAMISA,TEXAS FARM,MANGA CURTA,MASCULINO,M,XADREZ,1,125.31,275.8,https://drive.google.com/uc?export=view&id=1smFcp9JTtd8yM0Y_NP-0nf41rjAellDc
CM055,CAC838-LOTAD-1743,CAMISA,TEXAS FARM,MANGA CURTA,MASCULINO,P,XADREZ,1,125.31,275.8,https://drive.google.com/uc?export=view&id=1EeTHF3E7Ccs8V17Pr3WFW2__1nN3Ezq2
CM056,CAC835-LOTAD-1663,CAMISA,TEXAS FARM,MANGA CURTA,MASCULINO,M,XADREZ,1,125.31,275.8,https://drive.google.com/uc?export=view&id=1mI8n-HnxUGOdFw8w494PCd9-h3bHaM4h
CM057,CAC839-LOTED-1663,CAMISA,TEXAS FARM,MANGA CURTA,MASCULINO,GG,XADREZ,1,125.31,275.8,https://drive.google.com/uc?export=view&id=1re8EKWNEYUnjd0V4QlWvmBh8T__RkG87
CM058,,CAMISA,TOMAHAWK,MANGA LONGA,MASCULINO,XXG,XADREZ,1,99.0,217.0,https://drive.google.com/uc?export=view&id=1re8EKWNEYUnjd0V4QlWvmBh8T__RkG87
CS018,,CAMISETA,CALVIN KLEIN,ESCRITA CK,MASCULINO,XG,AZUL,1,151.2,302.5,https://drive.google.com/uc?export=view&id=1TutMdq_-0SdZViOYp6ULM1ZrTy3SuTbK
CS019,,CAMISETA,CALVIN KLEIN,ESCRITA CK,MASCULINO,GG,BORDO,1,151.2,302.5,https://drive.google.com/uc?export=view&id=1UYx5698EGxiXBlsysuu6vMivWGPBagCt
CS020,,CAMISETA,CALVIN KLEIN,ESCRITA CK,MASCULINO,GG,CINZA,1,129.6,259.2,https://drive.google.com/uc?export=view&id=1aEDZ0R55t_kWHTHRCosoz371M0dfC7IH
CS021,,CAMISETA,CALVIN KLEIN,LISA,MASCULINO,GG,AZUL,1,151.2,302.5,https://drive.google.com/uc?export=view&id=1CuKF-OgMpde4p6QkbzxjRkuatrzlIZHK
CS022,,CAMISETA,CALVIN KLEIN,LISA,MASCULINO,GG,BEGE,1,143.65,287.28,https://drive.google.com/uc?export=view&id=1VuA-Y1pcN9zKUVE-HJuqpNxKRbCbGhdb
CS023,,CAMISETA,CALVIN KLEIN,LISA,MASCULINO,M,AMARELA,1,162.55,325.0,https://drive.google.com/uc?export=view&id=1HJGTAMEjETvYLmjA_S5gEZvcG1ptetiZ
CS024,,CAMISETA,CALVIN KLEIN,ESCRITA CK,MASCULINO,XG,VERMELHA,1,129.6,259.2,https://drive.google.com/uc?export=view&id=1tgKYMPFLHIv3h6_4VDcopf_oyqTsX6fW
CS025,,CAMISETA,CALVIN KLEIN,ESCRITA CK,MASCULINO,XG,AZUL CLARO,1,170.0,340.2,https://drive.google.com/uc?export=view&id=1yrW0G5BdGqPkZhnjpdQ-clT1sUpJjC3e
CS026,,CAMISETA,CALVIN KLEIN,ESCRITA CK,MASCULINO,GG,VERMELHA VINHO,1,151.2,302.5,https://drive.google.com/uc?export=view&id=1z7-B7yahUvW6lyKyegXOK_Au3lxuiusu
CS027,,CAMISETA,CALVIN KLEIN,ESCRITA CK,MASCULINO,P,CINZA,1,129.6,259.2,https://drive.google.com/uc?export=view&id=16W5aAGo5PIdxF04dl0c1_AExJhAoOVi7
CS028,,CAMISETA,CALVIN KLEIN,ESCRITA CK,MASCULINO,M,VERDE,1,147.41,294.9,https://drive.google.com/uc?export=view&id=1ligzY6teOCVAF52wHpgDKYqDuePjtWxN
CS029,,CAMISETA,CALVIN KLEIN,LISA,MASCULINO,P,VERDE,1,151.2,302.4,https://drive.google.com/uc?export=view&id=1kWHk4x06nSGKlJdjN17hYIhADgLkJcXA
CS030,,CAMISETA,CALVIN KLEIN,ESCRITA CK,MASCULINO,G,OFF,1,170.0,340.0,https://drive.google.com/uc?export=view&id=1IkHF5HviEMDCfr8KWxPMxjYw6jO_e4y9
CS031,,CAMISETA,CALVIN KLEIN,LISA,MASCULINO,G,CINZA,1,162.54,325.0,https://drive.google.com/uc?export=view&id=1392n538gZg2CxCgc9amLZGdWWyehUF6C
CS032,,CAMISETA,CALVIN KLEIN,CK,MASCULINO,G,VERDE,1,147.42,294.84,https://drive.google.com/uc?export=view&id=1tL7nF_kPlg_l8F1BOcpjXgAwRe6Jph7K
CS033,,CAMISETA,CALVIN KLEIN,ESCRITA CK,MASCULINO,G,AZUL BB,1,170.0,340.2,https://drive.google.com/uc?export=view&id=1wsEiTWHQyXvHzCDu5o-vnBS2VVlqr6yh
CS034,,CAMISETA,CALVIN KLEIN,LISA,MASCULINO,G,VERMELHO BORDO,1,147.41,294.9,https://drive.google.com/uc?export=view&id=1IHJkSzUtk3cJpR4hu4uQ1epVjHS3_wgq
CS035,,CAMISETA,CALVIN KLEIN,ESCRITA CK,MASCULINO,P,VINHO,1,170.0,340.2,https://drive.google.com/uc?export=view&id=1-nLKd4Yz2rx-QonQB6p_3bG6yfbbkFx3
CS036,,CAMISETA,TOMAHAWK,LISA,MASCULINO,M,PRETO,1,70.0,175.0,https://drive.google.com/uc?export=view&id=1Reh0alA7OdSGLXudNHfadm2dqtevfsch
CS037,,CAMISETA,KZN,LISA,MASCULINO,M,AZUL,1,35.0,75.0,https://drive.google.com/uc?export=view&id=1nM304DlGuCAtZPxEMqQf1LS_zVH46Hnp
CS038,,CAMISETA,TEXANUS,ESCRITA TXA,MASCULINO,M,PRETO,1,45.0,112.0,https://drive.google.com/uc?export=view&id=1M28SmzNGaEUaIXD6NFvN_7pToiCb3f-O
CS039,,CAMISETA,TEXANUS,ESCRITA,MASCULINO,P,AZUL CLARO,1,35.0,87.5,
CS040,,CAMISETA,ULTRA JEANS,ESTAMPADA,MASCULINO,P,CINZA,1,30.0,75.0,https://drive.google.com/uc?export=view&id=1Adb08wdlMSFHx8Dgswo1arRJ0ebp73BU
CS041,,CAMISETA,KZN,LISA,MASCULINO,P,VERDE PISCINA,1,35.0,75.0,https://drive.google.com/uc?export=view&id=1162IqXvoxroZmS-WsqzqwJ-wXFHT36UK
CS042,,CAMISETA,KZN,ESTAMPA TRATOR,MASCULINO,GG,AZUL ESCURO,1,35.0,75.0,https://drive.google.com/uc?export=view&id=1931koCdusXLUwJNi5uRYLnB5sadTOF-c
CS043,,CAMISETA,TEXANUS,ESCRITA TEXANUS,MASCULINO,G,CINZA ESCURO,1,35.0,87.5,https://drive.google.com/uc?export=view&id=1k5P17k_dzaxgYMVF2JF3hvxhinDaNgSg
CS044,,CAMISETA,ULTRA JEANS,ESCRITA ULTRA,MASCULINO,G,SALMAO,1,30.0,75.0,https://drive.google.com/uc?export=view&id=1c3v3v18wtpVno0B_EJl3R5fEFnsxyGEu
CS045,,CAMISETA,TOMMY HILFIGER,LISA,MASCULINO,XG,BEGE,1,130.58,288.9,https://drive.google.com/uc?export=view&id=1RUuviWTV_PdQ9it8lq94XqzgxxmpQSiF
CS046,,CAMISETA,TOMMY HILFIGER,LISA,MASCULINO,GG,VERDE BANDEIRA,1,130.58,288.9,https://drive.google.com/uc?export=view&id=15ydYDNN91JXARgp1WsJSb7Thb-Phz3CB
CS047,,CAMISETA,TOMMY HILFIGER,LISA,MASCULINO,GG,PRETO,1,130.58,288.9,https://drive.google.com/uc?export=view&id=1NywFw0mtL0rspO8AmT9ZHa_8V24A0oUs
CS048,,CAMISETA,TOMMY HILFIGER,LISA,MASCULINO,M,CINZA,1,130.58,288.9,https://drive.google.com/uc?export=view&id=1Dr-tv9FyexI2jjWH5hW3rj98DTfgkNoL
CS049,,CAMISETA,TOMMY HILFIGER,ESTAMPA TIGRE,MASCULINO,P,AZUL ESURA,1,152.9,336.6,https://drive.google.com/uc?export=view&id=1BMgNKgvxd9taFtxjRrHh1tvOnovfM5g0
CS050,,CAMISETA,TOMMY HILFIGER,LISA,MASCULINO,G,PRETO,1,164.16,361.16,https://drive.google.com/uc?export=view&id=1oK5Gyy8aHAzXjnQW3J7Coj4yTlYzcNE-
CS051,,CAMISETA,TOMMY HILFIGER,ESTAMPA ESCRITA,MASCULINO,GG,AZUL ESCURO,1,167.89,369.4,https://drive.google.com/uc?export=view&id=1PAWnE81Fk5iEKP4ezRLeAZdwmhgPKPBC
CS052,,CAMISETA,TOMAHAWK,POLO,MASCULINO,GG,AZUL,1,80.0,176.0,
CS053,,CAMISETA,TOMAHAWK,POLO,MASCULINO,XXG,VERMELHA,1,80.0,176.0,https://drive.google.com/uc?export=view&id=1MHNrE_TQYnd-YbJFESSi3jcwlTHjLAqQ
CS054,,CAMISETA,TXN,POLO,MASCULINO,P,AZUL ESCURO,1,58.0,136.0,https://drive.google.com/uc?export=view&id=15T1C-ib_2DKO9sweYkH__cXQUmEgWtQF
TSH011,,TSHIRT,GOIANIA,FERRADURA BOTA,FEMININO,GG,PRETO,1,20.0,45.9,https://drive.google.com/uc?export=view&id=1kNx3WbYrHws9EWGnwBDP1EkQccuuoAcr
CS055,,CAMISETA,TOMMY HILFIGER,LISA,MASCULINO,P,VERDE BANDEIRA,1,164.16,361.2,https://drive.google.com/uc?export=view&id=11FNM9w1lJaqeUStxfFRQwacYCdIBWvAf
CS056,,CAMISETA,TOMMY HILFIGER,FEIXA BRANCA,MASCULINO,GG,AZUL E BRANCO,1,149.24,328.32,https://drive.google.com/uc?export=view&id=1lGe9yEuLhBFcGw8YN0LJXlmJTT1aHc0u
CS057,WM5757AJ,CAMISETA,WRANGLER,BANDEIRA EUA,MASCULINO,M,AZUL,1,58.1,145.25,https://drive.google.com/uc?export=view&id=1GK4YDobxB_x4Ftf_QheAKRX8ha8zSOlZ
CS058,WM5756AP,CAMISETA,WRANGLER,ESCRITA AMARELA,MASCULINO,G,AZUL,1,58.1,145.25,https://drive.google.com/uc?export=view&id=1lt7Qa4z3ewbgTyDWpr6koZzfIRNVIzsT
CS059,WM5530BE,CAMISETA,WRANGLER,ESCRITA,MASCULINO,GG,BEGE,1,58.1,145.25,https://drive.google.com/uc?export=view&id=16wspDCbZnZt9y9_z-8EuCXYH2qQz6FoJ
CS060,,CAMISETA,TEXAS FARM,POLO,MASCULINO,G,VINHO,1,85.4,187.88,https://drive.google.com/uc?export=view&id=1wbZNpWTBmTlCVTeE2jR0YQIcnRernDkw
CS061,,CAMISETA,TEXAS FARM,POLO,MASCULINO,GG,BRANCO,1,85.4,187.88,https://drive.google.com/uc?export=view&id=1g6W4DYO6WdE6sUpKJuQNQ4UILWjrf62b
CS062,,CAMISETA,TXN,POLO,MASCULINO,GG,BRANCO,1,50.0,125.0,https://drive.google.com/uc?export=view&id=1cdNFcO74176siWt5dp9NUxlhEMDHXxVW
CM063,4251G,CAMISETA,AUSTIN,BASICA,MASCULINO,G,LARANJA,1,64.9,162.25,https://drive.google.com/uc?export=view&id=1nwAVHaCF_1pTq7JY_CUjr-Jb-ScsUDfP
CS064,4251GG,CAMISETA,AUSTIN,BASICA,MASCULINO,GG,VERDE ESCURO,1,64.9,162.25,https://drive.google.com/uc?export=view&id=1EJpn9HhF-jmkonqDWGSio0_O49yUgcyw
CS065,4251GG,CAMISETA,AUSTIN,BASICA,MASCULINO,GG,AMARELA,1,64.9,162.21,https://drive.google.com/uc?export=view&id=1fgHPLfD-TxeC5fo82k94ibVCd_OcJiVq
CS066,4251GG,CAMISETA,AUSTIN,BASICA,MASCULINO,GG,PRETO,1,64.9,162.61,https://drive.google.com/uc?export=view&id=1A1PMyC29tskO97eWpLkIMJ1h5bGgIMQ3
CS067,4251G,CAMISETA,AUSTIN,BASICA,MASCULINO,G,PRETO,1,64.9,162.61,https://drive.google.com/uc?export=view&id=1A1PMyC29tskO97eWpLkIMJ1h5bGgIMQ3
CS068,4251M,CAMISETA,AUSTIN,BASICA,MASCULINO,M,AMARELA,1,64.9,162.61,https://drive.google.com/uc?export=view&id=188UwBFhXGQa6kM4YTbdlek_Vm9pTCSIb
CS069,4251P,CAMISETA,AUSTIN,BASICA,MASCULINO,P,AZUL CLARA,1,64.9,162.61,https://drive.google.com/uc?export=view&id=186OO-FXxIrBTb_o05rcIbLM2veSjv71M
CS070,425157,CAMISETA,AUSTIN,BASICA,MASCULINO,G,VERDE BANDEITA,1,69.9,174.75,https://drive.google.com/uc?export=view&id=1K_iMvB6uiBD1-gW2Y9mnqZEq0zwWKRQ5
CS071,425156,CAMISETA,AUSTIN,BASICA,MASCULINO,G,AMARELA,1,69.9,174.75,https://drive.google.com/uc?export=view&id=1OrBKgVLD4wjI2wGUr2XeUg5legUEsBjs
CS072,4801P,CAMISETA,AUSTIN,BORDADA,MASCULINO,P,BRANCO,1,84.9,186.78,https://drive.google.com/uc?export=view&id=1ohlxyab6FWmay7Dy4x6-Lixa6MbwKV6l
CS073,4801GG,CAMISETA,AUSTIN,BORDADA,MASCULINO,GG,OFF,1,84.9,186.78,https://drive.google.com/uc?export=view&id=1WeTXuRidvWisN-wDJw71lVEfZ512KfAL
CS074,4801142,CAMISETA,AUSTIN,BORDADA,MASCULINO,XXG,VERDE,1,99.9,219.78,
BOL001,,BOLSA,FAZENDA DECOR,BUZIOS,FEMININO,UN,PELO,2,429.0,799.0,https://drive.google.com/uc?export=view&id=1AWD_jAd4QVBcvT3X7fZq70AF3ym1M7lb
BOL002,,BOLSA,FAZENDA DECOR,CULTCH LUA,FEMININO,UN,PELO,3,299.0,599.0,https://drive.google.com/uc?export=view&id=111sSozapsluafdIL3pzBrjB8uiZvMjGe
BOL003,,BOLSA,FAZENDA DECOR,CANOAS,FEMININO,UN,PELO,1,379.0,699.0,https://drive.google.com/uc?export=view&id=1jkCpOZgp9kuZ9m46POdwIaMfxjtIzL7a
BOL004,,BOLSA,FAZENDA DECOR,CAMBURIU,FEMININO,UN,PELO,2,499.0,899.0,https://drive.google.com/uc?export=view&id=12ebk7G8O3h8TAPi2j5MsyOJ-uhvcClc6
BOL005,,BOLSA,FAZENDA DECOR,TABACOF,FEMININO,UN,PELO,2,369.0,599.0,https://drive.google.com/uc?export=view&id=1rIEtuaKDaFOQOGiOivRuALfxSdWOTasX
BOL006,B2305,BOLSA,GOYAZES,PEDRAS TURQUESA,FEMININO,UN,COURO,1,492.0,1082.2,https://drive.google.com/uc?export=view&id=1gnnPMKc9W9V5ePO5wTNyizm-lxZg5win
BOL007,B2506-6,BOLSA,GOYAZES,BRANCA E ROSA,FEMININO,UN,COURO,1,521.0,1146.0,https://drive.google.com/uc?export=view&id=13BoUEcP3JIMDFRgHKJZiclUg79LDljb3
BOL008,B2403-2,BOLSA,GOYAZES,LATERAL MARROM,FEMININO,UN,COURO,1,510.0,1112.0,https://drive.google.com/uc?export=view&id=1DXeF48G0rvUqZHOW6E08T9cIdc2y2iWk
BOL009,B02512-3,BOLSA,GOYAZES,FERRADURA,FEMININO,UN,COURO,1,860.0,1160.0,https://drive.google.com/uc?export=view&id=1CYZiwLLQwlgHaQmykVzvmLkE3ohbCpEE
FL001,,FIVELA,RENATA MARTINO,ACESSORIO,FEMININO,UN,PRATA,3,10.0,25.0,https://drive.google.com/uc?export=view&id=1LCqLqlKQ_kxP4KAB2Cr4394LOsN7yvk_
FL002,,FIVELA,RENATA MARTINO,ACESSORIO,FEMININO,UN,DOURADO,3,10.0,25.0,https://drive.google.com/uc?export=view&id=1LCqLqlKQ_kxP4KAB2Cr4394LOsN7yvk_
COLAR001,,COLAR,RENATA MARTINO,GRAVATA CAVALO,FEMININO,UN,PRETO,2,15.0,37.5,https://drive.google.com/uc?export=view&id=1OvRClXBRk-NyvYbWl1CXDWaakYLNkLgK
COLAR002,,COLAR,RENATA MARTINO,GRAVATA CAVALO,FEMININO,UN,MARROM,2,15.0,37.5,https://drive.google.com/uc?export=view&id=113Tq1-b38emEvSnfitQJsvYVilAsVvZ4
COLAR003,,COLAR,RENATA MARTINO,GRAVATA,FEMININO,UN,PRETO,2,15.0,37.5,https://drive.google.com/uc?export=view&id=1dBgqngdbMbPlg-enoUg2fCwGxTiJ4rQm
COLAR004,,COLAR,RENATA MARTINO,GRAVATA,FEMININO,UN,MARROM,2,15.0,37.5,https://drive.google.com/uc?export=view&id=1JnJFl-LoMWeFLy9QwQmzpNwU7CKiqcFa
COLAR005,,COLAR,RENATA MARTINO,GRAVATA FERRADURA,FEMININO,UN,MARROM,1,15.0,37.5,https://drive.google.com/uc?export=view&id=1GnJ3OWyg_3pOtm8EZirSW4rno7ZlOfAs
CINTO020,,CINTO,RENATA MARTINO,FIVELAS,FEMININO,UN,DOURADO,3,25.0,62.5,https://drive.google.com/uc?export=view&id=1KmgtFIb-9XhUdLFqOPm7DqzfBSB873TB
CINTO021,,CINTO,RENATA MARTINO,FIVELAS,FEMININO,UN,PRATA,2,25.0,62.5,https://drive.google.com/uc?export=view&id=11-rzzS0ycHOzPiRpwWD6uGeE_GFRAU5R
LENÇO001,,LENÇO,RENATA MARTINO,ESTAMPAS,FEMININO,G,ESTAMPAS,7,25.0,65.0,https://drive.google.com/uc?export=view&id=1qy1PZs7FbWxUAj6inwa2kAAAxE6eOg90
LENÇO002,,LENÇO,RENATA MARTINO,ESTAMPAS,FEMININO,P,ESTAMPAS,5,20.0,50.0,https://drive.google.com/uc?export=view&id=1O_dq1sk1GppGDxerExf0247Tt8J7WmxE
BOT032,245401,BOTA,GOYAZES,"BICO FINO, CANO CURTO",FEMININO,34,MARROM,1,582.0,1280.0,https://drive.google.com/uc?export=view&id=1G-E4hMTg_v1vnowrkY7SZQhZl5z76sjU
BOT033,245401,BOTA,GOYAZES,"BICO FINO, CANO CURTO",FEMININO,35,MARROM,1,582.0,1280.0,https://drive.google.com/uc?export=view&id=1G-E4hMTg_v1vnowrkY7SZQhZl5z76sjU
BOT034,245401,BOTA,GOYAZES,"BICO FINO, CANO CURTO",FEMININO,38,MARROM,1,582.0,1280.0,https://drive.google.com/uc?export=view&id=1G-E4hMTg_v1vnowrkY7SZQhZl5z76sjU
BOT035,251507,BOTA,GOYAZES,"BICO FINO, CANO CURTO",FEMININO,34,PRETO,1,536.0,1179.2,https://drive.google.com/uc?export=view&id=1DZppKPR1WTZWMlbj2uiBwlKjH9S6Uxle
BOT036,251507,BOTA,GOYAZES,"BICO FINO, CANO CURTO",FEMININO,35,PRETO,1,536.0,1179.2,https://drive.google.com/uc?export=view&id=1DZppKPR1WTZWMlbj2uiBwlKjH9S6Uxle
BOT037,251507,BOTA,GOYAZES,"BICO FINO, CANO CURTO",FEMININO,37,PRETO,1,536.0,1179.2,https://drive.google.com/uc?export=view&id=1DZppKPR1WTZWMlbj2uiBwlKjH9S6Uxle
CINTO023,91690,CINTO,PAUL WESTER,BASICO,UNISSEX,90,MARROM,2,74.9,164.8,https://drive.google.com/uc?export=view&id=1y7mVVuquUtioSGpUjFRBaCYx6B3Ohs_L
CINTO024,458105,CINTO,PAUL WESTER,DETALHES TURQUESA,FEMININO,105,MARROM,1,154.9,340.78,https://drive.google.com/uc?export=view&id=1yK3eHHxu-CIHXK-NqsxsiZu1qAooq5tR
CINTO025,6361514207115,CINTO,PAUL WESTER,DETALHES MARROM,UNISSEX,115,PRETO,1,144.9,252.78,https://drive.google.com/uc?export=view&id=1hD44u1zqNkfddFCRy24np-b34AJ8a-wt
CINTO026,916100,CINTO,PAUL WESTER,BASICO,UNISSEX,100,MARROM,2,74.9,164.8,https://drive.google.com/uc?export=view&id=1y7mVVuquUtioSGpUjFRBaCYx6B3Ohs_L
CINTO028,126675,CINTO,PAUL WESTER,FIVELA STRASS,FEMININO,75,MARROM,1,119.9,263.8,https://drive.google.com/uc?export=view&id=1daEOPPh5O6T0wqp91d1zh1N7Y-umLOSJ
CINTO029,636151420780,CINTO,PAUL WESTER,FIVELA STRASS,UNISSEX,80,PRETO,1,144.9,252.78,https://drive.google.com/uc?export=view&id=1hD44u1zqNkfddFCRy24np-b34AJ8a-wt
CINTO030,55880,CINTO,PAUL WESTER,FIVELA STRASS,MASCULINO,80,MARROM,1,69.9,174.75,https://drive.google.com/uc?export=view&id=1NXsg1m3uj9WFtbNn0rRqcP5H_DI6748Q
CINTO031,91695,CINTO,PAUL WESTER,FIVELA STRASS,UNISSEX,95,MARROM,1,74.9,165.0,https://drive.google.com/uc?export=view&id=18tFSMiRAoV99yjuHXdOMw6aMXzgLlpEX
CINTO032,105780,CINTO,PAUL WESTER,FIVELA STRASS,FEMININO,80,PRETO,1,119.9,263.8,https://drive.google.com/uc?export=view&id=1uEWhUWCexxmsbhXgic-YoD1Hmr7Ept-F
CINTO033,4610100,CINTO,PAUL WESTER,FIVELA STRASS,UNISSEX,100,MARROM,1,79.9,175.8,https://drive.google.com/uc?export=view&id=1pLyMQNdVEElkeNzHYoDKk6MwTy3xgsgU
CINTO034,11511100,CINTO,PAUL WESTER,FIVELA STRASS,FEMININO,100,TURQUESA,1,129.9,285.8,https://drive.google.com/uc?export=view&id=1KDnDaLgXRPIVxgJN3aITL2mOEEq5-Lo8
CINTO035,91685,CINTO,PAUL WESTER,FIVELA STRASS,UNISSEX,85,MARROM,1,74.9,165.0,https://drive.google.com/uc?export=view&id=1g29_WqeN-qJsWbD1WMRkFDVXR9mQri1B
CINTO036,556105,CINTO,PAUL WESTER,FIVELA STRASS,MASCULINO,105,MARROM,1,69.9,174.75,https://drive.google.com/uc?export=view&id=1NXsg1m3uj9WFtbNn0rRqcP5H_DI6748Q
CINTO037,636151946110,CINTO,PAUL WESTER,FIVELA STRASS,MASCULINO,100,MARROM,1,204.9,450.7,https://drive.google.com/uc?export=view&id=1Q6ZhB-soxw7fl4gyqTi8Nx8p63R1tWJp
CINTO038,636151946100,CINTO,PAUL WESTER,FIVELA STRASS,MASCULINO,110,MARROM,1,204.9,450.7,https://drive.google.com/uc?export=view&id=1Q6ZhB-soxw7fl4gyqTi8Nx8p63R1tWJp
CINTO039,98790,CINTO,PAUL WESTER,FIVELA STRASS,MASCULINO,90,PRETO,1,299.9,399.9,https://drive.google.com/uc?export=view&id=1ZFaehJlXlbo2MGvRnG_7BFMgLEN7KXTo
CINTO040,91680,CINTO,PAUL WESTER,FIVELA STRASS,MASCULINO,80,MARROM,1,74.9,165.0,https://drive.google.com/uc?export=view&id=18tFSMiRAoV99yjuHXdOMw6aMXzgLlpEX
CINTO041,7461050,CINTO,PAUL WESTER,FIVELA STRASS,UNISSEX,80,PRETO,1,299.9,399.9,https://drive.google.com/uc?export=view&id=1ZFaehJlXlbo2MGvRnG_7BFMgLEN7KXTo
CINTO042,746100,CINTO,PAUL WESTER,FIVELA STRASS,UNISSEX,105,MARROM,1,89.9,197.78,https://drive.google.com/uc?export=view&id=1wBgn9v6JxWgx690QatKhloU38jCi71Fi
CINTO043,665110,CINTO,PAUL WESTER,FIVELA STRASS,UNISSEX,100,MARROM,1,89.9,197.78,https://drive.google.com/uc?export=view&id=1wBgn9v6JxWgx690QatKhloU38jCi71Fi
CINTO044,471085,CINTO,PAUL WESTER,FIVELA STRASS,UNISSEX,85,MARROM,1,79.9,175.8,https://drive.google.com/uc?export=view&id=1pLyMQNdVEElkeNzHYoDKk6MwTy3xgsgU
CINTO045,916100,CINTO,PAUL WESTER,FIVELA STRASS,UNISSEX,100,MARROM,1,89.9,197.78,https://drive.google.com/uc?export=view&id=1wBgn9v6JxWgx690QatKhloU38jCi71Fi
CS085,4801196,CAMISETA,AUSTIN,ESCRITA,MASCULINO,XXL,AZUL,1,99.9,219.78,https://drive.google.com/uc?export=view&id=1UBwKrHxxvFMszsWbbsJoU38K-YeFLPKk
CS086,4801196,CAMISETA,AUSTIN,ESCRITA,MASCULINO,XXL,BRANCO,1,99.9,219.78,https://drive.google.com/uc?export=view&id=1bu10vfdaMiyCxrlyqG-XnmLLsDF4-QbS
CS087,128,CAMISETA,RED MAN,ESCRITA BASICA,MASCULINO,EG,PRETO,1,69.9,153.78,https://drive.google.com/uc?export=view&id=1oB5vJOya5m60KpMNyYSwZRWYPbsiXYVO
CS088,128,CAMISETA,RED MAN,ESCRITA BASICA,MASCULINO,GG,BRANCO,1,69.9,153.78,https://drive.google.com/uc?export=view&id=1TxnsgX9jpT7NTwwR3yNFaQEUoMqML1TN
CS089,128,CAMISETA,RED MAN,ESCRITA BASICA,MASCULINO,P,VERMELHA,1,69.9,153.78,https://drive.google.com/uc?export=view&id=1dcJfXfEHzWZzmW1Ji-zU__9vqxRMytoo
CS090,128,CAMISETA,RED MAN,ESCRITA BASICA,MASCULINO,XG,OFF,1,69.9,153.78,https://drive.google.com/uc?export=view&id=1eH-1KfyzGlG_ilpNkaiZ3RCqJ2XiBAtA
CS091,128,CAMISETA,RED MAN,ESCRITA BASICA,MASCULINO,G,VINHO,1,69.9,153.78,https://drive.google.com/uc?export=view&id=1cBAlIYpjDEYH5a8g7Z3NieNLSzz1jGj_
CS092,128,CAMISETA,RED MAN,ESCRITA BASICA,MASCULINO,G,PRETO,1,69.9,153.78,https://drive.google.com/uc?export=view&id=1awVLlphFNlEe36dUJH1v97ZJYmJrmt8X
CS093,128,CAMISETA,RED MAN,ESCRITA BASICA,MASCULINO,G,TERRACOTA,1,69.9,153.78,https://drive.google.com/uc?export=view&id=1uibQ_0qqnh83KIj4kZwN0wrpyTmeTciW
CS094,128,CAMISETA,RED MAN,ESCRITA BASICA,MASCULINO,GG,PRETO,1,69.9,153.78,https://drive.google.com/uc?export=view&id=1NGCWvefvy-4zwgC2C9NbZUegySsgD073
CS095,128,CAMISETA,RED MAN,ESCRITA BASICA,MASCULINO,GG,CAQUI,1,69.9,153.78,https://drive.google.com/uc?export=view&id=1sZV1GShtNITiQ-4Y5A8cDCXzBqXEaMQe
CS096,128,CAMISETA,RED MAN,ESCRITA BASICA,MASCULINO,GG,AMARELA,1,69.9,153.78,https://drive.google.com/uc?export=view&id=1AYYZUZiWdOdLZkvRgeKkZA_6cxZDp76k
CS097,128,CAMISETA,RED MAN,ESCRITA BASICA,MASCULINO,XG,AZUL,1,69.9,153.78,https://drive.google.com/uc?export=view&id=1mN047LkjBBTh9BkNuUjA8Dna0WlShsMK
CS098,128,CAMISETA,RED MAN,ESCRITA BASICA,MASCULINO,P,AZUL,1,69.9,153.78,https://drive.google.com/uc?export=view&id=1LWxjuWjKr4gXC-qjMrznszlAyF0iD7Bg
CS099,1057,CAMISETA,RED MAN,BORDADA,MASCULINO,XG,BRANCO,1,79.9,175.8,https://drive.google.com/uc?export=view&id=1dMS_-_wEA_DmH3o9bIp2FKdMKachlEY-
CS100,129,CAMISETA,RED MAN,LISA,FEMININO,P,BRANCO,1,59.9,131.8,https://drive.google.com/uc?export=view&id=1A3B__MdJAYOrG0o-XdNx_qyxqI67qR-6
CS101,129,CAMISETA,RED MAN,LISA,MASCULINO,G,AZUL,1,59.9,131.8,https://drive.google.com/uc?export=view&id=1XQbHDO2DeTcNsQr8wTwVEkDTYr32FB77
CS102,129,CAMISETA,RED MAN,LISA,MASCULINO,XG,BRANCO,1,59.9,131.8,https://drive.google.com/uc?export=view&id=1Rg4tLwFSFFK8H5wKxP2iJTwJglQ8GnGV
CS103,129,CAMISETA,RED MAN,LISA,MASCULINO,P,AZUL BB,1,59.9,131.8,https://drive.google.com/uc?export=view&id=1WJLFMx7Rty96eOw8hv1goYqGKTdFtKXp
CS104,129,CAMISETA,RED MAN,LISA,MASCULINO,G,MOSTRARDA,1,59.9,131.8,https://drive.google.com/uc?export=view&id=1U8pbcj7prPxzTWSYvhhQqkaEQjilSEnp
CS105,129,CAMISETA,RED MAN,LISA,MASCULINO,XG,AZUL,1,59.9,131.8,https://drive.google.com/uc?export=view&id=1lSyZl_LqFwCFU964IOtDYg1nnLTYESKJ
CS106,129,CAMISETA,RED MAN,LISA,MASCULINO,GG,BRANCO,1,59.9,131.8,https://drive.google.com/uc?export=view&id=1D-tbaPPbf8CSKakLJAbGHCJsTYLgF2Op
CS107,129,CAMISETA,RED MAN,LISA,MASCULINO,G,BRANCO,1,59.9,131.8,https://drive.google.com/uc?export=view&id=1crHI36Jo9WIXR2vfpmdjVv-KGqbKUXio
CS108,129,CAMISETA,RED MAN,LISA,MASCULINO,M,LARANJA,1,59.9,131.8,https://drive.google.com/uc?export=view&id=1N7BusoHiM9kamIyv5L9rmmioqs48Q_vR
CS109,129,CAMISETA,RED MAN,LISA,MASCULINO,GG,PRETO,1,59.9,131.8,https://drive.google.com/uc?export=view&id=17Jq8MxUJy6Ezp6R0Fe0VvwpKbYtM76k3
REG005,94140010049,REGATA,TEXAS FARM,PENAS,FEMININO,PP,MARROM,1,51.9,114.18,https://drive.google.com/uc?export=view&id=16IJuaJ065m5CNcMFLcbc-__6fFBhlVXm
COL003,,COLETE,TOMAHAWK,PUFFER,UNISSEX,G,CINZA,1,99.99,249.7,https://drive.google.com/uc?export=view&id=1MNHLzrCtnbHAYS9qMQ_yBq7cuWtRYH1d
CS110,4251,CAMISETA,AUSTIN,LISA,MASCULINO,G,LARANJA,1,64.9,162.61,https://drive.google.com/uc?export=view&id=1htn6cegQTA0pxKSu9CtN2PHNFCS3Axzu
TSH014,1312,TSHIRT,RED MAN,LISA,FEMININO,P,ROSA,1,69.9,154.0,https://drive.google.com/uc?export=view&id=1zeVOKxJjjgxhFAWTgaogaM6yUbENs54_
TSH015,1312,TSHIRT,RED MAN,LISA,FEMININO,G,ROSA,1,69.9,154.0,https://drive.google.com/uc?export=view&id=1tsNGZrm7cwGrpA6BRKZtKkf-Zzj_Mj4S
SHORT007,997,SHORT,RED MAN,ESTAMPADO,MASCULINO,GG,VERDE,1,65.0,143.0,https://drive.google.com/uc?export=view&id=1tmpR61ja7ncGIJcbr8Ieh5KOYKLjjkIS
SHORT008,997,SHORT,RED MAN,ESTAMPADO,MASCULINO,M,BRANCO,1,65.0,143.0,https://drive.google.com/uc?export=view&id=1ASZ1KWq-8Dw4BU2rKY3VUKXvOGj0gXzL
SHORT009,997,SHORT,RED MAN,ESTAMPADO,MASCULINO,G,ROSA,1,65.0,143.0,https://drive.google.com/uc?export=view&id=1An2eOXxhsyplbd5qIYGBI3iMkyot9mGI
SHORT010,658,SHORT,RED MAN,LISO,MASCULINO,GG,ROSA,1,65.0,143.0,https://drive.google.com/uc?export=view&id=1yn04Jdk75FlFGsBWkb9lH-Xppn91rpMN
SHORT011,658,SHORT,RED MAN,LISO,MASCULINO,G,PRETO,1,65.0,143.0,https://drive.google.com/uc?export=view&id=1Meol8auhcPqLRsPzK_w-e-sfQugSN-QK
CAL075,,CALCA,TEXAS FARM,JEANS,MASCULINO,42,JEANS,1,100.0,250.0,https://drive.google.com/uc?export=view&id=1o4SLEDrc_JQV942ZEqRuMxRXFlnqfn8Y
CAL076,,CALCA,R20 JEANS,JEANS,FEMININO,38,PRETO,1,100.0,250.0,https://drive.google.com/uc?export=view&id=1o4SLEDrc_JQV942ZEqRuMxRXFlnqfn8Y
CAL077,,CALCA,KING FARM,JEANS,MASCULINO,46,JEANS,1,100.0,250.0,https://drive.google.com/uc?export=view&id=1y0sLeEFfj8_f2FxuIxfqW6OUVf0jJEHh
CAL078,13MWZRG36,CALCA,WRANGLER,JEANS,MASCULINO,46,JEANS,1,175.0,385.0,https://drive.google.com/uc?export=view&id=1cd26IY9IluRNan2OpV7sjLNZrFCAjeyL
CAL79,,CALCA,R20 JEANS,JEANS,FEMININO,40,JEANS,1,100.0,250.0,https://drive.google.com/uc?export=view&id=1_dcPoOgCU7xFnPvgiuqzMuOk3b4or6EA
CAL80,,CALCA,KA ZOON,JEANS,MASCULINO,46,JEANS,1,90.0,200.0,https://drive.google.com/uc?export=view&id=1w3wMrehAQSBVcuDY8HbES53ZBN6RXfX0
CAL81,,CALCA,TEXAS FARM,JEANS,FEMININO,50,JEANS,1,131.0,268.18,https://drive.google.com/uc?export=view&id=1A0meOarJx8s6rs4Y2CvRWyFlx62geGqp
CAL82,13M68BM36UN334,CALCA,WRANGLER,JEANS,MASCULINO,46,JEANS,2,149.9,318.78,https://drive.google.com/uc?export=view&id=1UJVs9CQyhT0uepTczZrUAEEKX32tH7_7
CAL83,13M68BM36UN3158,CALCA,WRANGLER,JEANS,MASCULINO,42,JEANS,1,159.9,351.78,https://drive.google.com/uc?export=view&id=1M3K2BS9ynpCUfNBrIWBmS6k0U-ZoEoLw
CAL084,5965183,CALCA,WRANGLER,JEANS,MASCULINO,38,JEANS,1,159.9,351.78,https://drive.google.com/uc?export=view&id=1BaNzOeD9z5WNkyBATA60FfrDVRdlDh5i
CAL85,13M68BM36UN3156,CALCA,WRANGLER,JEANS,MASCULINO,40,JEANS,1,159.9,351.78,https://drive.google.com/uc?export=view&id=1F8033ZD83Nx80eQgancVeWQSkG2tJmRA
CAL86,13M68BM36UN336,CALCA,WRANGLER,JEANS,MASCULINO,48,JEANS,1,159.9,351.78,https://drive.google.com/uc?export=view&id=1M3K2BS9ynpCUfNBrIWBmS6k0U-ZoEoLw
CAL87,6361513803156,CALCA,WRANGLER,JEANS,MASCULINO,40,JEANS,1,149.9,318.78,https://drive.google.com/uc?export=view&id=1_qmBsQA3x1kkMU3TScTR6bVGxsYE7Len
CAL88,587334,CALCA,WRANGLER,JEANS,MASCULINO,46,JEANS,1,149.9,318.78,https://drive.google.com/uc?export=view&id=17n8Mt-nzPQJ93JhMOYQmKBezopDbcDkk
CAL89,4033156,CALCA,WRANGLER,JEANS,FEMININO,40,JEANS,1,154.9,340.8,https://drive.google.com/uc?export=view&id=17n8Mt-nzPQJ93JhMOYQmKBezopDbcDkk
CAL90,403334,CALCA,WRANGLER,JEANS,FEMININO,44,JEANS,1,154.9,340.8,https://drive.google.com/uc?export=view&id=17n8Mt-nzPQJ93JhMOYQmKBezopDbcDkk
CAL91,4033155,CALCA,WRANGLER,JEANS,FEMININO,38,JEANS,1,154.9,340.8,https://drive.google.com/uc?export=view&id=13wjgHoeVbVu-iUJYHslGPQIJR1D49JmM
CAL92,4033158,CALCA,WRANGLER,JEANS,FEMININO,42,JEANS,1,154.9,340.8,https://drive.google.com/uc?export=view&id=1Pt0g58N38ciq-AiXs6SWFKmPDZ7ahuuD
CAL93,4033154,CALCA,WRANGLER,JEANS,FEMININO,,JEANS,1,154.9,340.8,https://drive.google.com/uc?export=view&id=1VbMjDL1yPHcBTWglSM0esUahTtk84HSo
CAL94,4053158,CALCA,WRANGLER,JEANS,FEMININO,42,JEANS,1,159.9,351.78,https://drive.google.com/uc?export=view&id=1Q4HkXHmhRc-o5DIlVLcbbh1yFLPmaOha
CAL95,636151169334,CALCA,WRANGLER,JEANS,FEMININO,46,JEANS,1,164.9,362.8,https://drive.google.com/uc?export=view&id=1jyZ_paoGqEncTKrUWhbfoV4bGc3pCc-l
BOL010,420023100,BOLSA,GOYAZES,BOLSA FRANJA,FEMININO,UN,PRETO,1,488.25,976.0,https://drive.google.com/uc?export=view&id=1BRVZy5kJHo1AwhW86-GpVRaL8o9N8WPR
BOL11,,BOLSA,FAZENDA DECOR,NECESSAIRE,FEMININO,UN,PELO,2,150.0,330.0,https://drive.google.com/uc?export=view&id=1HrEyPVT_rug8XbtAt5WR8HCQNWMNTPrs
CM085,CMLFO-CL,CAMISA,CLASSIC,XADREZ,MASCULINO,M,LARANJA,1,99.0,247.5,https://drive.google.com/uc?export=view&id=1UnHdzsyIUZLdBwvKbiMeuJg0myo1yJ2F
